  0
SECTION
  2
HEADER
  9
$ACADVER
  1
AC1032
  9
$ACADMAINTVER
 90
       55
  9
$DWGCODEPAGE
  3
ISO8859-1
  9
$LASTSAVEDBY
  1
Shiva
  9
$REQUIREDVERSIONS
160
                 0
  9
$INSBASE
 10
0.0
 20
0.0
 30
0.0
  9
$EXTMIN
 10
1.000000000000000E+20
 20
1.000000000000000E+20
 30
1.000000000000000E+20
  9
$EXTMAX
 10
-1.000000000000000E+20
 20
-1.000000000000000E+20
 30
-1.000000000000000E+20
  9
$LIMMIN
 10
0.0
 20
0.0
  9
$LIMMAX
 10
420.0
 20
297.0
  9
$ORTHOMODE
 70
     0
  9
$REGENMODE
 70
     1
  9
$FILLMODE
 70
     1
  9
$QTEXTMODE
 70
     0
  9
$MIRRTEXT
 70
     1
  9
$LTSCALE
 40
1.0
  9
$ATTMODE
 70
     1
  9
$TEXTSIZE
 40
2.5
  9
$TRACEWID
 40
1.0
  9
$TEXTSTYLE
  7
Standard
  9
$CLAYER
  8
0
  9
$CELTYPE
  6
ByLayer
  9
$CECOLOR
 62
   256
  9
$CELTSCALE
 40
1.0
  9
$DISPSILH
 70
     0
  9
$DIMSCALE
 40
1.0
  9
$DIMASZ
 40
2.5
  9
$DIMEXO
 40
0.625
  9
$DIMDLI
 40
3.75
  9
$DIMRND
 40
0.0
  9
$DIMDLE
 40
0.0
  9
$DIMEXE
 40
1.25
  9
$DIMTP
 40
0.0
  9
$DIMTM
 40
0.0
  9
$DIMTXT
 40
2.5
  9
$DIMCEN
 40
2.5
  9
$DIMTSZ
 40
0.0
  9
$DIMTOL
 70
     0
  9
$DIMLIM
 70
     0
  9
$DIMTIH
 70
     0
  9
$DIMTOH
 70
     0
  9
$DIMSE1
 70
     0
  9
$DIMSE2
 70
     0
  9
$DIMTAD
 70
     1
  9
$DIMZIN
 70
     8
  9
$DIMBLK
  1

  9
$DIMASO
 70
     1
  9
$DIMSHO
 70
     1
  9
$DIMPOST
  1

  9
$DIMAPOST
  1

  9
$DIMALT
 70
     0
  9
$DIMALTD
 70
     3
  9
$DIMALTF
 40
0.03937007874016
  9
$DIMLFAC
 40
1.0
  9
$DIMTOFL
 70
     1
  9
$DIMTVP
 40
0.0
  9
$DIMTIX
 70
     0
  9
$DIMSOXD
 70
     0
  9
$DIMSAH
 70
     0
  9
$DIMBLK1
  1

  9
$DIMBLK2
  1

  9
$DIMSTYLE
  2
ISO-25
  9
$DIMCLRD
 70
     0
  9
$DIMCLRE
 70
     0
  9
$DIMCLRT
 70
     0
  9
$DIMTFAC
 40
1.0
  9
$DIMGAP
 40
0.625
  9
$DIMJUST
 70
     0
  9
$DIMSD1
 70
     0
  9
$DIMSD2
 70
     0
  9
$DIMTOLJ
 70
     0
  9
$DIMTZIN
 70
     8
  9
$DIMALTZ
 70
     0
  9
$DIMALTTZ
 70
     0
  9
$DIMUPT
 70
     0
  9
$DIMDEC
 70
     2
  9
$DIMTDEC
 70
     2
  9
$DIMALTU
 70
     2
  9
$DIMALTTD
 70
     3
  9
$DIMTXSTY
  7
Standard
  9
$DIMAUNIT
 70
     0
  9
$DIMADEC
 70
     0
  9
$DIMALTRND
 40
0.0
  9
$DIMAZIN
 70
     0
  9
$DIMDSEP
 70
    44
  9
$DIMATFIT
 70
     3
  9
$DIMFRAC
 70
     0
  9
$DIMLDRBLK
  1

  9
$DIMLUNIT
 70
     2
  9
$DIMLWD
 70
    -2
  9
$DIMLWE
 70
    -2
  9
$DIMTMOVE
 70
     0
  9
$DIMFXL
 40
1.0
  9
$DIMFXLON
 70
     0
  9
$DIMJOGANG
 40
0.7853981633974483
  9
$DIMTFILL
 70
     0
  9
$DIMTFILLCLR
 70
     0
  9
$DIMARCSYM
 70
     0
  9
$DIMLTYPE
  6

  9
$DIMLTEX1
  6

  9
$DIMLTEX2
  6

  9
$DIMTXTDIRECTION
 70
     0
  9
$LUNITS
 70
     2
  9
$LUPREC
 70
     4
  9
$SKETCHINC
 40
1.0
  9
$FILLETRAD
 40
0.0
  9
$AUNITS
 70
     0
  9
$AUPREC
 70
     0
  9
$MENU
  1
.
  9
$ELEVATION
 40
0.0
  9
$PELEVATION
 40
0.0
  9
$THICKNESS
 40
0.0
  9
$LIMCHECK
 70
     0
  9
$CHAMFERA
 40
0.0
  9
$CHAMFERB
 40
0.0
  9
$CHAMFERC
 40
0.0
  9
$CHAMFERD
 40
0.0
  9
$SKPOLY
 70
     0
  9
$TDCREATE
 40
2461156.840811886
  9
$TDUCREATE
 40
2461157.007478553
  9
$TDUPDATE
 40
2461156.84081206
  9
$TDUUPDATE
 40
2461157.007478727
  9
$TDINDWG
 40
0.0000000116
  9
$TDUSRTIMER
 40
0.0000000116
  9
$USRTIMER
 70
     1
  9
$ANGBASE
 50
0.0
  9
$ANGDIR
 70
     0
  9
$PDMODE
 70
     0
  9
$PDSIZE
 40
0.0
  9
$PLINEWID
 40
0.0
  9
$SPLFRAME
 70
     0
  9
$SPLINETYPE
 70
     6
  9
$SPLINESEGS
 70
     8
  9
$HANDSEED
  5
493
  9
$SURFTAB1
 70
     6
  9
$SURFTAB2
 70
     6
  9
$SURFTYPE
 70
     6
  9
$SURFU
 70
     6
  9
$SURFV
 70
     6
  9
$UCSBASE
  2

  9
$UCSNAME
  2

  9
$UCSORG
 10
0.0
 20
0.0
 30
0.0
  9
$UCSXDIR
 10
1.0
 20
0.0
 30
0.0
  9
$UCSYDIR
 10
0.0
 20
1.0
 30
0.0
  9
$UCSORTHOREF
  2

  9
$UCSORTHOVIEW
 70
     0
  9
$UCSORGTOP
 10
0.0
 20
0.0
 30
0.0
  9
$UCSORGBOTTOM
 10
0.0
 20
0.0
 30
0.0
  9
$UCSORGLEFT
 10
0.0
 20
0.0
 30
0.0
  9
$UCSORGRIGHT
 10
0.0
 20
0.0
 30
0.0
  9
$UCSORGFRONT
 10
0.0
 20
0.0
 30
0.0
  9
$UCSORGBACK
 10
0.0
 20
0.0
 30
0.0
  9
$PUCSBASE
  2

  9
$PUCSNAME
  2

  9
$PUCSORG
 10
0.0
 20
0.0
 30
0.0
  9
$PUCSXDIR
 10
1.0
 20
0.0
 30
0.0
  9
$PUCSYDIR
 10
0.0
 20
1.0
 30
0.0
  9
$PUCSORTHOREF
  2

  9
$PUCSORTHOVIEW
 70
     0
  9
$PUCSORGTOP
 10
0.0
 20
0.0
 30
0.0
  9
$PUCSORGBOTTOM
 10
0.0
 20
0.0
 30
0.0
  9
$PUCSORGLEFT
 10
0.0
 20
0.0
 30
0.0
  9
$PUCSORGRIGHT
 10
0.0
 20
0.0
 30
0.0
  9
$PUCSORGFRONT
 10
0.0
 20
0.0
 30
0.0
  9
$PUCSORGBACK
 10
0.0
 20
0.0
 30
0.0
  9
$USERI1
 70
     0
  9
$USERI2
 70
     0
  9
$USERI3
 70
     0
  9
$USERI4
 70
     0
  9
$USERI5
 70
     0
  9
$USERR1
 40
0.0
  9
$USERR2
 40
0.0
  9
$USERR3
 40
0.0
  9
$USERR4
 40
0.0
  9
$USERR5
 40
0.0
  9
$WORLDVIEW
 70
     1
  9
$SHADEDGE
 70
     3
  9
$SHADEDIF
 70
    70
  9
$TILEMODE
 70
     1
  9
$MAXACTVP
 70
    64
  9
$PINSBASE
 10
0.0
 20
0.0
 30
0.0
  9
$PLIMCHECK
 70
     0
  9
$PEXTMIN
 10
155.6473160755917
 20
354.1736433948518
 30
0.0
  9
$PEXTMAX
 10
0.0
 20
0.0
 30
0.0
  9
$PLIMMIN
 10
-20.0
 20
-7.5
  9
$PLIMMAX
 10
277.0
 20
202.5
  9
$UNITMODE
 70
     0
  9
$VISRETAIN
 70
     1
  9
$PLINEGEN
 70
     0
  9
$PSLTSCALE
 70
     1
  9
$TREEDEPTH
 70
  3020
  9
$CMLSTYLE
  2
Standard
  9
$CMLJUST
 70
     0
  9
$CMLSCALE
 40
20.0
  9
$PROXYGRAPHICS
 70
     1
  9
$MEASUREMENT
 70
     1
  9
$CELWEIGHT
370
    -1
  9
$ENDCAPS
280
     0
  9
$JOINSTYLE
280
     0
  9
$LWDISPLAY
290
     0
  9
$INSUNITS
 70
     4
  9
$HYPERLINKBASE
  1

  9
$STYLESHEET
  1

  9
$XEDIT
290
     1
  9
$CEPSNTYPE
380
     0
  9
$PSTYLEMODE
290
     1
  9
$FINGERPRINTGUID
  2
{3c3ea4d1-bc9a-4ccd-8667-ed2efaf19ff2}
  9
$VERSIONGUID
  2
{FAEB1C32-E019-11D5-929B-00C0DF256EC4}
  9
$EXTNAMES
290
     1
  9
$PSVPSCALE
 40
0.0
  9
$OLESTARTUP
290
     0
  9
$SORTENTS
280
   127
  9
$INDEXCTL
280
     0
  9
$HIDETEXT
280
     1
  9
$XCLIPFRAME
280
     2
  9
$HALOGAP
280
     0
  9
$OBSCOLOR
 70
   257
  9
$OBSLTYPE
280
     0
  9
$INTERSECTIONDISPLAY
280
     0
  9
$INTERSECTIONCOLOR
 70
   257
  9
$DIMASSOC
280
     2
  9
$PROJECTNAME
  1

  9
$CAMERADISPLAY
290
     0
  9
$LENSLENGTH
 40
50.0
  9
$CAMERAHEIGHT
 40
0.0
  9
$STEPSPERSEC
 40
2.0
  9
$STEPSIZE
 40
6.0
  9
$3DDWFPREC
 40
2.0
  9
$PSOLWIDTH
 40
5.0
  9
$PSOLHEIGHT
 40
80.0
  9
$LOFTANG1
 40
1.570796326794897
  9
$LOFTANG2
 40
1.570796326794897
  9
$LOFTMAG1
 40
0.0
  9
$LOFTMAG2
 40
0.0
  9
$LOFTPARAM
 70
     7
  9
$LOFTNORMALS
280
     1
  9
$LATITUDE
 40
37.795
  9
$LONGITUDE
 40
-122.394
  9
$NORTHDIRECTION
 40
0.0
  9
$TIMEZONE
 70
 -8000
  9
$LIGHTGLYPHDISPLAY
280
     1
  9
$TILEMODELIGHTSYNCH
280
     1
  9
$CMATERIAL
347
44
  9
$SOLIDHIST
280
     0
  9
$SHOWHIST
280
     1
  9
$DWFFRAME
280
     2
  9
$DGNFRAME
280
     2
  9
$REALWORLDSCALE
290
     1
  9
$INTERFERECOLOR
 62
   256
  9
$CSHADOW
280
     0
  9
$SHADOWPLANELOCATION
 40
0.0
  0
ENDSEC
  0
SECTION
  2
CLASSES
  0
CLASS
  1
ACDBDICTIONARYWDFLT
  2
AcDbDictionaryWithDefault
  3
ObjectDBX Classes
 90
        0
 91
        3
280
     0
281
     0
  0
CLASS
  1
VISUALSTYLE
  2
AcDbVisualStyle
  3
ObjectDBX Classes
 90
     4095
 91
        3
280
     0
281
     0
  0
CLASS
  1
MATERIAL
  2
AcDbMaterial
  3
ObjectDBX Classes
 90
     1153
 91
        3
280
     0
281
     0
  0
CLASS
  1
SCALE
  2
AcDbScale
  3
ObjectDBX Classes
 90
     1153
 91
        3
280
     0
281
     0
  0
CLASS
  1
TABLESTYLE
  2
AcDbTableStyle
  3
ObjectDBX Classes
 90
     4095
 91
        3
280
     0
281
     0
  0
CLASS
  1
MLEADERSTYLE
  2
AcDbMLeaderStyle
  3
ACDB_MLEADERSTYLE_CLASS
 90
     4095
 91
        3
280
     0
281
     0
  0
CLASS
  1
SUN
  2
AcDbSun
  3
SCENEOE
 90
     1153
 91
        3
280
     0
281
     0
  0
CLASS
  1
DICTIONARYVAR
  2
AcDbDictionaryVar
  3
ObjectDBX Classes
 90
        0
 91
        3
280
     0
281
     0
  0
CLASS
  1
CELLSTYLEMAP
  2
AcDbCellStyleMap
  3
ObjectDBX Classes
 90
     1152
 91
        3
280
     0
281
     0
  0
ENDSEC
  0
SECTION
  2
TABLES
  0
TABLE
  2
VPORT
  5
8
330
0
100
AcDbSymbolTable
 70
     1
  0
VPORT
  5
29
330
8
100
AcDbSymbolTableRecord
100
AcDbViewportTableRecord
  2
*Active
 70
     0
 10
0.0
 20
0.0
 11
1.0
 21
1.0
 12
177.0868216974259
 22
77.82365803779587
 13
0.0
 23
0.0
 14
10.0
 24
10.0
 15
10.0
 25
10.0
 16
0.0
 26
0.0
 36
1.0
 17
0.0
 27
0.0
 37
0.0
 40
179.5126685811522
 41
1.972972972850329
 42
50.0
 43
0.0
 44
0.0
 50
0.0
 51
0.0
 71
     0
 72
   100
 73
     1
 74
     3
 75
     0
 76
     0
 77
     0
 78
     0
281
     0
 65
     1
110
0.0
120
0.0
130
0.0
111
1.0
121
0.0
131
0.0
112
0.0
122
1.0
132
0.0
 79
     0
146
0.0
348
2F
 60
     3
 61
     5
292
     1
282
     1
141
0.0
142
0.0
 63
   250
361
5D
  0
ENDTAB
  0
TABLE
  2
LTYPE
  5
5
330
0
100
AcDbSymbolTable
 70
     1
  0
LTYPE
  5
14
330
5
100
AcDbSymbolTableRecord
100
AcDbLinetypeTableRecord
  2
ByBlock
 70
     0
  3

 72
    65
 73
     0
 40
0.0
  0
LTYPE
  5
15
330
5
100
AcDbSymbolTableRecord
100
AcDbLinetypeTableRecord
  2
ByLayer
 70
     0
  3

 72
    65
 73
     0
 40
0.0
  0
LTYPE
  5
16
330
5
100
AcDbSymbolTableRecord
100
AcDbLinetypeTableRecord
  2
Continuous
 70
     0
  3
Solid line
 72
    65
 73
     0
 40
0.0
  0
ENDTAB
  0
TABLE
  2
LAYER
  5
2
330
0
100
AcDbSymbolTable
 70
     1
  0
LAYER
  5
10
330
2
100
AcDbSymbolTableRecord
100
AcDbLayerTableRecord
  2
0
 70
     0
 62
     7
  6
Continuous
370
    -3
390
F
347
46
348
0
  0
ENDTAB
  0
TABLE
  2
STYLE
  5
3
330
0
100
AcDbSymbolTable
 70
     1
  0
STYLE
  5
11
330
3
100
AcDbSymbolTableRecord
100
AcDbTextStyleTableRecord
  2
Standard
 70
     0
 40
0.0
 41
1.0
 50
0.0
 71
     0
 42
2.5
  3
txt
  4

  0
ENDTAB
  0
TABLE
  2
VIEW
  5
6
330
0
100
AcDbSymbolTable
 70
     0
  0
ENDTAB
  0
TABLE
  2
UCS
  5
7
330
0
100
AcDbSymbolTable
 70
     0
  0
ENDTAB
  0
TABLE
  2
APPID
  5
9
330
0
100
AcDbSymbolTable
 70
     1
  0
APPID
  5
12
330
9
100
AcDbSymbolTableRecord
100
AcDbRegAppTableRecord
  2
ACAD
 70
     0
  0
ENDTAB
  0
TABLE
  2
DIMSTYLE
  5
A
330
0
100
AcDbSymbolTable
 70
     1
100
AcDbDimStyleTable
  0
DIMSTYLE
105
27
330
A
100
AcDbSymbolTableRecord
100
AcDbDimStyleTableRecord
  2
ISO-25
 70
     0
 41
2.5
 42
0.625
 43
3.75
 44
1.25
 73
     0
 74
     0
 77
     1
 78
     8
140
2.5
141
2.5
143
0.03937007874016
147
0.625
171
     3
172
     1
178
     0
271
     2
272
     2
274
     3
278
    44
283
     0
284
     8
340
11
  0
ENDTAB
  0
TABLE
  2
BLOCK_RECORD
  5
1
330
0
100
AcDbSymbolTable
 70
     0
  0
BLOCK_RECORD
  5
1F
330
1
100
AcDbSymbolTableRecord
100
AcDbBlockTableRecord
  2
*Model_Space
340
22
 70
     0
280
     1
281
     0
  0
BLOCK_RECORD
  5
480
330
1
100
AcDbSymbolTableRecord
100
AcDbBlockTableRecord
  2
*Paper_Space
340
481
 70
     0
280
     1
281
     0
  0
ENDTAB
  0
ENDSEC
  0
SECTION
  2
BLOCKS
  0
BLOCK
  5
20
330
1F
100
AcDbEntity
  8
0
100
AcDbBlockBegin
  2
*Model_Space
 70
     0
 10
0.0
 20
0.0
 30
0.0
  3
*Model_Space
  1

  0
ENDBLK
  5
21
330
1F
100
AcDbEntity
  8
0
100
AcDbBlockEnd
  0
BLOCK
  5
482
330
480
100
AcDbEntity
 67
     1
  8
0
100
AcDbBlockBegin
  2
*Paper_Space
 70
     0
 10
0.0
 20
0.0
 30
0.0
  3
*Paper_Space
  1

  0
ENDBLK
  5
483
330
480
100
AcDbEntity
 67
     1
  8
0
100
AcDbBlockEnd
  0
ENDSEC
  0
SECTION
  2
ENTITIES
  0
LWPOLYLINE
  5
5E
330
1F
100
AcDbEntity
  8
0
  6
Continuous
 62
    18
420
        0
370
    25
100
AcDbPolyline
 90
        2
 70
     0
 43
0.0
 10
35.49562742225847
 20
130.4068001030985
 10
22.49562742225845
 20
130.4068001030985
  0
LWPOLYLINE
  5
5F
330
1F
100
AcDbEntity
  8
0
  6
Continuous
 62
    18
420
        0
370
    25
100
AcDbPolyline
 90
        2
 70
     0
 43
0.0
 10
21.99562742225845
 20
129.9068001030984
 10
21.99562742225845
 20
116.9068001030985
  0
LWPOLYLINE
  5
60
330
1F
100
AcDbEntity
  8
0
  6
Continuous
 62
    18
420
        0
370
    25
100
AcDbPolyline
 90
        2
 70
     0
 43
0.0
 10
22.49562742225845
 20
116.4068001030985
 10
35.49562742225847
 20
116.4068001030985
  0
LWPOLYLINE
  5
61
330
1F
100
AcDbEntity
  8
0
  6
Continuous
 62
    18
420
        0
370
    25
100
AcDbPolyline
 90
        2
 70
     0
 43
0.0
 10
35.99562742225847
 20
116.9068001030985
 10
35.99562742225847
 20
129.9068001030984
  0
LWPOLYLINE
  5
62
330
1F
100
AcDbEntity
  8
0
  6
Continuous
 62
    18
420
        0
370
    25
100
AcDbPolyline
 90
        2
 70
     0
 43
0.0
 10
54.54562742225846
 20
130.4068001030985
 10
41.54562742225847
 20
130.4068001030985
  0
LWPOLYLINE
  5
63
330
1F
100
AcDbEntity
  8
0
  6
Continuous
 62
    18
420
        0
370
    25
100
AcDbPolyline
 90
        2
 70
     0
 43
0.0
 10
41.04562742225846
 20
129.9068001030984
 10
41.04562742225846
 20
116.9068001030985
  0
LWPOLYLINE
  5
64
330
1F
100
AcDbEntity
  8
0
  6
Continuous
 62
    18
420
        0
370
    25
100
AcDbPolyline
 90
        2
 70
     0
 43
0.0
 10
41.54562742225847
 20
116.4068001030985
 10
54.54562742225846
 20
116.4068001030985
  0
LWPOLYLINE
  5
65
330
1F
100
AcDbEntity
  8
0
  6
Continuous
 62
    18
420
        0
370
    25
100
AcDbPolyline
 90
        2
 70
     0
 43
0.0
 10
55.04562742225847
 20
116.9068001030985
 10
55.04562742225847
 20
129.9068001030984
  0
LWPOLYLINE
  5
66
330
1F
100
AcDbEntity
  8
0
  6
Continuous
 62
    18
420
        0
370
    25
100
AcDbPolyline
 90
        2
 70
     0
 43
0.0
 10
73.59562742225846
 20
130.4068001030985
 10
60.59562742225847
 20
130.4068001030985
  0
LWPOLYLINE
  5
67
330
1F
100
AcDbEntity
  8
0
  6
Continuous
 62
    18
420
        0
370
    25
100
AcDbPolyline
 90
        2
 70
     0
 43
0.0
 10
60.09562742225847
 20
129.9068001030984
 10
60.09562742225847
 20
116.9068001030985
  0
LWPOLYLINE
  5
68
330
1F
100
AcDbEntity
  8
0
  6
Continuous
 62
    18
420
        0
370
    25
100
AcDbPolyline
 90
        2
 70
     0
 43
0.0
 10
60.59562742225847
 20
116.4068001030985
 10
73.59562742225846
 20
116.4068001030985
  0
LWPOLYLINE
  5
69
330
1F
100
AcDbEntity
  8
0
  6
Continuous
 62
    18
420
        0
370
    25
100
AcDbPolyline
 90
        2
 70
     0
 43
0.0
 10
74.09562742225847
 20
116.9068001030985
 10
74.09562742225847
 20
129.9068001030984
  0
LWPOLYLINE
  5
6A
330
1F
100
AcDbEntity
  8
0
  6
Continuous
 62
    18
420
        0
370
    25
100
AcDbPolyline
 90
        2
 70
     0
 43
0.0
 10
92.64562742225846
 20
130.4068001030985
 10
79.64562742225849
 20
130.4068001030985
  0
LWPOLYLINE
  5
6B
330
1F
100
AcDbEntity
  8
0
  6
Continuous
 62
    18
420
        0
370
    25
100
AcDbPolyline
 90
        2
 70
     0
 43
0.0
 10
79.14562742225847
 20
129.9068001030984
 10
79.14562742225847
 20
116.9068001030985
  0
LWPOLYLINE
  5
6C
330
1F
100
AcDbEntity
  8
0
  6
Continuous
 62
    18
420
        0
370
    25
100
AcDbPolyline
 90
        2
 70
     0
 43
0.0
 10
79.64562742225849
 20
116.4068001030985
 10
92.64562742225846
 20
116.4068001030985
  0
LWPOLYLINE
  5
6D
330
1F
100
AcDbEntity
  8
0
  6
Continuous
 62
    18
420
        0
370
    25
100
AcDbPolyline
 90
        2
 70
     0
 43
0.0
 10
93.14562742225847
 20
116.9068001030985
 10
93.14562742225847
 20
129.9068001030984
  0
LWPOLYLINE
  5
6E
330
1F
100
AcDbEntity
  8
0
  6
Continuous
 62
    18
420
        0
370
    25
100
AcDbPolyline
 90
        2
 70
     0
 43
0.0
 10
111.6956274222585
 20
130.4068001030985
 10
98.69562742225847
 20
130.4068001030985
  0
LWPOLYLINE
  5
6F
330
1F
100
AcDbEntity
  8
0
  6
Continuous
 62
    18
420
        0
370
    25
100
AcDbPolyline
 90
        2
 70
     0
 43
0.0
 10
98.19562742225848
 20
129.9068001030984
 10
98.19562742225848
 20
116.9068001030985
  0
LWPOLYLINE
  5
70
330
1F
100
AcDbEntity
  8
0
  6
Continuous
 62
    18
420
        0
370
    25
100
AcDbPolyline
 90
        2
 70
     0
 43
0.0
 10
98.69562742225847
 20
116.4068001030985
 10
111.6956274222585
 20
116.4068001030985
  0
LWPOLYLINE
  5
71
330
1F
100
AcDbEntity
  8
0
  6
Continuous
 62
    18
420
        0
370
    25
100
AcDbPolyline
 90
        2
 70
     0
 43
0.0
 10
112.1956274222585
 20
116.9068001030985
 10
112.1956274222585
 20
129.9068001030984
  0
LWPOLYLINE
  5
72
330
1F
100
AcDbEntity
  8
0
  6
Continuous
 62
    18
420
        0
370
    25
100
AcDbPolyline
 90
        2
 70
     0
 43
0.0
 10
130.7456274222585
 20
130.4068001030985
 10
117.7456274222585
 20
130.4068001030985
  0
LWPOLYLINE
  5
73
330
1F
100
AcDbEntity
  8
0
  6
Continuous
 62
    18
420
        0
370
    25
100
AcDbPolyline
 90
        2
 70
     0
 43
0.0
 10
117.2456274222585
 20
129.9068001030984
 10
117.2456274222585
 20
116.9068001030985
  0
LWPOLYLINE
  5
74
330
1F
100
AcDbEntity
  8
0
  6
Continuous
 62
    18
420
        0
370
    25
100
AcDbPolyline
 90
        2
 70
     0
 43
0.0
 10
117.7456274222585
 20
116.4068001030985
 10
130.7456274222585
 20
116.4068001030985
  0
LWPOLYLINE
  5
75
330
1F
100
AcDbEntity
  8
0
  6
Continuous
 62
    18
420
        0
370
    25
100
AcDbPolyline
 90
        2
 70
     0
 43
0.0
 10
131.2456274222585
 20
116.9068001030985
 10
131.2456274222585
 20
129.9068001030984
  0
LWPOLYLINE
  5
76
330
1F
100
AcDbEntity
  8
0
  6
Continuous
 62
    18
420
        0
370
    25
100
AcDbPolyline
 90
        2
 70
     0
 43
0.0
 10
149.7956274222585
 20
130.4068001030985
 10
136.7956274222585
 20
130.4068001030985
  0
LWPOLYLINE
  5
77
330
1F
100
AcDbEntity
  8
0
  6
Continuous
 62
    18
420
        0
370
    25
100
AcDbPolyline
 90
        2
 70
     0
 43
0.0
 10
136.2956274222585
 20
129.9068001030984
 10
136.2956274222585
 20
116.9068001030985
  0
LWPOLYLINE
  5
78
330
1F
100
AcDbEntity
  8
0
  6
Continuous
 62
    18
420
        0
370
    25
100
AcDbPolyline
 90
        2
 70
     0
 43
0.0
 10
136.7956274222585
 20
116.4068001030985
 10
149.7956274222585
 20
116.4068001030985
  0
LWPOLYLINE
  5
79
330
1F
100
AcDbEntity
  8
0
  6
Continuous
 62
    18
420
        0
370
    25
100
AcDbPolyline
 90
        2
 70
     0
 43
0.0
 10
150.2956274222585
 20
116.9068001030985
 10
150.2956274222585
 20
129.9068001030984
  0
LWPOLYLINE
  5
7A
330
1F
100
AcDbEntity
  8
0
  6
Continuous
 62
    18
420
        0
370
    25
100
AcDbPolyline
 90
        2
 70
     0
 43
0.0
 10
168.8456274222585
 20
130.4068001030985
 10
155.8456274222585
 20
130.4068001030985
  0
LWPOLYLINE
  5
7B
330
1F
100
AcDbEntity
  8
0
  6
Continuous
 62
    18
420
        0
370
    25
100
AcDbPolyline
 90
        2
 70
     0
 43
0.0
 10
155.3456274222585
 20
129.9068001030984
 10
155.3456274222585
 20
116.9068001030985
  0
LWPOLYLINE
  5
7C
330
1F
100
AcDbEntity
  8
0
  6
Continuous
 62
    18
420
        0
370
    25
100
AcDbPolyline
 90
        2
 70
     0
 43
0.0
 10
155.8456274222585
 20
116.4068001030985
 10
168.8456274222585
 20
116.4068001030985
  0
LWPOLYLINE
  5
7D
330
1F
100
AcDbEntity
  8
0
  6
Continuous
 62
    18
420
        0
370
    25
100
AcDbPolyline
 90
        2
 70
     0
 43
0.0
 10
169.3456274222585
 20
116.9068001030985
 10
169.3456274222585
 20
129.9068001030984
  0
LWPOLYLINE
  5
7E
330
1F
100
AcDbEntity
  8
0
  6
Continuous
 62
    18
420
        0
370
    25
100
AcDbPolyline
 90
        2
 70
     0
 43
0.0
 10
187.8956274222585
 20
130.4068001030985
 10
174.8956274222585
 20
130.4068001030985
  0
LWPOLYLINE
  5
7F
330
1F
100
AcDbEntity
  8
0
  6
Continuous
 62
    18
420
        0
370
    25
100
AcDbPolyline
 90
        2
 70
     0
 43
0.0
 10
174.3956274222585
 20
129.9068001030984
 10
174.3956274222585
 20
116.9068001030985
  0
LWPOLYLINE
  5
80
330
1F
100
AcDbEntity
  8
0
  6
Continuous
 62
    18
420
        0
370
    25
100
AcDbPolyline
 90
        2
 70
     0
 43
0.0
 10
174.8956274222585
 20
116.4068001030985
 10
187.8956274222585
 20
116.4068001030985
  0
LWPOLYLINE
  5
81
330
1F
100
AcDbEntity
  8
0
  6
Continuous
 62
    18
420
        0
370
    25
100
AcDbPolyline
 90
        2
 70
     0
 43
0.0
 10
188.3956274222585
 20
116.9068001030985
 10
188.3956274222585
 20
129.9068001030984
  0
LWPOLYLINE
  5
82
330
1F
100
AcDbEntity
  8
0
  6
Continuous
 62
    18
420
        0
370
    25
100
AcDbPolyline
 90
        2
 70
     0
 43
0.0
 10
206.9456274222584
 20
130.4068001030985
 10
193.9456274222585
 20
130.4068001030985
  0
LWPOLYLINE
  5
83
330
1F
100
AcDbEntity
  8
0
  6
Continuous
 62
    18
420
        0
370
    25
100
AcDbPolyline
 90
        2
 70
     0
 43
0.0
 10
193.4456274222585
 20
129.9068001030984
 10
193.4456274222585
 20
116.9068001030985
  0
LWPOLYLINE
  5
84
330
1F
100
AcDbEntity
  8
0
  6
Continuous
 62
    18
420
        0
370
    25
100
AcDbPolyline
 90
        2
 70
     0
 43
0.0
 10
193.9456274222585
 20
116.4068001030985
 10
206.9456274222584
 20
116.4068001030985
  0
LWPOLYLINE
  5
85
330
1F
100
AcDbEntity
  8
0
  6
Continuous
 62
    18
420
        0
370
    25
100
AcDbPolyline
 90
        2
 70
     0
 43
0.0
 10
207.4456274222585
 20
116.9068001030985
 10
207.4456274222585
 20
129.9068001030984
  0
LWPOLYLINE
  5
86
330
1F
100
AcDbEntity
  8
0
  6
Continuous
 62
    18
420
        0
370
    25
100
AcDbPolyline
 90
        2
 70
     0
 43
0.0
 10
225.9956274222585
 20
130.4068001030985
 10
212.9956274222585
 20
130.4068001030985
  0
LWPOLYLINE
  5
87
330
1F
100
AcDbEntity
  8
0
  6
Continuous
 62
    18
420
        0
370
    25
100
AcDbPolyline
 90
        2
 70
     0
 43
0.0
 10
212.4956274222585
 20
129.9068001030984
 10
212.4956274222585
 20
116.9068001030985
  0
LWPOLYLINE
  5
88
330
1F
100
AcDbEntity
  8
0
  6
Continuous
 62
    18
420
        0
370
    25
100
AcDbPolyline
 90
        2
 70
     0
 43
0.0
 10
212.9956274222585
 20
116.4068001030985
 10
225.9956274222585
 20
116.4068001030985
  0
LWPOLYLINE
  5
89
330
1F
100
AcDbEntity
  8
0
  6
Continuous
 62
    18
420
        0
370
    25
100
AcDbPolyline
 90
        2
 70
     0
 43
0.0
 10
226.4956274222585
 20
116.9068001030985
 10
226.4956274222585
 20
129.9068001030984
  0
LWPOLYLINE
  5
8A
330
1F
100
AcDbEntity
  8
0
  6
Continuous
 62
    18
420
        0
370
    25
100
AcDbPolyline
 90
        2
 70
     0
 43
0.0
 10
245.0456274222584
 20
130.4068001030985
 10
232.0456274222585
 20
130.4068001030985
  0
LWPOLYLINE
  5
8B
330
1F
100
AcDbEntity
  8
0
  6
Continuous
 62
    18
420
        0
370
    25
100
AcDbPolyline
 90
        2
 70
     0
 43
0.0
 10
231.5456274222585
 20
129.9068001030984
 10
231.5456274222585
 20
116.9068001030985
  0
LWPOLYLINE
  5
8C
330
1F
100
AcDbEntity
  8
0
  6
Continuous
 62
    18
420
        0
370
    25
100
AcDbPolyline
 90
        2
 70
     0
 43
0.0
 10
232.0456274222585
 20
116.4068001030985
 10
245.0456274222584
 20
116.4068001030985
  0
LWPOLYLINE
  5
8D
330
1F
100
AcDbEntity
  8
0
  6
Continuous
 62
    18
420
        0
370
    25
100
AcDbPolyline
 90
        2
 70
     0
 43
0.0
 10
245.5456274222585
 20
116.9068001030985
 10
245.5456274222585
 20
129.9068001030984
  0
LWPOLYLINE
  5
8E
330
1F
100
AcDbEntity
  8
0
  6
Continuous
 62
    18
420
        0
370
    25
100
AcDbPolyline
 90
        2
 70
     0
 43
0.0
 10
264.0956274222584
 20
130.4068001030985
 10
251.0956274222585
 20
130.4068001030985
  0
LWPOLYLINE
  5
8F
330
1F
100
AcDbEntity
  8
0
  6
Continuous
 62
    18
420
        0
370
    25
100
AcDbPolyline
 90
        2
 70
     0
 43
0.0
 10
250.5956274222585
 20
129.9068001030984
 10
250.5956274222585
 20
116.9068001030985
  0
LWPOLYLINE
  5
90
330
1F
100
AcDbEntity
  8
0
  6
Continuous
 62
    18
420
        0
370
    25
100
AcDbPolyline
 90
        2
 70
     0
 43
0.0
 10
251.0956274222585
 20
116.4068001030985
 10
264.0956274222584
 20
116.4068001030985
  0
LWPOLYLINE
  5
91
330
1F
100
AcDbEntity
  8
0
  6
Continuous
 62
    18
420
        0
370
    25
100
AcDbPolyline
 90
        2
 70
     0
 43
0.0
 10
264.5956274222585
 20
116.9068001030985
 10
264.5956274222585
 20
129.9068001030984
  0
LWPOLYLINE
  5
92
330
1F
100
AcDbEntity
  8
0
  6
Continuous
 62
    18
420
        0
370
    25
100
AcDbPolyline
 90
        2
 70
     0
 43
0.0
 10
302.1956274222585
 20
130.4068001030985
 10
270.1456274222585
 20
130.4068001030985
  0
LWPOLYLINE
  5
93
330
1F
100
AcDbEntity
  8
0
  6
Continuous
 62
    18
420
        0
370
    25
100
AcDbPolyline
 90
        2
 70
     0
 43
0.0
 10
269.6456274222585
 20
129.9068001030984
 10
269.6456274222585
 20
116.9068001030985
  0
LWPOLYLINE
  5
94
330
1F
100
AcDbEntity
  8
0
  6
Continuous
 62
    18
420
        0
370
    25
100
AcDbPolyline
 90
        2
 70
     0
 43
0.0
 10
270.1456274222585
 20
116.4068001030985
 10
270.7326274222585
 20
116.4068001030985
  0
LWPOLYLINE
  5
95
330
1F
100
AcDbEntity
  8
0
  6
Continuous
 62
    18
420
        0
370
    25
100
AcDbPolyline
 90
        2
 70
     0
 43
0.0
 10
270.7326274222585
 20
116.4068001030985
 10
270.7326274222585
 20
114.9068001030985
  0
LWPOLYLINE
  5
96
330
1F
100
AcDbEntity
  8
0
  6
Continuous
 62
    18
420
        0
370
    25
100
AcDbPolyline
 90
        2
 70
     0
 43
0.0
 10
271.2326274222585
 20
114.4068001030984
 10
277.2326274222585
 20
114.4068001030984
  0
LWPOLYLINE
  5
97
330
1F
100
AcDbEntity
  8
0
  6
Continuous
 62
    18
420
        0
370
    25
100
AcDbPolyline
 90
        2
 70
     0
 43
0.0
 10
277.7326274222585
 20
114.9068001030985
 10
277.7326274222585
 20
116.4068001030985
  0
LWPOLYLINE
  5
98
330
1F
100
AcDbEntity
  8
0
  6
Continuous
 62
    18
420
        0
370
    25
100
AcDbPolyline
 90
        2
 70
     0
 43
0.0
 10
277.7326274222585
 20
116.4068001030985
 10
294.6086274222585
 20
116.4068001030985
  0
LWPOLYLINE
  5
99
330
1F
100
AcDbEntity
  8
0
  6
Continuous
 62
    18
420
        0
370
    25
100
AcDbPolyline
 90
        2
 70
     0
 43
0.0
 10
294.6086274222585
 20
116.4068001030985
 10
294.6086274222585
 20
114.9068001030985
  0
LWPOLYLINE
  5
9A
330
1F
100
AcDbEntity
  8
0
  6
Continuous
 62
    18
420
        0
370
    25
100
AcDbPolyline
 90
        2
 70
     0
 43
0.0
 10
295.1086274222585
 20
114.4068001030984
 10
301.1086274222585
 20
114.4068001030984
  0
LWPOLYLINE
  5
9B
330
1F
100
AcDbEntity
  8
0
  6
Continuous
 62
    18
420
        0
370
    25
100
AcDbPolyline
 90
        2
 70
     0
 43
0.0
 10
301.6086274222585
 20
114.9068001030985
 10
301.6086274222585
 20
116.4068001030985
  0
LWPOLYLINE
  5
9C
330
1F
100
AcDbEntity
  8
0
  6
Continuous
 62
    18
420
        0
370
    25
100
AcDbPolyline
 90
        2
 70
     0
 43
0.0
 10
301.6086274222585
 20
116.4068001030985
 10
302.1956274222585
 20
116.4068001030985
  0
LWPOLYLINE
  5
9D
330
1F
100
AcDbEntity
  8
0
  6
Continuous
 62
    18
420
        0
370
    25
100
AcDbPolyline
 90
        2
 70
     0
 43
0.0
 10
302.6956274222585
 20
116.9068001030985
 10
302.6956274222585
 20
129.9068001030984
  0
LWPOLYLINE
  5
9E
330
1F
100
AcDbEntity
  8
0
  6
Continuous
 62
    18
420
        0
370
    25
100
AcDbPolyline
 90
        2
 70
     0
 43
0.0
 10
40.25812742225846
 20
111.3568001030985
 10
27.25812742225847
 20
111.3568001030985
  0
LWPOLYLINE
  5
9F
330
1F
100
AcDbEntity
  8
0
  6
Continuous
 62
    18
420
        0
370
    25
100
AcDbPolyline
 90
        2
 70
     0
 43
0.0
 10
26.75812742225847
 20
110.8568001030985
 10
26.75812742225847
 20
97.85680010309846
  0
LWPOLYLINE
  5
A0
330
1F
100
AcDbEntity
  8
0
  6
Continuous
 62
    18
420
        0
370
    25
100
AcDbPolyline
 90
        2
 70
     0
 43
0.0
 10
27.25812742225847
 20
97.35680010309846
 10
40.25812742225846
 20
97.35680010309846
  0
LWPOLYLINE
  5
A1
330
1F
100
AcDbEntity
  8
0
  6
Continuous
 62
    18
420
        0
370
    25
100
AcDbPolyline
 90
        2
 70
     0
 43
0.0
 10
40.75812742225847
 20
97.85680010309846
 10
40.75812742225847
 20
110.8568001030985
  0
LWPOLYLINE
  5
A2
330
1F
100
AcDbEntity
  8
0
  6
Continuous
 62
    18
420
        0
370
    25
100
AcDbPolyline
 90
        2
 70
     0
 43
0.0
 10
23.25812742225848
 20
111.3568001030985
 10
22.75812742225848
 20
111.3568001030985
  0
LWPOLYLINE
  5
A3
330
1F
100
AcDbEntity
  8
0
  6
Continuous
 62
    18
420
        0
370
    25
100
AcDbPolyline
 90
        2
 70
     0
 43
0.0
 10
22.25812742225847
 20
110.8568001030985
 10
22.25812742225847
 20
97.85680010309846
  0
LWPOLYLINE
  5
A4
330
1F
100
AcDbEntity
  8
0
  6
Continuous
 62
    18
420
        0
370
    25
100
AcDbPolyline
 90
        2
 70
     0
 43
0.0
 10
22.75812742225848
 20
97.35680010309846
 10
23.25812742225848
 20
97.35680010309846
  0
LWPOLYLINE
  5
A5
330
1F
100
AcDbEntity
  8
0
  6
Continuous
 62
    18
420
        0
370
    25
100
AcDbPolyline
 90
        2
 70
     0
 43
0.0
 10
23.75812742225847
 20
97.85680010309846
 10
23.75812742225847
 20
110.8568001030985
  0
LWPOLYLINE
  5
A6
330
1F
100
AcDbEntity
  8
0
  6
Continuous
 62
    18
420
        0
370
    25
100
AcDbPolyline
 90
        2
 70
     0
 43
0.0
 10
44.75812742225848
 20
111.3568001030985
 10
44.25812742225848
 20
111.3568001030985
  0
LWPOLYLINE
  5
A7
330
1F
100
AcDbEntity
  8
0
  6
Continuous
 62
    18
420
        0
370
    25
100
AcDbPolyline
 90
        2
 70
     0
 43
0.0
 10
43.75812742225847
 20
110.8568001030985
 10
43.75812742225847
 20
97.85680010309846
  0
LWPOLYLINE
  5
A8
330
1F
100
AcDbEntity
  8
0
  6
Continuous
 62
    18
420
        0
370
    25
100
AcDbPolyline
 90
        2
 70
     0
 43
0.0
 10
44.25812742225848
 20
97.35680010309846
 10
44.75812742225848
 20
97.35680010309846
  0
LWPOLYLINE
  5
A9
330
1F
100
AcDbEntity
  8
0
  6
Continuous
 62
    18
420
        0
370
    25
100
AcDbPolyline
 90
        2
 70
     0
 43
0.0
 10
45.25812742225847
 20
97.85680010309846
 10
45.25812742225847
 20
110.8568001030985
  0
LWPOLYLINE
  5
AA
330
1F
100
AcDbEntity
  8
0
  6
Continuous
 62
    18
420
        0
370
    25
100
AcDbPolyline
 90
        2
 70
     0
 43
0.0
 10
64.07062742225847
 20
111.3568001030985
 10
51.07062742225847
 20
111.3568001030985
  0
LWPOLYLINE
  5
AB
330
1F
100
AcDbEntity
  8
0
  6
Continuous
 62
    18
420
        0
370
    25
100
AcDbPolyline
 90
        2
 70
     0
 43
0.0
 10
50.57062742225846
 20
110.8568001030985
 10
50.57062742225846
 20
97.85680010309846
  0
LWPOLYLINE
  5
AC
330
1F
100
AcDbEntity
  8
0
  6
Continuous
 62
    18
420
        0
370
    25
100
AcDbPolyline
 90
        2
 70
     0
 43
0.0
 10
51.07062742225847
 20
97.35680010309846
 10
64.07062742225847
 20
97.35680010309846
  0
LWPOLYLINE
  5
AD
330
1F
100
AcDbEntity
  8
0
  6
Continuous
 62
    18
420
        0
370
    25
100
AcDbPolyline
 90
        2
 70
     0
 43
0.0
 10
64.57062742225848
 20
97.85680010309846
 10
64.57062742225848
 20
110.8568001030985
  0
LWPOLYLINE
  5
AE
330
1F
100
AcDbEntity
  8
0
  6
Continuous
 62
    18
420
        0
370
    25
100
AcDbPolyline
 90
        2
 70
     0
 43
0.0
 10
83.12062742225847
 20
111.3568001030985
 10
70.12062742225847
 20
111.3568001030985
  0
LWPOLYLINE
  5
AF
330
1F
100
AcDbEntity
  8
0
  6
Continuous
 62
    18
420
        0
370
    25
100
AcDbPolyline
 90
        2
 70
     0
 43
0.0
 10
69.62062742225848
 20
110.8568001030985
 10
69.62062742225848
 20
97.85680010309846
  0
LWPOLYLINE
  5
B0
330
1F
100
AcDbEntity
  8
0
  6
Continuous
 62
    18
420
        0
370
    25
100
AcDbPolyline
 90
        2
 70
     0
 43
0.0
 10
70.12062742225847
 20
97.35680010309846
 10
83.12062742225847
 20
97.35680010309846
  0
LWPOLYLINE
  5
B1
330
1F
100
AcDbEntity
  8
0
  6
Continuous
 62
    18
420
        0
370
    25
100
AcDbPolyline
 90
        2
 70
     0
 43
0.0
 10
83.62062742225847
 20
97.85680010309846
 10
83.62062742225847
 20
110.8568001030985
  0
LWPOLYLINE
  5
B2
330
1F
100
AcDbEntity
  8
0
  6
Continuous
 62
    18
420
        0
370
    25
100
AcDbPolyline
 90
        2
 70
     0
 43
0.0
 10
102.1706274222585
 20
111.3568001030985
 10
89.17062742225846
 20
111.3568001030985
  0
LWPOLYLINE
  5
B3
330
1F
100
AcDbEntity
  8
0
  6
Continuous
 62
    18
420
        0
370
    25
100
AcDbPolyline
 90
        2
 70
     0
 43
0.0
 10
88.67062742225848
 20
110.8568001030985
 10
88.67062742225848
 20
97.85680010309846
  0
LWPOLYLINE
  5
B4
330
1F
100
AcDbEntity
  8
0
  6
Continuous
 62
    18
420
        0
370
    25
100
AcDbPolyline
 90
        2
 70
     0
 43
0.0
 10
89.17062742225846
 20
97.35680010309846
 10
102.1706274222585
 20
97.35680010309846
  0
LWPOLYLINE
  5
B5
330
1F
100
AcDbEntity
  8
0
  6
Continuous
 62
    18
420
        0
370
    25
100
AcDbPolyline
 90
        2
 70
     0
 43
0.0
 10
102.6706274222585
 20
97.85680010309846
 10
102.6706274222585
 20
110.8568001030985
  0
LWPOLYLINE
  5
B6
330
1F
100
AcDbEntity
  8
0
  6
Continuous
 62
    18
420
        0
370
    25
100
AcDbPolyline
 90
        2
 70
     0
 43
0.0
 10
121.2206274222585
 20
111.3568001030985
 10
108.2206274222585
 20
111.3568001030985
  0
LWPOLYLINE
  5
B7
330
1F
100
AcDbEntity
  8
0
  6
Continuous
 62
    18
420
        0
370
    25
100
AcDbPolyline
 90
        2
 70
     0
 43
0.0
 10
107.7206274222585
 20
110.8568001030985
 10
107.7206274222585
 20
97.85680010309846
  0
LWPOLYLINE
  5
B8
330
1F
100
AcDbEntity
  8
0
  6
Continuous
 62
    18
420
        0
370
    25
100
AcDbPolyline
 90
        2
 70
     0
 43
0.0
 10
108.2206274222585
 20
97.35680010309846
 10
121.2206274222585
 20
97.35680010309846
  0
LWPOLYLINE
  5
B9
330
1F
100
AcDbEntity
  8
0
  6
Continuous
 62
    18
420
        0
370
    25
100
AcDbPolyline
 90
        2
 70
     0
 43
0.0
 10
121.7206274222585
 20
97.85680010309846
 10
121.7206274222585
 20
110.8568001030985
  0
LWPOLYLINE
  5
BA
330
1F
100
AcDbEntity
  8
0
  6
Continuous
 62
    18
420
        0
370
    25
100
AcDbPolyline
 90
        2
 70
     0
 43
0.0
 10
140.2706274222585
 20
111.3568001030985
 10
127.2706274222585
 20
111.3568001030985
  0
LWPOLYLINE
  5
BB
330
1F
100
AcDbEntity
  8
0
  6
Continuous
 62
    18
420
        0
370
    25
100
AcDbPolyline
 90
        2
 70
     0
 43
0.0
 10
126.7706274222585
 20
110.8568001030985
 10
126.7706274222585
 20
97.85680010309846
  0
LWPOLYLINE
  5
BC
330
1F
100
AcDbEntity
  8
0
  6
Continuous
 62
    18
420
        0
370
    25
100
AcDbPolyline
 90
        2
 70
     0
 43
0.0
 10
127.2706274222585
 20
97.35680010309846
 10
140.2706274222585
 20
97.35680010309846
  0
LWPOLYLINE
  5
BD
330
1F
100
AcDbEntity
  8
0
  6
Continuous
 62
    18
420
        0
370
    25
100
AcDbPolyline
 90
        2
 70
     0
 43
0.0
 10
140.7706274222585
 20
97.85680010309846
 10
140.7706274222585
 20
110.8568001030985
  0
LWPOLYLINE
  5
BE
330
1F
100
AcDbEntity
  8
0
  6
Continuous
 62
    18
420
        0
370
    25
100
AcDbPolyline
 90
        2
 70
     0
 43
0.0
 10
159.3206274222585
 20
111.3568001030985
 10
146.3206274222585
 20
111.3568001030985
  0
LWPOLYLINE
  5
BF
330
1F
100
AcDbEntity
  8
0
  6
Continuous
 62
    18
420
        0
370
    25
100
AcDbPolyline
 90
        2
 70
     0
 43
0.0
 10
145.8206274222585
 20
110.8568001030985
 10
145.8206274222585
 20
97.85680010309846
  0
LWPOLYLINE
  5
C0
330
1F
100
AcDbEntity
  8
0
  6
Continuous
 62
    18
420
        0
370
    25
100
AcDbPolyline
 90
        2
 70
     0
 43
0.0
 10
146.3206274222585
 20
97.35680010309846
 10
159.3206274222585
 20
97.35680010309846
  0
LWPOLYLINE
  5
C1
330
1F
100
AcDbEntity
  8
0
  6
Continuous
 62
    18
420
        0
370
    25
100
AcDbPolyline
 90
        2
 70
     0
 43
0.0
 10
159.8206274222585
 20
97.85680010309846
 10
159.8206274222585
 20
110.8568001030985
  0
LWPOLYLINE
  5
C2
330
1F
100
AcDbEntity
  8
0
  6
Continuous
 62
    18
420
        0
370
    25
100
AcDbPolyline
 90
        2
 70
     0
 43
0.0
 10
178.3706274222585
 20
111.3568001030985
 10
165.3706274222585
 20
111.3568001030985
  0
LWPOLYLINE
  5
C3
330
1F
100
AcDbEntity
  8
0
  6
Continuous
 62
    18
420
        0
370
    25
100
AcDbPolyline
 90
        2
 70
     0
 43
0.0
 10
164.8706274222585
 20
110.8568001030985
 10
164.8706274222585
 20
97.85680010309846
  0
LWPOLYLINE
  5
C4
330
1F
100
AcDbEntity
  8
0
  6
Continuous
 62
    18
420
        0
370
    25
100
AcDbPolyline
 90
        2
 70
     0
 43
0.0
 10
165.3706274222585
 20
97.35680010309846
 10
178.3706274222585
 20
97.35680010309846
  0
LWPOLYLINE
  5
C5
330
1F
100
AcDbEntity
  8
0
  6
Continuous
 62
    18
420
        0
370
    25
100
AcDbPolyline
 90
        2
 70
     0
 43
0.0
 10
178.8706274222585
 20
97.85680010309846
 10
178.8706274222585
 20
110.8568001030985
  0
LWPOLYLINE
  5
C6
330
1F
100
AcDbEntity
  8
0
  6
Continuous
 62
    18
420
        0
370
    25
100
AcDbPolyline
 90
        2
 70
     0
 43
0.0
 10
197.4206274222585
 20
111.3568001030985
 10
184.4206274222585
 20
111.3568001030985
  0
LWPOLYLINE
  5
C7
330
1F
100
AcDbEntity
  8
0
  6
Continuous
 62
    18
420
        0
370
    25
100
AcDbPolyline
 90
        2
 70
     0
 43
0.0
 10
183.9206274222585
 20
110.8568001030985
 10
183.9206274222585
 20
97.85680010309846
  0
LWPOLYLINE
  5
C8
330
1F
100
AcDbEntity
  8
0
  6
Continuous
 62
    18
420
        0
370
    25
100
AcDbPolyline
 90
        2
 70
     0
 43
0.0
 10
184.4206274222585
 20
97.35680010309846
 10
197.4206274222585
 20
97.35680010309846
  0
LWPOLYLINE
  5
C9
330
1F
100
AcDbEntity
  8
0
  6
Continuous
 62
    18
420
        0
370
    25
100
AcDbPolyline
 90
        2
 70
     0
 43
0.0
 10
197.9206274222585
 20
97.85680010309846
 10
197.9206274222585
 20
110.8568001030985
  0
LWPOLYLINE
  5
CA
330
1F
100
AcDbEntity
  8
0
  6
Continuous
 62
    18
420
        0
370
    25
100
AcDbPolyline
 90
        2
 70
     0
 43
0.0
 10
216.4706274222585
 20
111.3568001030985
 10
203.4706274222585
 20
111.3568001030985
  0
LWPOLYLINE
  5
CB
330
1F
100
AcDbEntity
  8
0
  6
Continuous
 62
    18
420
        0
370
    25
100
AcDbPolyline
 90
        2
 70
     0
 43
0.0
 10
202.9706274222585
 20
110.8568001030985
 10
202.9706274222585
 20
97.85680010309846
  0
LWPOLYLINE
  5
CC
330
1F
100
AcDbEntity
  8
0
  6
Continuous
 62
    18
420
        0
370
    25
100
AcDbPolyline
 90
        2
 70
     0
 43
0.0
 10
203.4706274222585
 20
97.35680010309846
 10
216.4706274222585
 20
97.35680010309846
  0
LWPOLYLINE
  5
CD
330
1F
100
AcDbEntity
  8
0
  6
Continuous
 62
    18
420
        0
370
    25
100
AcDbPolyline
 90
        2
 70
     0
 43
0.0
 10
216.9706274222585
 20
97.85680010309846
 10
216.9706274222585
 20
110.8568001030985
  0
LWPOLYLINE
  5
CE
330
1F
100
AcDbEntity
  8
0
  6
Continuous
 62
    18
420
        0
370
    25
100
AcDbPolyline
 90
        2
 70
     0
 43
0.0
 10
235.5206274222585
 20
111.3568001030985
 10
222.5206274222585
 20
111.3568001030985
  0
LWPOLYLINE
  5
CF
330
1F
100
AcDbEntity
  8
0
  6
Continuous
 62
    18
420
        0
370
    25
100
AcDbPolyline
 90
        2
 70
     0
 43
0.0
 10
222.0206274222585
 20
110.8568001030985
 10
222.0206274222585
 20
97.85680010309846
  0
LWPOLYLINE
  5
D0
330
1F
100
AcDbEntity
  8
0
  6
Continuous
 62
    18
420
        0
370
    25
100
AcDbPolyline
 90
        2
 70
     0
 43
0.0
 10
222.5206274222585
 20
97.35680010309846
 10
235.5206274222585
 20
97.35680010309846
  0
LWPOLYLINE
  5
D1
330
1F
100
AcDbEntity
  8
0
  6
Continuous
 62
    18
420
        0
370
    25
100
AcDbPolyline
 90
        2
 70
     0
 43
0.0
 10
236.0206274222585
 20
97.85680010309846
 10
236.0206274222585
 20
110.8568001030985
  0
LWPOLYLINE
  5
D2
330
1F
100
AcDbEntity
  8
0
  6
Continuous
 62
    18
420
        0
370
    25
100
AcDbPolyline
 90
        2
 70
     0
 43
0.0
 10
254.5706274222585
 20
111.3568001030985
 10
241.5706274222585
 20
111.3568001030985
  0
LWPOLYLINE
  5
D3
330
1F
100
AcDbEntity
  8
0
  6
Continuous
 62
    18
420
        0
370
    25
100
AcDbPolyline
 90
        2
 70
     0
 43
0.0
 10
241.0706274222585
 20
110.8568001030985
 10
241.0706274222585
 20
97.85680010309846
  0
LWPOLYLINE
  5
D4
330
1F
100
AcDbEntity
  8
0
  6
Continuous
 62
    18
420
        0
370
    25
100
AcDbPolyline
 90
        2
 70
     0
 43
0.0
 10
241.5706274222585
 20
97.35680010309846
 10
254.5706274222585
 20
97.35680010309846
  0
LWPOLYLINE
  5
D5
330
1F
100
AcDbEntity
  8
0
  6
Continuous
 62
    18
420
        0
370
    25
100
AcDbPolyline
 90
        2
 70
     0
 43
0.0
 10
255.0706274222585
 20
97.85680010309846
 10
255.0706274222585
 20
110.8568001030985
  0
LWPOLYLINE
  5
D6
330
1F
100
AcDbEntity
  8
0
  6
Continuous
 62
    18
420
        0
370
    25
100
AcDbPolyline
 90
        2
 70
     0
 43
0.0
 10
273.6206274222585
 20
111.3568001030985
 10
260.6206274222585
 20
111.3568001030985
  0
LWPOLYLINE
  5
D7
330
1F
100
AcDbEntity
  8
0
  6
Continuous
 62
    18
420
        0
370
    25
100
AcDbPolyline
 90
        2
 70
     0
 43
0.0
 10
260.1206274222585
 20
110.8568001030985
 10
260.1206274222585
 20
97.85680010309846
  0
LWPOLYLINE
  5
D8
330
1F
100
AcDbEntity
  8
0
  6
Continuous
 62
    18
420
        0
370
    25
100
AcDbPolyline
 90
        2
 70
     0
 43
0.0
 10
260.6206274222585
 20
97.35680010309846
 10
273.6206274222585
 20
97.35680010309846
  0
LWPOLYLINE
  5
D9
330
1F
100
AcDbEntity
  8
0
  6
Continuous
 62
    18
420
        0
370
    25
100
AcDbPolyline
 90
        2
 70
     0
 43
0.0
 10
274.1206274222585
 20
97.85680010309846
 10
274.1206274222585
 20
110.8568001030985
  0
LWPOLYLINE
  5
DA
330
1F
100
AcDbEntity
  8
0
  6
Continuous
 62
    18
420
        0
370
    25
100
AcDbPolyline
 90
        2
 70
     0
 43
0.0
 10
280.4331274222585
 20
111.3568001030985
 10
279.9331274222585
 20
111.3568001030985
  0
LWPOLYLINE
  5
DB
330
1F
100
AcDbEntity
  8
0
  6
Continuous
 62
    18
420
        0
370
    25
100
AcDbPolyline
 90
        2
 70
     0
 43
0.0
 10
279.4331274222585
 20
110.8568001030985
 10
279.4331274222585
 20
97.85680010309846
  0
LWPOLYLINE
  5
DC
330
1F
100
AcDbEntity
  8
0
  6
Continuous
 62
    18
420
        0
370
    25
100
AcDbPolyline
 90
        2
 70
     0
 43
0.0
 10
279.9331274222585
 20
97.35680010309846
 10
280.4331274222585
 20
97.35680010309846
  0
LWPOLYLINE
  5
DD
330
1F
100
AcDbEntity
  8
0
  6
Continuous
 62
    18
420
        0
370
    25
100
AcDbPolyline
 90
        2
 70
     0
 43
0.0
 10
280.9331274222585
 20
97.85680010309846
 10
280.9331274222585
 20
110.8568001030985
  0
LWPOLYLINE
  5
DE
330
1F
100
AcDbEntity
  8
0
  6
Continuous
 62
    18
420
        0
370
    25
100
AcDbPolyline
 90
        2
 70
     0
 43
0.0
 10
301.9331274222585
 20
111.3568001030985
 10
301.4331274222585
 20
111.3568001030985
  0
LWPOLYLINE
  5
DF
330
1F
100
AcDbEntity
  8
0
  6
Continuous
 62
    18
420
        0
370
    25
100
AcDbPolyline
 90
        2
 70
     0
 43
0.0
 10
300.9331274222585
 20
110.8568001030985
 10
300.9331274222585
 20
97.85680010309846
  0
LWPOLYLINE
  5
E0
330
1F
100
AcDbEntity
  8
0
  6
Continuous
 62
    18
420
        0
370
    25
100
AcDbPolyline
 90
        2
 70
     0
 43
0.0
 10
301.4331274222585
 20
97.35680010309846
 10
301.9331274222585
 20
97.35680010309846
  0
LWPOLYLINE
  5
E1
330
1F
100
AcDbEntity
  8
0
  6
Continuous
 62
    18
420
        0
370
    25
100
AcDbPolyline
 90
        2
 70
     0
 43
0.0
 10
302.4331274222585
 20
97.85680010309846
 10
302.4331274222585
 20
110.8568001030985
  0
LWPOLYLINE
  5
E2
330
1F
100
AcDbEntity
  8
0
  6
Continuous
 62
    18
420
        0
370
    25
100
AcDbPolyline
 90
        2
 70
     0
 43
0.0
 10
68.83312742225847
 20
92.30680010309845
 10
55.83312742225847
 20
92.30680010309845
  0
LWPOLYLINE
  5
E3
330
1F
100
AcDbEntity
  8
0
  6
Continuous
 62
    18
420
        0
370
    25
100
AcDbPolyline
 90
        2
 70
     0
 43
0.0
 10
55.33312742225849
 20
91.80680010309845
 10
55.33312742225849
 20
78.80680010309845
  0
LWPOLYLINE
  5
E4
330
1F
100
AcDbEntity
  8
0
  6
Continuous
 62
    18
420
        0
370
    25
100
AcDbPolyline
 90
        2
 70
     0
 43
0.0
 10
55.83312742225847
 20
78.30680010309847
 10
68.83312742225847
 20
78.30680010309847
  0
LWPOLYLINE
  5
E5
330
1F
100
AcDbEntity
  8
0
  6
Continuous
 62
    18
420
        0
370
    25
100
AcDbPolyline
 90
        2
 70
     0
 43
0.0
 10
69.33312742225847
 20
78.80680010309845
 10
69.33312742225847
 20
91.80680010309845
  0
LWPOLYLINE
  5
E6
330
1F
100
AcDbEntity
  8
0
  6
Continuous
 62
    18
420
        0
370
    25
100
AcDbPolyline
 90
        2
 70
     0
 43
0.0
 10
87.88312742225847
 20
92.30680010309845
 10
74.88312742225847
 20
92.30680010309845
  0
LWPOLYLINE
  5
E7
330
1F
100
AcDbEntity
  8
0
  6
Continuous
 62
    18
420
        0
370
    25
100
AcDbPolyline
 90
        2
 70
     0
 43
0.0
 10
74.38312742225847
 20
91.80680010309845
 10
74.38312742225847
 20
78.80680010309845
  0
LWPOLYLINE
  5
E8
330
1F
100
AcDbEntity
  8
0
  6
Continuous
 62
    18
420
        0
370
    25
100
AcDbPolyline
 90
        2
 70
     0
 43
0.0
 10
88.38312742225848
 20
78.80680010309845
 10
88.38312742225848
 20
91.80680010309845
  0
LWPOLYLINE
  5
E9
330
1F
100
AcDbEntity
  8
0
  6
Continuous
 62
    18
420
        0
370
    25
100
AcDbPolyline
 90
        2
 70
     0
 43
0.0
 10
106.9331274222585
 20
92.30680010309845
 10
93.93312742225847
 20
92.30680010309845
  0
LWPOLYLINE
  5
EA
330
1F
100
AcDbEntity
  8
0
  6
Continuous
 62
    18
420
        0
370
    25
100
AcDbPolyline
 90
        2
 70
     0
 43
0.0
 10
93.43312742225848
 20
91.80680010309845
 10
93.43312742225848
 20
78.80680010309845
  0
LWPOLYLINE
  5
EB
330
1F
100
AcDbEntity
  8
0
  6
Continuous
 62
    18
420
        0
370
    25
100
AcDbPolyline
 90
        2
 70
     0
 43
0.0
 10
93.93312742225847
 20
78.30680010309847
 10
106.9331274222585
 20
78.30680010309847
  0
LWPOLYLINE
  5
EC
330
1F
100
AcDbEntity
  8
0
  6
Continuous
 62
    18
420
        0
370
    25
100
AcDbPolyline
 90
        2
 70
     0
 43
0.0
 10
107.4331274222585
 20
78.80680010309845
 10
107.4331274222585
 20
91.80680010309845
  0
LWPOLYLINE
  5
ED
330
1F
100
AcDbEntity
  8
0
  6
Continuous
 62
    18
420
        0
370
    25
100
AcDbPolyline
 90
        2
 70
     0
 43
0.0
 10
125.9831274222585
 20
92.30680010309845
 10
112.9831274222585
 20
92.30680010309845
  0
LWPOLYLINE
  5
EE
330
1F
100
AcDbEntity
  8
0
  6
Continuous
 62
    18
420
        0
370
    25
100
AcDbPolyline
 90
        2
 70
     0
 43
0.0
 10
112.4831274222585
 20
91.80680010309845
 10
112.4831274222585
 20
78.80680010309845
  0
LWPOLYLINE
  5
EF
330
1F
100
AcDbEntity
  8
0
  6
Continuous
 62
    18
420
        0
370
    25
100
AcDbPolyline
 90
        2
 70
     0
 43
0.0
 10
112.9831274222585
 20
78.30680010309847
 10
125.9831274222585
 20
78.30680010309847
  0
LWPOLYLINE
  5
F0
330
1F
100
AcDbEntity
  8
0
  6
Continuous
 62
    18
420
        0
370
    25
100
AcDbPolyline
 90
        2
 70
     0
 43
0.0
 10
126.4831274222585
 20
78.80680010309845
 10
126.4831274222585
 20
91.80680010309845
  0
LWPOLYLINE
  5
F1
330
1F
100
AcDbEntity
  8
0
  6
Continuous
 62
    18
420
        0
370
    25
100
AcDbPolyline
 90
        2
 70
     0
 43
0.0
 10
145.0331274222585
 20
92.30680010309845
 10
132.0331274222585
 20
92.30680010309845
  0
LWPOLYLINE
  5
F2
330
1F
100
AcDbEntity
  8
0
  6
Continuous
 62
    18
420
        0
370
    25
100
AcDbPolyline
 90
        2
 70
     0
 43
0.0
 10
131.5331274222585
 20
91.80680010309845
 10
131.5331274222585
 20
78.80680010309845
  0
LWPOLYLINE
  5
F3
330
1F
100
AcDbEntity
  8
0
  6
Continuous
 62
    18
420
        0
370
    25
100
AcDbPolyline
 90
        2
 70
     0
 43
0.0
 10
132.0331274222585
 20
78.30680010309847
 10
145.0331274222585
 20
78.30680010309847
  0
LWPOLYLINE
  5
F4
330
1F
100
AcDbEntity
  8
0
  6
Continuous
 62
    18
420
        0
370
    25
100
AcDbPolyline
 90
        2
 70
     0
 43
0.0
 10
145.5331274222585
 20
78.80680010309845
 10
145.5331274222585
 20
91.80680010309845
  0
LWPOLYLINE
  5
F5
330
1F
100
AcDbEntity
  8
0
  6
Continuous
 62
    18
420
        0
370
    25
100
AcDbPolyline
 90
        2
 70
     0
 43
0.0
 10
164.0831274222585
 20
92.30680010309845
 10
151.0831274222585
 20
92.30680010309845
  0
LWPOLYLINE
  5
F6
330
1F
100
AcDbEntity
  8
0
  6
Continuous
 62
    18
420
        0
370
    25
100
AcDbPolyline
 90
        2
 70
     0
 43
0.0
 10
150.5831274222585
 20
91.80680010309845
 10
150.5831274222585
 20
78.80680010309845
  0
LWPOLYLINE
  5
F7
330
1F
100
AcDbEntity
  8
0
  6
Continuous
 62
    18
420
        0
370
    25
100
AcDbPolyline
 90
        2
 70
     0
 43
0.0
 10
151.0831274222585
 20
78.30680010309847
 10
164.0831274222585
 20
78.30680010309847
  0
LWPOLYLINE
  5
F8
330
1F
100
AcDbEntity
  8
0
  6
Continuous
 62
    18
420
        0
370
    25
100
AcDbPolyline
 90
        2
 70
     0
 43
0.0
 10
164.5831274222585
 20
78.80680010309845
 10
164.5831274222585
 20
91.80680010309845
  0
LWPOLYLINE
  5
F9
330
1F
100
AcDbEntity
  8
0
  6
Continuous
 62
    18
420
        0
370
    25
100
AcDbPolyline
 90
        2
 70
     0
 43
0.0
 10
183.1331274222584
 20
92.30680010309845
 10
170.1331274222585
 20
92.30680010309845
  0
LWPOLYLINE
  5
FA
330
1F
100
AcDbEntity
  8
0
  6
Continuous
 62
    18
420
        0
370
    25
100
AcDbPolyline
 90
        2
 70
     0
 43
0.0
 10
169.6331274222585
 20
91.80680010309845
 10
169.6331274222585
 20
78.80680010309845
  0
LWPOLYLINE
  5
FB
330
1F
100
AcDbEntity
  8
0
  6
Continuous
 62
    18
420
        0
370
    25
100
AcDbPolyline
 90
        2
 70
     0
 43
0.0
 10
170.1331274222585
 20
78.30680010309847
 10
183.1331274222584
 20
78.30680010309847
  0
LWPOLYLINE
  5
FC
330
1F
100
AcDbEntity
  8
0
  6
Continuous
 62
    18
420
        0
370
    25
100
AcDbPolyline
 90
        2
 70
     0
 43
0.0
 10
183.6331274222585
 20
78.80680010309845
 10
183.6331274222585
 20
91.80680010309845
  0
LWPOLYLINE
  5
FD
330
1F
100
AcDbEntity
  8
0
  6
Continuous
 62
    18
420
        0
370
    25
100
AcDbPolyline
 90
        2
 70
     0
 43
0.0
 10
202.1831274222585
 20
92.30680010309845
 10
189.1831274222585
 20
92.30680010309845
  0
LWPOLYLINE
  5
FE
330
1F
100
AcDbEntity
  8
0
  6
Continuous
 62
    18
420
        0
370
    25
100
AcDbPolyline
 90
        2
 70
     0
 43
0.0
 10
188.6831274222585
 20
91.80680010309845
 10
188.6831274222585
 20
78.80680010309845
  0
LWPOLYLINE
  5
FF
330
1F
100
AcDbEntity
  8
0
  6
Continuous
 62
    18
420
        0
370
    25
100
AcDbPolyline
 90
        2
 70
     0
 43
0.0
 10
189.1831274222585
 20
78.30680010309847
 10
202.1831274222585
 20
78.30680010309847
  0
LWPOLYLINE
  5
100
330
1F
100
AcDbEntity
  8
0
  6
Continuous
 62
    18
420
        0
370
    25
100
AcDbPolyline
 90
        2
 70
     0
 43
0.0
 10
202.6831274222585
 20
78.80680010309845
 10
202.6831274222585
 20
91.80680010309845
  0
LWPOLYLINE
  5
101
330
1F
100
AcDbEntity
  8
0
  6
Continuous
 62
    18
420
        0
370
    25
100
AcDbPolyline
 90
        2
 70
     0
 43
0.0
 10
221.2331274222584
 20
92.30680010309845
 10
208.2331274222585
 20
92.30680010309845
  0
LWPOLYLINE
  5
102
330
1F
100
AcDbEntity
  8
0
  6
Continuous
 62
    18
420
        0
370
    25
100
AcDbPolyline
 90
        2
 70
     0
 43
0.0
 10
207.7331274222585
 20
91.80680010309845
 10
207.7331274222585
 20
78.80680010309845
  0
LWPOLYLINE
  5
103
330
1F
100
AcDbEntity
  8
0
  6
Continuous
 62
    18
420
        0
370
    25
100
AcDbPolyline
 90
        2
 70
     0
 43
0.0
 10
208.2331274222585
 20
78.30680010309847
 10
221.2331274222584
 20
78.30680010309847
  0
LWPOLYLINE
  5
104
330
1F
100
AcDbEntity
  8
0
  6
Continuous
 62
    18
420
        0
370
    25
100
AcDbPolyline
 90
        2
 70
     0
 43
0.0
 10
221.7331274222585
 20
78.80680010309845
 10
221.7331274222585
 20
91.80680010309845
  0
LWPOLYLINE
  5
105
330
1F
100
AcDbEntity
  8
0
  6
Continuous
 62
    18
420
        0
370
    25
100
AcDbPolyline
 90
        2
 70
     0
 43
0.0
 10
240.2831274222584
 20
92.30680010309845
 10
227.2831274222585
 20
92.30680010309845
  0
LWPOLYLINE
  5
106
330
1F
100
AcDbEntity
  8
0
  6
Continuous
 62
    18
420
        0
370
    25
100
AcDbPolyline
 90
        2
 70
     0
 43
0.0
 10
226.7831274222585
 20
91.80680010309845
 10
226.7831274222585
 20
78.80680010309845
  0
LWPOLYLINE
  5
107
330
1F
100
AcDbEntity
  8
0
  6
Continuous
 62
    18
420
        0
370
    25
100
AcDbPolyline
 90
        2
 70
     0
 43
0.0
 10
227.2831274222585
 20
78.30680010309847
 10
240.2831274222584
 20
78.30680010309847
  0
LWPOLYLINE
  5
108
330
1F
100
AcDbEntity
  8
0
  6
Continuous
 62
    18
420
        0
370
    25
100
AcDbPolyline
 90
        2
 70
     0
 43
0.0
 10
240.7831274222584
 20
78.80680010309845
 10
240.7831274222584
 20
91.80680010309845
  0
LWPOLYLINE
  5
109
330
1F
100
AcDbEntity
  8
0
  6
Continuous
 62
    18
420
        0
370
    25
100
AcDbPolyline
 90
        2
 70
     0
 43
0.0
 10
259.3331274222585
 20
92.30680010309845
 10
246.3331274222585
 20
92.30680010309845
  0
LWPOLYLINE
  5
10A
330
1F
100
AcDbEntity
  8
0
  6
Continuous
 62
    18
420
        0
370
    25
100
AcDbPolyline
 90
        2
 70
     0
 43
0.0
 10
245.8331274222585
 20
91.80680010309845
 10
245.8331274222585
 20
78.80680010309845
  0
LWPOLYLINE
  5
10B
330
1F
100
AcDbEntity
  8
0
  6
Continuous
 62
    18
420
        0
370
    25
100
AcDbPolyline
 90
        2
 70
     0
 43
0.0
 10
246.3331274222585
 20
78.30680010309847
 10
259.3331274222585
 20
78.30680010309847
  0
LWPOLYLINE
  5
10C
330
1F
100
AcDbEntity
  8
0
  6
Continuous
 62
    18
420
        0
370
    25
100
AcDbPolyline
 90
        2
 70
     0
 43
0.0
 10
259.8331274222585
 20
78.80680010309845
 10
259.8331274222585
 20
91.80680010309845
  0
LWPOLYLINE
  5
10D
330
1F
100
AcDbEntity
  8
0
  6
Continuous
 62
    18
420
        0
370
    25
100
AcDbPolyline
 90
        2
 70
     0
 43
0.0
 10
268.8513774222585
 20
76.30680010309847
 10
274.8513774222585
 20
76.30680010309847
  0
LWPOLYLINE
  5
10E
330
1F
100
AcDbEntity
  8
0
  6
Continuous
 62
    18
420
        0
370
    25
100
AcDbPolyline
 90
        2
 70
     0
 43
0.0
 10
275.3513774222585
 20
76.80680010309847
 10
275.3513774222585
 20
78.30680010309847
  0
LWPOLYLINE
  5
10F
330
1F
100
AcDbEntity
  8
0
  6
Continuous
 62
    18
420
        0
370
    25
100
AcDbPolyline
 90
        2
 70
     0
 43
0.0
 10
275.3513774222585
 20
78.30680010309847
 10
290.2893774222585
 20
78.30680010309847
  0
LWPOLYLINE
  5
110
330
1F
100
AcDbEntity
  8
0
  6
Continuous
 62
    18
420
        0
370
    25
100
AcDbPolyline
 90
        2
 70
     0
 43
0.0
 10
290.7893774222585
 20
78.80680010309845
 10
290.7893774222585
 20
79.39380010309846
  0
LWPOLYLINE
  5
111
330
1F
100
AcDbEntity
  8
0
  6
Continuous
 62
    18
420
        0
370
    25
100
AcDbPolyline
 90
        2
 70
     0
 43
0.0
 10
290.7893774222585
 20
79.39380010309846
 10
292.2273774222584
 20
79.39380010309846
  0
LWPOLYLINE
  5
112
330
1F
100
AcDbEntity
  8
0
  6
Continuous
 62
    18
420
        0
370
    25
100
AcDbPolyline
 90
        2
 70
     0
 43
0.0
 10
292.2273774222584
 20
79.39380010309846
 10
292.2273774222584
 20
76.80680010309847
  0
LWPOLYLINE
  5
113
330
1F
100
AcDbEntity
  8
0
  6
Continuous
 62
    18
420
        0
370
    25
100
AcDbPolyline
 90
        2
 70
     0
 43
0.0
 10
292.7273774222585
 20
76.30680010309847
 10
298.7273774222585
 20
76.30680010309847
  0
LWPOLYLINE
  5
114
330
1F
100
AcDbEntity
  8
0
  6
Continuous
 62
    18
420
        0
370
    25
100
AcDbPolyline
 90
        2
 70
     0
 43
0.0
 10
299.2273774222584
 20
76.80680010309847
 10
299.2273774222584
 20
79.61196504499846
  0
LWPOLYLINE
  5
115
330
1F
100
AcDbEntity
  8
0
  6
Continuous
 62
    18
420
        0
370
    25
100
AcDbPolyline
 90
        2
 70
     0
 43
0.0
 10
299.3143774222585
 20
79.89380010309847
 10
299.3143774222585
 20
85.89380010309846
  0
LWPOLYLINE
  5
116
330
1F
100
AcDbEntity
  8
0
  6
Continuous
 62
    18
420
        0
370
    25
100
AcDbPolyline
 90
        2
 70
     0
 43
0.0
 10
299.2273774222584
 20
86.17563516129846
 10
299.2273774222584
 20
87.83180010309846
  0
LWPOLYLINE
  5
117
330
1F
100
AcDbEntity
  8
0
  6
Continuous
 62
    18
420
        0
370
    25
100
AcDbPolyline
 90
        2
 70
     0
 43
0.0
 10
299.2273774222584
 20
87.83180010309846
 10
299.8143774222585
 20
87.83180010309846
  0
LWPOLYLINE
  5
118
330
1F
100
AcDbEntity
  8
0
  6
Continuous
 62
    18
420
        0
370
    25
100
AcDbPolyline
 90
        2
 70
     0
 43
0.0
 10
300.3143774222585
 20
88.33180010309846
 10
300.3143774222585
 20
101.3318001030985
  0
LWPOLYLINE
  5
119
330
1F
100
AcDbEntity
  8
0
  6
Continuous
 62
    18
420
        0
370
    25
100
AcDbPolyline
 90
        2
 70
     0
 43
0.0
 10
299.8143774222585
 20
101.8318001030985
 10
297.9331274222585
 20
101.8318001030985
  0
LWPOLYLINE
  5
11A
330
1F
100
AcDbEntity
  8
0
  6
Continuous
 62
    18
420
        0
370
    25
100
AcDbPolyline
 90
        2
 70
     0
 43
0.0
 10
297.9331274222585
 20
101.8318001030985
 10
297.9331274222585
 20
103.2698001030985
  0
LWPOLYLINE
  5
11B
330
1F
100
AcDbEntity
  8
0
  6
Continuous
 62
    18
420
        0
370
    25
100
AcDbPolyline
 90
        2
 70
     0
 43
0.0
 10
297.9331274222585
 20
103.2698001030985
 10
298.8143774222585
 20
103.2698001030985
  0
LWPOLYLINE
  5
11C
330
1F
100
AcDbEntity
  8
0
  6
Continuous
 62
    18
420
        0
370
    25
100
AcDbPolyline
 90
        2
 70
     0
 43
0.0
 10
299.3143774222585
 20
103.7698001030985
 10
299.3143774222585
 20
109.7698001030985
  0
LWPOLYLINE
  5
11D
330
1F
100
AcDbEntity
  8
0
  6
Continuous
 62
    18
420
        0
370
    25
100
AcDbPolyline
 90
        2
 70
     0
 43
0.0
 10
298.8143774222585
 20
110.2698001030985
 10
297.9331274222585
 20
110.2698001030985
  0
LWPOLYLINE
  5
11E
330
1F
100
AcDbEntity
  8
0
  6
Continuous
 62
    18
420
        0
370
    25
100
AcDbPolyline
 90
        2
 70
     0
 43
0.0
 10
297.9331274222585
 20
110.2698001030985
 10
297.9331274222585
 20
110.8568001030985
  0
LWPOLYLINE
  5
11F
330
1F
100
AcDbEntity
  8
0
  6
Continuous
 62
    18
420
        0
370
    25
100
AcDbPolyline
 90
        2
 70
     0
 43
0.0
 10
297.4331274222585
 20
111.3568001030985
 10
284.4331274222585
 20
111.3568001030985
  0
LWPOLYLINE
  5
120
330
1F
100
AcDbEntity
  8
0
  6
Continuous
 62
    18
420
        0
370
    25
100
AcDbPolyline
 90
        2
 70
     0
 43
0.0
 10
283.9331274222585
 20
110.8568001030985
 10
283.9331274222585
 20
97.85680010309846
  0
LWPOLYLINE
  5
121
330
1F
100
AcDbEntity
  8
0
  6
Continuous
 62
    18
420
        0
370
    25
100
AcDbPolyline
 90
        2
 70
     0
 43
0.0
 10
284.4331274222585
 20
97.35680010309846
 10
286.3143774222585
 20
97.35680010309846
  0
LWPOLYLINE
  5
122
330
1F
100
AcDbEntity
  8
0
  6
Continuous
 62
    18
420
        0
370
    25
100
AcDbPolyline
 90
        2
 70
     0
 43
0.0
 10
286.3143774222585
 20
97.35680010309846
 10
286.3143774222585
 20
92.30680010309845
  0
LWPOLYLINE
  5
123
330
1F
100
AcDbEntity
  8
0
  6
Continuous
 62
    18
420
        0
370
    25
100
AcDbPolyline
 90
        2
 70
     0
 43
0.0
 10
286.3143774222585
 20
92.30680010309845
 10
265.3831274222585
 20
92.30680010309845
  0
LWPOLYLINE
  5
124
330
1F
100
AcDbEntity
  8
0
  6
Continuous
 62
    18
420
        0
370
    25
100
AcDbPolyline
 90
        2
 70
     0
 43
0.0
 10
264.8831274222584
 20
91.80680010309845
 10
264.8831274222584
 20
78.80680010309845
  0
LWPOLYLINE
  5
125
330
1F
100
AcDbEntity
  8
0
  6
Continuous
 62
    18
420
        0
370
    25
100
AcDbPolyline
 90
        2
 70
     0
 43
0.0
 10
265.3831274222585
 20
78.30680010309847
 10
268.3513774222585
 20
78.30680010309847
  0
LWPOLYLINE
  5
126
330
1F
100
AcDbEntity
  8
0
  6
Continuous
 62
    18
420
        0
370
    25
100
AcDbPolyline
 90
        2
 70
     0
 43
0.0
 10
268.3513774222585
 20
78.30680010309847
 10
268.3513774222585
 20
76.80680010309847
  0
LWPOLYLINE
  5
127
330
1F
100
AcDbEntity
  8
0
  6
Continuous
 62
    18
420
        0
370
    25
100
AcDbPolyline
 90
        2
 70
     0
 43
0.0
 10
59.30812742225847
 20
73.25680010309846
 10
24.87687742225847
 20
73.25680010309846
  0
LWPOLYLINE
  5
128
330
1F
100
AcDbEntity
  8
0
  6
Continuous
 62
    18
420
        0
370
    25
100
AcDbPolyline
 90
        2
 70
     0
 43
0.0
 10
24.37687742225849
 20
72.75680010309846
 10
24.37687742225849
 20
59.75680010309846
  0
LWPOLYLINE
  5
129
330
1F
100
AcDbEntity
  8
0
  6
Continuous
 62
    18
420
        0
370
    25
100
AcDbPolyline
 90
        2
 70
     0
 43
0.0
 10
24.87687742225847
 20
59.25680010309846
 10
25.46387742225846
 20
59.25680010309846
  0
LWPOLYLINE
  5
12A
330
1F
100
AcDbEntity
  8
0
  6
Continuous
 62
    18
420
        0
370
    25
100
AcDbPolyline
 90
        2
 70
     0
 43
0.0
 10
25.46387742225846
 20
59.25680010309846
 10
25.46387742225846
 20
57.75680010309846
  0
LWPOLYLINE
  5
12B
330
1F
100
AcDbEntity
  8
0
  6
Continuous
 62
    18
420
        0
370
    25
100
AcDbPolyline
 90
        2
 70
     0
 43
0.0
 10
25.96387742225847
 20
57.25680010309847
 10
31.96387742225847
 20
57.25680010309847
  0
LWPOLYLINE
  5
12C
330
1F
100
AcDbEntity
  8
0
  6
Continuous
 62
    18
420
        0
370
    25
100
AcDbPolyline
 90
        2
 70
     0
 43
0.0
 10
32.46387742225848
 20
57.75680010309846
 10
32.46387742225848
 20
59.25680010309846
  0
LWPOLYLINE
  5
12D
330
1F
100
AcDbEntity
  8
0
  6
Continuous
 62
    18
420
        0
370
    25
100
AcDbPolyline
 90
        2
 70
     0
 43
0.0
 10
32.46387742225848
 20
59.25680010309846
 10
49.33987742225848
 20
59.25680010309846
  0
LWPOLYLINE
  5
12E
330
1F
100
AcDbEntity
  8
0
  6
Continuous
 62
    18
420
        0
370
    25
100
AcDbPolyline
 90
        2
 70
     0
 43
0.0
 10
49.33987742225848
 20
59.25680010309846
 10
49.33987742225848
 20
57.75680010309846
  0
LWPOLYLINE
  5
12F
330
1F
100
AcDbEntity
  8
0
  6
Continuous
 62
    18
420
        0
370
    25
100
AcDbPolyline
 90
        2
 70
     0
 43
0.0
 10
49.83987742225847
 20
57.25680010309847
 10
55.83987742225847
 20
57.25680010309847
  0
LWPOLYLINE
  5
130
330
1F
100
AcDbEntity
  8
0
  6
Continuous
 62
    18
420
        0
370
    25
100
AcDbPolyline
 90
        2
 70
     0
 43
0.0
 10
56.33987742225847
 20
57.75680010309846
 10
56.33987742225847
 20
59.25680010309846
  0
LWPOLYLINE
  5
131
330
1F
100
AcDbEntity
  8
0
  6
Continuous
 62
    18
420
        0
370
    25
100
AcDbPolyline
 90
        2
 70
     0
 43
0.0
 10
56.33987742225847
 20
59.25680010309846
 10
59.30812742225847
 20
59.25680010309846
  0
LWPOLYLINE
  5
132
330
1F
100
AcDbEntity
  8
0
  6
Continuous
 62
    18
420
        0
370
    25
100
AcDbPolyline
 90
        2
 70
     0
 43
0.0
 10
59.80812742225847
 20
59.75680010309846
 10
59.80812742225847
 20
72.75680010309846
  0
LWPOLYLINE
  5
133
330
1F
100
AcDbEntity
  8
0
  6
Continuous
 62
    18
420
        0
370
    25
100
AcDbPolyline
 90
        2
 70
     0
 43
0.0
 10
78.35812742225848
 20
73.25680010309846
 10
65.35812742225848
 20
73.25680010309846
  0
LWPOLYLINE
  5
134
330
1F
100
AcDbEntity
  8
0
  6
Continuous
 62
    18
420
        0
370
    25
100
AcDbPolyline
 90
        2
 70
     0
 43
0.0
 10
64.85812742225846
 20
72.75680010309846
 10
64.85812742225846
 20
59.75680010309846
  0
LWPOLYLINE
  5
135
330
1F
100
AcDbEntity
  8
0
  6
Continuous
 62
    18
420
        0
370
    25
100
AcDbPolyline
 90
        2
 70
     0
 43
0.0
 10
65.35812742225848
 20
59.25680010309846
 10
78.35812742225848
 20
59.25680010309846
  0
LWPOLYLINE
  5
136
330
1F
100
AcDbEntity
  8
0
  6
Continuous
 62
    18
420
        0
370
    25
100
AcDbPolyline
 90
        2
 70
     0
 43
0.0
 10
78.85812742225846
 20
59.75680010309846
 10
78.85812742225846
 20
72.75680010309846
  0
LWPOLYLINE
  5
137
330
1F
100
AcDbEntity
  8
0
  6
Continuous
 62
    18
420
        0
370
    25
100
AcDbPolyline
 90
        2
 70
     0
 43
0.0
 10
97.40812742225846
 20
73.25680010309846
 10
84.40812742225847
 20
73.25680010309846
  0
LWPOLYLINE
  5
138
330
1F
100
AcDbEntity
  8
0
  6
Continuous
 62
    18
420
        0
370
    25
100
AcDbPolyline
 90
        2
 70
     0
 43
0.0
 10
83.90812742225846
 20
72.75680010309846
 10
83.90812742225846
 20
59.75680010309846
  0
LWPOLYLINE
  5
139
330
1F
100
AcDbEntity
  8
0
  6
Continuous
 62
    18
420
        0
370
    25
100
AcDbPolyline
 90
        2
 70
     0
 43
0.0
 10
84.40812742225847
 20
59.25680010309846
 10
97.40812742225846
 20
59.25680010309846
  0
LWPOLYLINE
  5
13A
330
1F
100
AcDbEntity
  8
0
  6
Continuous
 62
    18
420
        0
370
    25
100
AcDbPolyline
 90
        2
 70
     0
 43
0.0
 10
97.90812742225846
 20
59.75680010309846
 10
97.90812742225846
 20
72.75680010309846
  0
LWPOLYLINE
  5
13B
330
1F
100
AcDbEntity
  8
0
  6
Continuous
 62
    18
420
        0
370
    25
100
AcDbPolyline
 90
        2
 70
     0
 43
0.0
 10
116.4581274222585
 20
73.25680010309846
 10
103.4581274222585
 20
73.25680010309846
  0
LWPOLYLINE
  5
13C
330
1F
100
AcDbEntity
  8
0
  6
Continuous
 62
    18
420
        0
370
    25
100
AcDbPolyline
 90
        2
 70
     0
 43
0.0
 10
102.9581274222585
 20
72.75680010309846
 10
102.9581274222585
 20
59.75680010309846
  0
LWPOLYLINE
  5
13D
330
1F
100
AcDbEntity
  8
0
  6
Continuous
 62
    18
420
        0
370
    25
100
AcDbPolyline
 90
        2
 70
     0
 43
0.0
 10
103.4581274222585
 20
59.25680010309846
 10
116.4581274222585
 20
59.25680010309846
  0
LWPOLYLINE
  5
13E
330
1F
100
AcDbEntity
  8
0
  6
Continuous
 62
    18
420
        0
370
    25
100
AcDbPolyline
 90
        2
 70
     0
 43
0.0
 10
116.9581274222585
 20
59.75680010309846
 10
116.9581274222585
 20
72.75680010309846
  0
LWPOLYLINE
  5
13F
330
1F
100
AcDbEntity
  8
0
  6
Continuous
 62
    18
420
        0
370
    25
100
AcDbPolyline
 90
        2
 70
     0
 43
0.0
 10
135.5081274222585
 20
73.25680010309846
 10
122.5081274222585
 20
73.25680010309846
  0
LWPOLYLINE
  5
140
330
1F
100
AcDbEntity
  8
0
  6
Continuous
 62
    18
420
        0
370
    25
100
AcDbPolyline
 90
        2
 70
     0
 43
0.0
 10
122.0081274222585
 20
72.75680010309846
 10
122.0081274222585
 20
59.75680010309846
  0
LWPOLYLINE
  5
141
330
1F
100
AcDbEntity
  8
0
  6
Continuous
 62
    18
420
        0
370
    25
100
AcDbPolyline
 90
        2
 70
     0
 43
0.0
 10
122.5081274222585
 20
59.25680010309846
 10
135.5081274222585
 20
59.25680010309846
  0
LWPOLYLINE
  5
142
330
1F
100
AcDbEntity
  8
0
  6
Continuous
 62
    18
420
        0
370
    25
100
AcDbPolyline
 90
        2
 70
     0
 43
0.0
 10
136.0081274222585
 20
59.75680010309846
 10
136.0081274222585
 20
72.75680010309846
  0
LWPOLYLINE
  5
143
330
1F
100
AcDbEntity
  8
0
  6
Continuous
 62
    18
420
        0
370
    25
100
AcDbPolyline
 90
        2
 70
     0
 43
0.0
 10
154.5581274222585
 20
73.25680010309846
 10
141.5581274222585
 20
73.25680010309846
  0
LWPOLYLINE
  5
144
330
1F
100
AcDbEntity
  8
0
  6
Continuous
 62
    18
420
        0
370
    25
100
AcDbPolyline
 90
        2
 70
     0
 43
0.0
 10
141.0581274222585
 20
72.75680010309846
 10
141.0581274222585
 20
59.75680010309846
  0
LWPOLYLINE
  5
145
330
1F
100
AcDbEntity
  8
0
  6
Continuous
 62
    18
420
        0
370
    25
100
AcDbPolyline
 90
        2
 70
     0
 43
0.0
 10
141.5581274222585
 20
59.25680010309846
 10
154.5581274222585
 20
59.25680010309846
  0
LWPOLYLINE
  5
146
330
1F
100
AcDbEntity
  8
0
  6
Continuous
 62
    18
420
        0
370
    25
100
AcDbPolyline
 90
        2
 70
     0
 43
0.0
 10
155.0581274222585
 20
59.75680010309846
 10
155.0581274222585
 20
72.75680010309846
  0
LWPOLYLINE
  5
147
330
1F
100
AcDbEntity
  8
0
  6
Continuous
 62
    18
420
        0
370
    25
100
AcDbPolyline
 90
        2
 70
     0
 43
0.0
 10
173.6081274222585
 20
73.25680010309846
 10
160.6081274222585
 20
73.25680010309846
  0
LWPOLYLINE
  5
148
330
1F
100
AcDbEntity
  8
0
  6
Continuous
 62
    18
420
        0
370
    25
100
AcDbPolyline
 90
        2
 70
     0
 43
0.0
 10
160.1081274222585
 20
72.75680010309846
 10
160.1081274222585
 20
59.75680010309846
  0
LWPOLYLINE
  5
149
330
1F
100
AcDbEntity
  8
0
  6
Continuous
 62
    18
420
        0
370
    25
100
AcDbPolyline
 90
        2
 70
     0
 43
0.0
 10
160.6081274222585
 20
59.25680010309846
 10
173.6081274222585
 20
59.25680010309846
  0
LWPOLYLINE
  5
14A
330
1F
100
AcDbEntity
  8
0
  6
Continuous
 62
    18
420
        0
370
    25
100
AcDbPolyline
 90
        2
 70
     0
 43
0.0
 10
174.1081274222585
 20
59.75680010309846
 10
174.1081274222585
 20
72.75680010309846
  0
LWPOLYLINE
  5
14B
330
1F
100
AcDbEntity
  8
0
  6
Continuous
 62
    18
420
        0
370
    25
100
AcDbPolyline
 90
        2
 70
     0
 43
0.0
 10
192.6581274222585
 20
73.25680010309846
 10
179.6581274222585
 20
73.25680010309846
  0
LWPOLYLINE
  5
14C
330
1F
100
AcDbEntity
  8
0
  6
Continuous
 62
    18
420
        0
370
    25
100
AcDbPolyline
 90
        2
 70
     0
 43
0.0
 10
179.1581274222585
 20
72.75680010309846
 10
179.1581274222585
 20
59.75680010309846
  0
LWPOLYLINE
  5
14D
330
1F
100
AcDbEntity
  8
0
  6
Continuous
 62
    18
420
        0
370
    25
100
AcDbPolyline
 90
        2
 70
     0
 43
0.0
 10
179.6581274222585
 20
59.25680010309846
 10
192.6581274222585
 20
59.25680010309846
  0
LWPOLYLINE
  5
14E
330
1F
100
AcDbEntity
  8
0
  6
Continuous
 62
    18
420
        0
370
    25
100
AcDbPolyline
 90
        2
 70
     0
 43
0.0
 10
193.1581274222584
 20
59.75680010309846
 10
193.1581274222584
 20
72.75680010309846
  0
LWPOLYLINE
  5
14F
330
1F
100
AcDbEntity
  8
0
  6
Continuous
 62
    18
420
        0
370
    25
100
AcDbPolyline
 90
        2
 70
     0
 43
0.0
 10
211.7081274222585
 20
73.25680010309846
 10
198.7081274222585
 20
73.25680010309846
  0
LWPOLYLINE
  5
150
330
1F
100
AcDbEntity
  8
0
  6
Continuous
 62
    18
420
        0
370
    25
100
AcDbPolyline
 90
        2
 70
     0
 43
0.0
 10
198.2081274222585
 20
72.75680010309846
 10
198.2081274222585
 20
59.75680010309846
  0
LWPOLYLINE
  5
151
330
1F
100
AcDbEntity
  8
0
  6
Continuous
 62
    18
420
        0
370
    25
100
AcDbPolyline
 90
        2
 70
     0
 43
0.0
 10
198.7081274222585
 20
59.25680010309846
 10
211.7081274222585
 20
59.25680010309846
  0
LWPOLYLINE
  5
152
330
1F
100
AcDbEntity
  8
0
  6
Continuous
 62
    18
420
        0
370
    25
100
AcDbPolyline
 90
        2
 70
     0
 43
0.0
 10
212.2081274222585
 20
59.75680010309846
 10
212.2081274222585
 20
72.75680010309846
  0
LWPOLYLINE
  5
153
330
1F
100
AcDbEntity
  8
0
  6
Continuous
 62
    18
420
        0
370
    25
100
AcDbPolyline
 90
        2
 70
     0
 43
0.0
 10
230.7581274222585
 20
73.25680010309846
 10
217.7581274222585
 20
73.25680010309846
  0
LWPOLYLINE
  5
154
330
1F
100
AcDbEntity
  8
0
  6
Continuous
 62
    18
420
        0
370
    25
100
AcDbPolyline
 90
        2
 70
     0
 43
0.0
 10
217.2581274222585
 20
72.75680010309846
 10
217.2581274222585
 20
59.75680010309846
  0
LWPOLYLINE
  5
155
330
1F
100
AcDbEntity
  8
0
  6
Continuous
 62
    18
420
        0
370
    25
100
AcDbPolyline
 90
        2
 70
     0
 43
0.0
 10
217.7581274222585
 20
59.25680010309846
 10
230.7581274222585
 20
59.25680010309846
  0
LWPOLYLINE
  5
156
330
1F
100
AcDbEntity
  8
0
  6
Continuous
 62
    18
420
        0
370
    25
100
AcDbPolyline
 90
        2
 70
     0
 43
0.0
 10
231.2581274222585
 20
59.75680010309846
 10
231.2581274222585
 20
72.75680010309846
  0
LWPOLYLINE
  5
157
330
1F
100
AcDbEntity
  8
0
  6
Continuous
 62
    18
420
        0
370
    25
100
AcDbPolyline
 90
        2
 70
     0
 43
0.0
 10
249.8081274222585
 20
73.25680010309846
 10
236.8081274222585
 20
73.25680010309846
  0
LWPOLYLINE
  5
158
330
1F
100
AcDbEntity
  8
0
  6
Continuous
 62
    18
420
        0
370
    25
100
AcDbPolyline
 90
        2
 70
     0
 43
0.0
 10
236.3081274222585
 20
72.75680010309846
 10
236.3081274222585
 20
59.75680010309846
  0
LWPOLYLINE
  5
159
330
1F
100
AcDbEntity
  8
0
  6
Continuous
 62
    18
420
        0
370
    25
100
AcDbPolyline
 90
        2
 70
     0
 43
0.0
 10
236.8081274222585
 20
59.25680010309846
 10
249.8081274222585
 20
59.25680010309846
  0
LWPOLYLINE
  5
15A
330
1F
100
AcDbEntity
  8
0
  6
Continuous
 62
    18
420
        0
370
    25
100
AcDbPolyline
 90
        2
 70
     0
 43
0.0
 10
250.3081274222585
 20
59.75680010309846
 10
250.3081274222585
 20
72.75680010309846
  0
LWPOLYLINE
  5
15B
330
1F
100
AcDbEntity
  8
0
  6
Continuous
 62
    18
420
        0
370
    25
100
AcDbPolyline
 90
        2
 70
     0
 43
0.0
 10
276.0018774222584
 20
73.25680010309846
 10
263.0018774222585
 20
73.25680010309846
  0
LWPOLYLINE
  5
15C
330
1F
100
AcDbEntity
  8
0
  6
Continuous
 62
    18
420
        0
370
    25
100
AcDbPolyline
 90
        2
 70
     0
 43
0.0
 10
262.5018774222585
 20
72.75680010309846
 10
262.5018774222585
 20
59.75680010309846
  0
LWPOLYLINE
  5
15D
330
1F
100
AcDbEntity
  8
0
  6
Continuous
 62
    18
420
        0
370
    25
100
AcDbPolyline
 90
        2
 70
     0
 43
0.0
 10
263.0018774222585
 20
59.25680010309846
 10
276.0018774222584
 20
59.25680010309846
  0
LWPOLYLINE
  5
15E
330
1F
100
AcDbEntity
  8
0
  6
Continuous
 62
    18
420
        0
370
    25
100
AcDbPolyline
 90
        2
 70
     0
 43
0.0
 10
276.5018774222585
 20
59.75680010309846
 10
276.5018774222585
 20
72.75680010309846
  0
LWPOLYLINE
  5
15F
330
1F
100
AcDbEntity
  8
0
  6
Continuous
 62
    18
420
        0
370
    25
100
AcDbPolyline
 90
        2
 70
     0
 43
0.0
 10
259.0018774222585
 20
73.25680010309846
 10
258.5018774222585
 20
73.25680010309846
  0
LWPOLYLINE
  5
160
330
1F
100
AcDbEntity
  8
0
  6
Continuous
 62
    18
420
        0
370
    25
100
AcDbPolyline
 90
        2
 70
     0
 43
0.0
 10
258.0018774222585
 20
72.75680010309846
 10
258.0018774222585
 20
59.75680010309846
  0
LWPOLYLINE
  5
161
330
1F
100
AcDbEntity
  8
0
  6
Continuous
 62
    18
420
        0
370
    25
100
AcDbPolyline
 90
        2
 70
     0
 43
0.0
 10
258.5018774222585
 20
59.25680010309846
 10
259.0018774222585
 20
59.25680010309846
  0
LWPOLYLINE
  5
162
330
1F
100
AcDbEntity
  8
0
  6
Continuous
 62
    18
420
        0
370
    25
100
AcDbPolyline
 90
        2
 70
     0
 43
0.0
 10
259.5018774222585
 20
59.75680010309846
 10
259.5018774222585
 20
72.75680010309846
  0
LWPOLYLINE
  5
163
330
1F
100
AcDbEntity
  8
0
  6
Continuous
 62
    18
420
        0
370
    25
100
AcDbPolyline
 90
        2
 70
     0
 43
0.0
 10
280.5018774222585
 20
73.25680010309846
 10
280.0018774222585
 20
73.25680010309846
  0
LWPOLYLINE
  5
164
330
1F
100
AcDbEntity
  8
0
  6
Continuous
 62
    18
420
        0
370
    25
100
AcDbPolyline
 90
        2
 70
     0
 43
0.0
 10
279.5018774222585
 20
72.75680010309846
 10
279.5018774222585
 20
59.75680010309846
  0
LWPOLYLINE
  5
165
330
1F
100
AcDbEntity
  8
0
  6
Continuous
 62
    18
420
        0
370
    25
100
AcDbPolyline
 90
        2
 70
     0
 43
0.0
 10
280.0018774222585
 20
59.25680010309846
 10
280.5018774222585
 20
59.25680010309846
  0
LWPOLYLINE
  5
166
330
1F
100
AcDbEntity
  8
0
  6
Continuous
 62
    18
420
        0
370
    25
100
AcDbPolyline
 90
        2
 70
     0
 43
0.0
 10
281.0018774222585
 20
59.75680010309846
 10
281.0018774222585
 20
72.75680010309846
  0
LWPOLYLINE
  5
167
330
1F
100
AcDbEntity
  8
0
  6
Continuous
 62
    18
420
        0
370
    25
100
AcDbPolyline
 90
        2
 70
     0
 43
0.0
 10
23.25812742225848
 20
54.20680010309846
 10
22.75812742225848
 20
54.20680010309846
  0
LWPOLYLINE
  5
168
330
1F
100
AcDbEntity
  8
0
  6
Continuous
 62
    18
420
        0
370
    25
100
AcDbPolyline
 90
        2
 70
     0
 43
0.0
 10
22.25812742225847
 20
53.70680010309846
 10
22.25812742225847
 20
40.70680010309846
  0
LWPOLYLINE
  5
169
330
1F
100
AcDbEntity
  8
0
  6
Continuous
 62
    18
420
        0
370
    25
100
AcDbPolyline
 90
        2
 70
     0
 43
0.0
 10
22.75812742225848
 20
40.20680010309846
 10
23.25812742225848
 20
40.20680010309846
  0
LWPOLYLINE
  5
16A
330
1F
100
AcDbEntity
  8
0
  6
Continuous
 62
    18
420
        0
370
    25
100
AcDbPolyline
 90
        2
 70
     0
 43
0.0
 10
23.75812742225847
 20
40.70680010309846
 10
23.75812742225847
 20
53.70680010309846
  0
LWPOLYLINE
  5
16B
330
1F
100
AcDbEntity
  8
0
  6
Continuous
 62
    18
420
        0
370
    25
100
AcDbPolyline
 90
        2
 70
     0
 43
0.0
 10
44.75812742225848
 20
54.20680010309846
 10
44.25812742225848
 20
54.20680010309846
  0
LWPOLYLINE
  5
16C
330
1F
100
AcDbEntity
  8
0
  6
Continuous
 62
    18
420
        0
370
    25
100
AcDbPolyline
 90
        2
 70
     0
 43
0.0
 10
43.75812742225847
 20
53.70680010309846
 10
43.75812742225847
 20
40.70680010309846
  0
LWPOLYLINE
  5
16D
330
1F
100
AcDbEntity
  8
0
  6
Continuous
 62
    18
420
        0
370
    25
100
AcDbPolyline
 90
        2
 70
     0
 43
0.0
 10
44.25812742225848
 20
40.20680010309846
 10
44.75812742225848
 20
40.20680010309846
  0
LWPOLYLINE
  5
16E
330
1F
100
AcDbEntity
  8
0
  6
Continuous
 62
    18
420
        0
370
    25
100
AcDbPolyline
 90
        2
 70
     0
 43
0.0
 10
45.25812742225847
 20
40.70680010309846
 10
45.25812742225847
 20
53.70680010309846
  0
LWPOLYLINE
  5
16F
330
1F
100
AcDbEntity
  8
0
  6
Continuous
 62
    18
420
        0
370
    25
100
AcDbPolyline
 90
        2
 70
     0
 43
0.0
 10
40.75812742225847
 20
40.70680010309846
 10
40.75812742225847
 20
53.70680010309846
  0
LWPOLYLINE
  5
170
330
1F
100
AcDbEntity
  8
0
  6
Continuous
 62
    18
420
        0
370
    25
100
AcDbPolyline
 90
        2
 70
     0
 43
0.0
 10
40.25812742225846
 20
54.20680010309846
 10
24.87687742225847
 20
54.20680010309846
  0
LWPOLYLINE
  5
171
330
1F
100
AcDbEntity
  8
0
  6
Continuous
 62
    18
420
        0
370
    25
100
AcDbPolyline
 90
        2
 70
     0
 43
0.0
 10
24.37687742225849
 20
53.70680010309846
 10
24.37687742225849
 20
40.70680010309846
  0
LWPOLYLINE
  5
172
330
1F
100
AcDbEntity
  8
0
  6
Continuous
 62
    18
420
        0
370
    25
100
AcDbPolyline
 90
        2
 70
     0
 43
0.0
 10
24.87687742225847
 20
40.20680010309846
 10
40.25812742225846
 20
40.20680010309846
  0
LWPOLYLINE
  5
173
330
1F
100
AcDbEntity
  8
0
  6
Continuous
 62
    18
420
        0
370
    25
100
AcDbPolyline
 90
        2
 70
     0
 43
0.0
 10
66.45187742225848
 20
54.20680010309846
 10
48.68937742225847
 20
54.20680010309846
  0
LWPOLYLINE
  5
174
330
1F
100
AcDbEntity
  8
0
  6
Continuous
 62
    18
420
        0
370
    25
100
AcDbPolyline
 90
        2
 70
     0
 43
0.0
 10
48.18937742225847
 20
53.70680010309846
 10
48.18937742225847
 20
40.70680010309846
  0
LWPOLYLINE
  5
175
330
1F
100
AcDbEntity
  8
0
  6
Continuous
 62
    18
420
        0
370
    25
100
AcDbPolyline
 90
        2
 70
     0
 43
0.0
 10
48.68937742225847
 20
40.20680010309846
 10
66.45187742225848
 20
40.20680010309846
  0
LWPOLYLINE
  5
176
330
1F
100
AcDbEntity
  8
0
  6
Continuous
 62
    18
420
        0
370
    25
100
AcDbPolyline
 90
        2
 70
     0
 43
0.0
 10
66.95187742225846
 20
40.70680010309846
 10
66.95187742225846
 20
53.70680010309846
  0
LWPOLYLINE
  5
177
330
1F
100
AcDbEntity
  8
0
  6
Continuous
 62
    18
420
        0
370
    25
100
AcDbPolyline
 90
        2
 70
     0
 43
0.0
 10
86.00187742225846
 20
40.70680010309846
 10
86.00187742225846
 20
53.70680010309846
  0
LWPOLYLINE
  5
178
330
1F
100
AcDbEntity
  8
0
  6
Continuous
 62
    18
420
        0
370
    25
100
AcDbPolyline
 90
        2
 70
     0
 43
0.0
 10
85.50187742225847
 20
54.20680010309846
 10
72.50187742225847
 20
54.20680010309846
  0
LWPOLYLINE
  5
179
330
1F
100
AcDbEntity
  8
0
  6
Continuous
 62
    18
420
        0
370
    25
100
AcDbPolyline
 90
        2
 70
     0
 43
0.0
 10
72.00187742225846
 20
53.70680010309846
 10
72.00187742225846
 20
40.70680010309846
  0
LWPOLYLINE
  5
17A
330
1F
100
AcDbEntity
  8
0
  6
Continuous
 62
    18
420
        0
370
    25
100
AcDbPolyline
 90
        2
 70
     0
 43
0.0
 10
72.50187742225847
 20
40.20680010309846
 10
77.88312742225848
 20
40.20680010309846
  0
LWPOLYLINE
  5
17B
330
1F
100
AcDbEntity
  8
0
  6
Continuous
 62
    18
420
        0
370
    25
100
AcDbPolyline
 90
        2
 70
     0
 43
0.0
 10
77.88312742225848
 20
40.20680010309846
 10
77.88312742225848
 20
38.70680010309846
  0
LWPOLYLINE
  5
17C
330
1F
100
AcDbEntity
  8
0
  6
Continuous
 62
    18
420
        0
370
    25
100
AcDbPolyline
 90
        2
 70
     0
 43
0.0
 10
78.38312742225847
 20
38.20680010309847
 10
84.38312742225847
 20
38.20680010309847
  0
LWPOLYLINE
  5
17D
330
1F
100
AcDbEntity
  8
0
  6
Continuous
 62
    18
420
        0
370
    25
100
AcDbPolyline
 90
        2
 70
     0
 43
0.0
 10
84.88312742225847
 20
38.70680010309846
 10
84.88312742225847
 20
39.70680010309847
  0
LWPOLYLINE
  5
17E
330
1F
100
AcDbEntity
  8
0
  6
Continuous
 62
    18
420
        0
370
    25
100
AcDbPolyline
 90
        2
 70
     0
 43
0.0
 10
85.38312742225848
 20
40.20680010309846
 10
85.50187742225847
 20
40.20680010309846
  0
LWPOLYLINE
  5
17F
330
1F
100
AcDbEntity
  8
0
  6
Continuous
 62
    18
420
        0
370
    25
100
AcDbPolyline
 90
        2
 70
     0
 43
0.0
 10
228.3768774222584
 20
54.20680010309846
 10
210.6143774222585
 20
54.20680010309846
  0
LWPOLYLINE
  5
180
330
1F
100
AcDbEntity
  8
0
  6
Continuous
 62
    18
420
        0
370
    25
100
AcDbPolyline
 90
        2
 70
     0
 43
0.0
 10
210.1143774222585
 20
53.70680010309846
 10
210.1143774222585
 20
40.70680010309846
  0
LWPOLYLINE
  5
181
330
1F
100
AcDbEntity
  8
0
  6
Continuous
 62
    18
420
        0
370
    25
100
AcDbPolyline
 90
        2
 70
     0
 43
0.0
 10
210.6143774222585
 20
40.20680010309846
 10
228.3768774222584
 20
40.20680010309846
  0
LWPOLYLINE
  5
182
330
1F
100
AcDbEntity
  8
0
  6
Continuous
 62
    18
420
        0
370
    25
100
AcDbPolyline
 90
        2
 70
     0
 43
0.0
 10
228.8768774222584
 20
40.70680010309846
 10
228.8768774222584
 20
53.70680010309846
  0
LWPOLYLINE
  5
183
330
1F
100
AcDbEntity
  8
0
  6
Continuous
 62
    18
420
        0
370
    25
100
AcDbPolyline
 90
        2
 70
     0
 43
0.0
 10
232.8081274222585
 20
54.20680010309846
 10
232.3081274222585
 20
54.20680010309846
  0
LWPOLYLINE
  5
184
330
1F
100
AcDbEntity
  8
0
  6
Continuous
 62
    18
420
        0
370
    25
100
AcDbPolyline
 90
        2
 70
     0
 43
0.0
 10
231.8081274222585
 20
53.70680010309846
 10
231.8081274222585
 20
40.70680010309846
  0
LWPOLYLINE
  5
185
330
1F
100
AcDbEntity
  8
0
  6
Continuous
 62
    18
420
        0
370
    25
100
AcDbPolyline
 90
        2
 70
     0
 43
0.0
 10
232.3081274222585
 20
40.20680010309846
 10
232.8081274222585
 20
40.20680010309846
  0
LWPOLYLINE
  5
186
330
1F
100
AcDbEntity
  8
0
  6
Continuous
 62
    18
420
        0
370
    25
100
AcDbPolyline
 90
        2
 70
     0
 43
0.0
 10
233.3081274222585
 20
40.70680010309846
 10
233.3081274222585
 20
53.70680010309846
  0
LWPOLYLINE
  5
187
330
1F
100
AcDbEntity
  8
0
  6
Continuous
 62
    18
420
        0
370
    25
100
AcDbPolyline
 90
        2
 70
     0
 43
0.0
 10
254.3081274222585
 20
54.20680010309846
 10
253.8081274222585
 20
54.20680010309846
  0
LWPOLYLINE
  5
188
330
1F
100
AcDbEntity
  8
0
  6
Continuous
 62
    18
420
        0
370
    25
100
AcDbPolyline
 90
        2
 70
     0
 43
0.0
 10
253.3081274222585
 20
53.70680010309846
 10
253.3081274222585
 20
40.70680010309846
  0
LWPOLYLINE
  5
189
330
1F
100
AcDbEntity
  8
0
  6
Continuous
 62
    18
420
        0
370
    25
100
AcDbPolyline
 90
        2
 70
     0
 43
0.0
 10
253.8081274222585
 20
40.20680010309846
 10
254.3081274222585
 20
40.20680010309846
  0
LWPOLYLINE
  5
18A
330
1F
100
AcDbEntity
  8
0
  6
Continuous
 62
    18
420
        0
370
    25
100
AcDbPolyline
 90
        2
 70
     0
 43
0.0
 10
254.8081274222585
 20
40.70680010309846
 10
254.8081274222585
 20
53.70680010309846
  0
LWPOLYLINE
  5
18B
330
1F
100
AcDbEntity
  8
0
  6
Continuous
 62
    18
420
        0
370
    25
100
AcDbPolyline
 90
        2
 70
     0
 43
0.0
 10
252.1893774222584
 20
54.20680010309846
 10
236.8081274222585
 20
54.20680010309846
  0
LWPOLYLINE
  5
18C
330
1F
100
AcDbEntity
  8
0
  6
Continuous
 62
    18
420
        0
370
    25
100
AcDbPolyline
 90
        2
 70
     0
 43
0.0
 10
236.3081274222585
 20
53.70680010309846
 10
236.3081274222585
 20
40.70680010309846
  0
LWPOLYLINE
  5
18D
330
1F
100
AcDbEntity
  8
0
  6
Continuous
 62
    18
420
        0
370
    25
100
AcDbPolyline
 90
        2
 70
     0
 43
0.0
 10
236.8081274222585
 20
40.20680010309846
 10
252.1893774222584
 20
40.20680010309846
  0
LWPOLYLINE
  5
18E
330
1F
100
AcDbEntity
  8
0
  6
Continuous
 62
    18
420
        0
370
    25
100
AcDbPolyline
 90
        2
 70
     0
 43
0.0
 10
252.6893774222585
 20
40.70680010309846
 10
252.6893774222585
 20
53.70680010309846
  0
LWPOLYLINE
  5
18F
330
1F
100
AcDbEntity
  8
0
  6
Continuous
 62
    18
420
        0
370
    25
100
AcDbPolyline
 90
        2
 70
     0
 43
0.0
 10
69.40721642225846
 20
135.0235141030984
 10
44.20721642225848
 20
135.0235141030984
  0
LWPOLYLINE
  5
190
330
1F
100
AcDbEntity
  8
0
  6
Continuous
 62
    18
420
        0
370
    25
100
AcDbPolyline
 90
        2
 70
     0
 43
0.0
 10
43.95721642225848
 20
134.7735141030984
 10
43.95721642225848
 20
134.2735141030984
  0
LWPOLYLINE
  5
191
330
1F
100
AcDbEntity
  8
0
  6
Continuous
 62
    18
420
        0
370
    25
100
AcDbPolyline
 90
        2
 70
     0
 43
0.0
 10
44.20721642225848
 20
134.0235141030984
 10
69.40721642225846
 20
134.0235141030984
  0
LWPOLYLINE
  5
192
330
1F
100
AcDbEntity
  8
0
  6
Continuous
 62
    18
420
        0
370
    25
100
AcDbPolyline
 90
        2
 70
     0
 43
0.0
 10
69.65721642225847
 20
134.2735141030984
 10
69.65721642225847
 20
134.7735141030984
  0
LWPOLYLINE
  5
193
330
1F
100
AcDbEntity
  8
0
  6
Continuous
 62
    18
420
        0
370
    25
100
AcDbPolyline
 90
        2
 70
     0
 43
0.0
 10
333.5498414222585
 20
72.42351410309846
 10
333.5498414222585
 20
97.62351410309847
  0
LWPOLYLINE
  5
194
330
1F
100
AcDbEntity
  8
0
  6
Continuous
 62
    18
420
        0
370
    25
100
AcDbPolyline
 90
        2
 70
     0
 43
0.0
 10
333.2998414222585
 20
97.87351410309847
 10
332.7998414222585
 20
97.87351410309847
  0
LWPOLYLINE
  5
195
330
1F
100
AcDbEntity
  8
0
  6
Continuous
 62
    18
420
        0
370
    25
100
AcDbPolyline
 90
        2
 70
     0
 43
0.0
 10
332.5498414222585
 20
97.62351410309847
 10
332.5498414222585
 20
72.42351410309846
  0
LWPOLYLINE
  5
196
330
1F
100
AcDbEntity
  8
0
  6
Continuous
 62
    18
420
        0
370
    25
100
AcDbPolyline
 90
        2
 70
     0
 43
0.0
 10
332.7998414222585
 20
72.17351410309846
 10
333.2998414222585
 20
72.17351410309846
  0
LWPOLYLINE
  5
197
330
1F
100
AcDbEntity
  8
0
  6
Continuous
 62
    18
420
        0
370
    25
100
AcDbPolyline
 90
        2
 70
     0
 43
0.0
 10
44.20721642225848
 20
35.12351410309846
 10
69.40721642225846
 20
35.12351410309846
  0
LWPOLYLINE
  5
198
330
1F
100
AcDbEntity
  8
0
  6
Continuous
 62
    18
420
        0
370
    25
100
AcDbPolyline
 90
        2
 70
     0
 43
0.0
 10
69.65721642225847
 20
35.37351410309847
 10
69.65721642225847
 20
35.87351410309847
  0
LWPOLYLINE
  5
199
330
1F
100
AcDbEntity
  8
0
  6
Continuous
 62
    18
420
        0
370
    25
100
AcDbPolyline
 90
        2
 70
     0
 43
0.0
 10
69.40721642225846
 20
36.12351410309846
 10
44.20721642225848
 20
36.12351410309846
  0
LWPOLYLINE
  5
19A
330
1F
100
AcDbEntity
  8
0
  6
Continuous
 62
    18
420
        0
370
    25
100
AcDbPolyline
 90
        2
 70
     0
 43
0.0
 10
43.95721642225848
 20
35.87351410309847
 10
43.95721642225848
 20
35.37351410309847
  0
LWPOLYLINE
  5
19B
330
1F
100
AcDbEntity
  8
0
  6
Continuous
 62
    18
420
        0
370
    25
100
AcDbPolyline
 90
        2
 70
     0
 43
0.0
 10
331.1481274222585
 20
111.2439307697985
 10
318.0981274222585
 20
111.2439307697985
  0
LWPOLYLINE
  5
19C
330
1F
100
AcDbEntity
  8
0
  6
Continuous
 62
    18
420
        0
370
    25
100
AcDbPolyline
 90
        2
 70
     0
 43
0.0
 10
317.5981274222585
 20
110.7439307697985
 10
317.5981274222585
 20
97.69393076979847
  0
LWPOLYLINE
  5
19D
330
1F
100
AcDbEntity
  8
0
  6
Continuous
 62
    18
420
        0
370
    25
100
AcDbPolyline
 90
        2
 70
     0
 43
0.0
 10
318.0981274222585
 20
97.19393076979847
 10
331.1481274222585
 20
97.19393076979847
  0
LWPOLYLINE
  5
19E
330
1F
100
AcDbEntity
  8
0
  6
Continuous
 62
    18
420
        0
370
    25
100
AcDbPolyline
 90
        2
 70
     0
 43
0.0
 10
331.6481274222585
 20
97.69393076979847
 10
331.6481274222585
 20
110.7439307697985
  0
LWPOLYLINE
  5
19F
330
1F
100
AcDbEntity
  8
0
  6
Continuous
 62
    18
420
        0
370
    25
100
AcDbPolyline
 90
        2
 70
     0
 43
0.0
 10
331.1481274222585
 20
92.20059743649847
 10
318.0981274222585
 20
92.20059743649847
  0
LWPOLYLINE
  5
1A0
330
1F
100
AcDbEntity
  8
0
  6
Continuous
 62
    18
420
        0
370
    25
100
AcDbPolyline
 90
        2
 70
     0
 43
0.0
 10
317.5981274222585
 20
91.70059743649846
 10
317.5981274222585
 20
78.65059743649846
  0
LWPOLYLINE
  5
1A1
330
1F
100
AcDbEntity
  8
0
  6
Continuous
 62
    18
420
        0
370
    25
100
AcDbPolyline
 90
        2
 70
     0
 43
0.0
 10
318.0981274222585
 20
78.15059743649846
 10
331.1481274222585
 20
78.15059743649846
  0
LWPOLYLINE
  5
1A2
330
1F
100
AcDbEntity
  8
0
  6
Continuous
 62
    18
420
        0
370
    25
100
AcDbPolyline
 90
        2
 70
     0
 43
0.0
 10
331.6481274222585
 20
78.65059743649846
 10
331.6481274222585
 20
91.70059743649846
  0
LWPOLYLINE
  5
1A3
330
1F
100
AcDbEntity
  8
0
  6
Continuous
 62
    18
420
        0
370
    25
100
AcDbPolyline
 90
        2
 70
     0
 43
0.0
 10
331.1481274222585
 20
73.15726410309846
 10
318.0981274222585
 20
73.15726410309846
  0
LWPOLYLINE
  5
1A4
330
1F
100
AcDbEntity
  8
0
  6
Continuous
 62
    18
420
        0
370
    25
100
AcDbPolyline
 90
        2
 70
     0
 43
0.0
 10
317.5981274222585
 20
72.65726410309846
 10
317.5981274222585
 20
59.60726410309846
  0
LWPOLYLINE
  5
1A5
330
1F
100
AcDbEntity
  8
0
  6
Continuous
 62
    18
420
        0
370
    25
100
AcDbPolyline
 90
        2
 70
     0
 43
0.0
 10
318.0981274222585
 20
59.10726410309846
 10
331.1481274222585
 20
59.10726410309846
  0
LWPOLYLINE
  5
1A6
330
1F
100
AcDbEntity
  8
0
  6
Continuous
 62
    18
420
        0
370
    25
100
AcDbPolyline
 90
        2
 70
     0
 43
0.0
 10
331.6481274222585
 20
59.60726410309846
 10
331.6481274222585
 20
72.65726410309846
  0
LWPOLYLINE
  5
1A7
330
1F
100
AcDbEntity
  8
0
  6
Continuous
 62
    18
420
        0
370
    25
100
AcDbPolyline
 90
        2
 70
     0
 43
0.0
 10
293.4581274221585
 20
70.37555010309846
 10
293.4581274221585
 20
57.37555010309846
  0
LWPOLYLINE
  5
1A8
330
1F
100
AcDbEntity
  8
0
  6
Continuous
 62
    18
420
        0
370
    25
100
AcDbPolyline
 90
        2
 70
     0
 43
0.0
 10
293.9581274221585
 20
56.87555010309848
 10
306.9581274221585
 20
56.87555010309848
  0
LWPOLYLINE
  5
1A9
330
1F
100
AcDbEntity
  8
0
  6
Continuous
 62
    18
420
        0
370
    25
100
AcDbPolyline
 90
        2
 70
     0
 43
0.0
 10
307.4581274221584
 20
57.37555010309846
 10
307.4581274221584
 20
70.37555010309846
  0
LWPOLYLINE
  5
1AA
330
1F
100
AcDbEntity
  8
0
  6
Continuous
 62
    18
420
        0
370
    25
100
AcDbPolyline
 90
        2
 70
     0
 43
0.0
 10
306.9581274221585
 20
70.87555010309846
 10
293.9581274221585
 20
70.87555010309846
  0
LWPOLYLINE
  5
1AB
330
1F
100
AcDbEntity
  8
0
  6
Continuous
 62
    18
420
        0
370
    25
100
AcDbPolyline
 90
        2
 70
     0
 43
0.0
 10
189.7197164222585
 20
135.0235141030984
 10
164.5197164222585
 20
135.0235141030984
  0
LWPOLYLINE
  5
1AC
330
1F
100
AcDbEntity
  8
0
  6
Continuous
 62
    18
420
        0
370
    25
100
AcDbPolyline
 90
        2
 70
     0
 43
0.0
 10
164.2697164222585
 20
134.7735141030984
 10
164.2697164222585
 20
134.2735141030984
  0
LWPOLYLINE
  5
1AD
330
1F
100
AcDbEntity
  8
0
  6
Continuous
 62
    18
420
        0
370
    25
100
AcDbPolyline
 90
        2
 70
     0
 43
0.0
 10
164.5197164222585
 20
134.0235141030984
 10
189.7197164222585
 20
134.0235141030984
  0
LWPOLYLINE
  5
1AE
330
1F
100
AcDbEntity
  8
0
  6
Continuous
 62
    18
420
        0
370
    25
100
AcDbPolyline
 90
        2
 70
     0
 43
0.0
 10
189.9697164222584
 20
134.2735141030984
 10
189.9697164222584
 20
134.7735141030984
  0
LWPOLYLINE
  5
1AF
330
1F
100
AcDbEntity
  8
0
  6
Continuous
 62
    18
420
        0
370
    25
100
AcDbPolyline
 90
        2
 70
     0
 43
0.0
 10
326.5081274222585
 20
38.32555010309846
 10
326.5081274222585
 20
51.32555010309845
  0
LWPOLYLINE
  5
1B0
330
1F
100
AcDbEntity
  8
0
  6
Continuous
 62
    18
420
        0
370
    25
100
AcDbPolyline
 90
        2
 70
     0
 43
0.0
 10
326.0081274222585
 20
51.82555010309846
 10
313.0081274222584
 20
51.82555010309846
  0
LWPOLYLINE
  5
1B1
330
1F
100
AcDbEntity
  8
0
  6
Continuous
 62
    18
420
        0
370
    25
100
AcDbPolyline
 90
        2
 70
     0
 43
0.0
 10
312.5081274222584
 20
51.32555010309845
 10
312.5081274222584
 20
38.32555010309846
  0
LWPOLYLINE
  5
1B2
330
1F
100
AcDbEntity
  8
0
  6
Continuous
 62
    18
420
        0
370
    25
100
AcDbPolyline
 90
        2
 70
     0
 43
0.0
 10
313.0081274222584
 20
37.82555010309845
 10
326.0081274222585
 20
37.82555010309845
  0
LWPOLYLINE
  5
1B3
330
1F
100
AcDbEntity
  8
0
  6
Continuous
 62
    18
420
        0
370
    25
100
AcDbPolyline
 90
        2
 70
     0
 43
0.0
 10
307.4581274222585
 20
38.32555010309846
 10
307.4581274222585
 20
51.32555010309845
  0
LWPOLYLINE
  5
1B4
330
1F
100
AcDbEntity
  8
0
  6
Continuous
 62
    18
420
        0
370
    25
100
AcDbPolyline
 90
        2
 70
     0
 43
0.0
 10
306.9581274222584
 20
51.82555010309846
 10
293.9581274222585
 20
51.82555010309846
  0
LWPOLYLINE
  5
1B5
330
1F
100
AcDbEntity
  8
0
  6
Continuous
 62
    18
420
        0
370
    25
100
AcDbPolyline
 90
        2
 70
     0
 43
0.0
 10
293.4581274222585
 20
51.32555010309845
 10
293.4581274222585
 20
38.32555010309846
  0
LWPOLYLINE
  5
1B6
330
1F
100
AcDbEntity
  8
0
  6
Continuous
 62
    18
420
        0
370
    25
100
AcDbPolyline
 90
        2
 70
     0
 43
0.0
 10
293.9581274222585
 20
37.82555010309845
 10
306.9581274222584
 20
37.82555010309845
  0
LWPOLYLINE
  5
1B7
330
1F
100
AcDbEntity
  8
0
  6
Continuous
 62
    18
420
        0
370
    25
100
AcDbPolyline
 90
        2
 70
     0
 43
0.0
 10
288.4081274221585
 20
38.32555010309846
 10
288.4081274221585
 20
51.32555010309845
  0
LWPOLYLINE
  5
1B8
330
1F
100
AcDbEntity
  8
0
  6
Continuous
 62
    18
420
        0
370
    25
100
AcDbPolyline
 90
        2
 70
     0
 43
0.0
 10
287.9081274221584
 20
51.82555010309846
 10
274.9081274221585
 20
51.82555010309846
  0
LWPOLYLINE
  5
1B9
330
1F
100
AcDbEntity
  8
0
  6
Continuous
 62
    18
420
        0
370
    25
100
AcDbPolyline
 90
        2
 70
     0
 43
0.0
 10
274.4081274221584
 20
51.32555010309845
 10
274.4081274221584
 20
38.32555010309846
  0
LWPOLYLINE
  5
1BA
330
1F
100
AcDbEntity
  8
0
  6
Continuous
 62
    18
420
        0
370
    25
100
AcDbPolyline
 90
        2
 70
     0
 43
0.0
 10
274.9081274221585
 20
37.82555010309845
 10
287.9081274221584
 20
37.82555010309845
  0
LWPOLYLINE
  5
1BB
330
1F
100
AcDbEntity
  8
0
  6
Continuous
 62
    18
420
        0
370
    25
100
AcDbPolyline
 90
        2
 70
     0
 43
0.0
 10
43.13937742225847
 20
78.80680010309845
 10
43.13937742225847
 20
91.80680010309845
  0
LWPOLYLINE
  5
1BC
330
1F
100
AcDbEntity
  8
0
  6
Continuous
 62
    18
420
        0
370
    25
100
AcDbPolyline
 90
        2
 70
     0
 43
0.0
 10
42.63937742225846
 20
92.30680010309845
 10
22.02484142225848
 20
92.30680010309845
  0
LWPOLYLINE
  5
1BD
330
1F
100
AcDbEntity
  8
0
  6
Continuous
 62
    18
420
        0
370
    25
100
AcDbPolyline
 90
        2
 70
     0
 43
0.0
 10
21.77484142225847
 20
92.55680010309845
 10
21.77484142225847
 20
97.62351410309847
  0
LWPOLYLINE
  5
1BE
330
1F
100
AcDbEntity
  8
0
  6
Continuous
 62
    18
420
        0
370
    25
100
AcDbPolyline
 90
        2
 70
     0
 43
0.0
 10
21.52484142225849
 20
97.87351410309847
 10
21.02484142225848
 20
97.87351410309847
  0
LWPOLYLINE
  5
1BF
330
1F
100
AcDbEntity
  8
0
  6
Continuous
 62
    18
420
        0
370
    25
100
AcDbPolyline
 90
        2
 70
     0
 43
0.0
 10
20.77484142225848
 20
97.62351410309847
 10
20.77484142225848
 20
72.42351410309846
  0
LWPOLYLINE
  5
1C0
330
1F
100
AcDbEntity
  8
0
  6
Continuous
 62
    18
420
        0
370
    25
100
AcDbPolyline
 90
        2
 70
     0
 43
0.0
 10
21.02484142225848
 20
72.17351410309846
 10
21.52484142225849
 20
72.17351410309846
  0
LWPOLYLINE
  5
1C1
330
1F
100
AcDbEntity
  8
0
  6
Continuous
 62
    18
420
        0
370
    25
100
AcDbPolyline
 90
        2
 70
     0
 43
0.0
 10
21.77484142225847
 20
72.42351410309846
 10
21.77484142225847
 20
78.05680010309845
  0
LWPOLYLINE
  5
1C2
330
1F
100
AcDbEntity
  8
0
  6
Continuous
 62
    18
420
        0
370
    25
100
AcDbPolyline
 90
        2
 70
     0
 43
0.0
 10
22.02484142225848
 20
78.30680010309847
 10
42.63937742225846
 20
78.30680010309847
  0
LWPOLYLINE
  5
1C3
330
1F
100
AcDbEntity
  8
0
  6
Continuous
 62
    18
420
        0
370
    25
100
AcDbPolyline
 90
        2
 70
     0
 43
0.0
 10
310.0322164222584
 20
135.0235141030984
 10
284.8322164222585
 20
135.0235141030984
  0
LWPOLYLINE
  5
1C4
330
1F
100
AcDbEntity
  8
0
  6
Continuous
 62
    18
420
        0
370
    25
100
AcDbPolyline
 90
        2
 70
     0
 43
0.0
 10
284.5822164222585
 20
134.7735141030984
 10
284.5822164222585
 20
134.2735141030984
  0
LWPOLYLINE
  5
1C5
330
1F
100
AcDbEntity
  8
0
  6
Continuous
 62
    18
420
        0
370
    25
100
AcDbPolyline
 90
        2
 70
     0
 43
0.0
 10
284.8322164222585
 20
134.0235141030984
 10
310.0322164222584
 20
134.0235141030984
  0
LWPOLYLINE
  5
1C6
330
1F
100
AcDbEntity
  8
0
  6
Continuous
 62
    18
420
        0
370
    25
100
AcDbPolyline
 90
        2
 70
     0
 43
0.0
 10
310.2822164222585
 20
134.2735141030984
 10
310.2822164222585
 20
134.7735141030984
  0
LWPOLYLINE
  5
1C7
330
1F
100
AcDbEntity
  8
0
  6
Continuous
 62
    18
420
        0
370
    25
100
AcDbPolyline
 90
        2
 70
     0
 43
0.0
 10
164.5197164222585
 20
35.12351410309846
 10
189.7197164222585
 20
35.12351410309846
  0
LWPOLYLINE
  5
1C8
330
1F
100
AcDbEntity
  8
0
  6
Continuous
 62
    18
420
        0
370
    25
100
AcDbPolyline
 90
        2
 70
     0
 43
0.0
 10
189.9697164222584
 20
35.37351410309847
 10
189.9697164222584
 20
35.87351410309847
  0
LWPOLYLINE
  5
1C9
330
1F
100
AcDbEntity
  8
0
  6
Continuous
 62
    18
420
        0
370
    25
100
AcDbPolyline
 90
        2
 70
     0
 43
0.0
 10
189.7197164222585
 20
36.12351410309846
 10
164.5197164222585
 20
36.12351410309846
  0
LWPOLYLINE
  5
1CA
330
1F
100
AcDbEntity
  8
0
  6
Continuous
 62
    18
420
        0
370
    25
100
AcDbPolyline
 90
        2
 70
     0
 43
0.0
 10
164.2697164222585
 20
35.87351410309847
 10
164.2697164222585
 20
35.37351410309847
  0
LWPOLYLINE
  5
1CB
330
1F
100
AcDbEntity
  8
0
  6
Continuous
 62
    18
420
        0
370
    25
100
AcDbPolyline
 90
        2
 70
     0
 43
0.0
 10
284.8322164222585
 20
35.12351410309846
 10
310.0322164222584
 20
35.12351410309846
  0
LWPOLYLINE
  5
1CC
330
1F
100
AcDbEntity
  8
0
  6
Continuous
 62
    18
420
        0
370
    25
100
AcDbPolyline
 90
        2
 70
     0
 43
0.0
 10
310.2822164222585
 20
35.37351410309847
 10
310.2822164222585
 20
35.87351410309847
  0
LWPOLYLINE
  5
1CD
330
1F
100
AcDbEntity
  8
0
  6
Continuous
 62
    18
420
        0
370
    25
100
AcDbPolyline
 90
        2
 70
     0
 43
0.0
 10
310.0322164222584
 20
36.12351410309846
 10
284.8322164222585
 20
36.12351410309846
  0
LWPOLYLINE
  5
1CE
330
1F
100
AcDbEntity
  8
0
  6
Continuous
 62
    18
420
        0
370
    25
100
AcDbPolyline
 90
        2
 70
     0
 43
0.0
 10
284.5822164222585
 20
35.87351410309847
 10
284.5822164222585
 20
35.37351410309847
  0
LWPOLYLINE
  5
1CF
330
1F
100
AcDbEntity
  8
0
  6
Continuous
 62
    18
420
        0
370
    25
100
AcDbPolyline
 90
        2
 70
     0
 43
0.0
 10
331.1481274222585
 20
130.2872641030985
 10
318.0981274222585
 20
130.2872641030985
  0
LWPOLYLINE
  5
1D0
330
1F
100
AcDbEntity
  8
0
  6
Continuous
 62
    18
420
        0
370
    25
100
AcDbPolyline
 90
        2
 70
     0
 43
0.0
 10
317.5981274222585
 20
129.7872641030985
 10
317.5981274222585
 20
116.7372641030985
  0
LWPOLYLINE
  5
1D1
330
1F
100
AcDbEntity
  8
0
  6
Continuous
 62
    18
420
        0
370
    25
100
AcDbPolyline
 90
        2
 70
     0
 43
0.0
 10
318.0981274222585
 20
116.2372641030985
 10
331.1481274222585
 20
116.2372641030985
  0
LWPOLYLINE
  5
1D2
330
1F
100
AcDbEntity
  8
0
  6
Continuous
 62
    18
420
        0
370
    25
100
AcDbPolyline
 90
        2
 70
     0
 43
0.0
 10
331.6481274222585
 20
116.7372641030985
 10
331.6481274222585
 20
129.7872641030985
  0
LWPOLYLINE
  5
1D3
330
1F
100
AcDbEntity
  8
0
  6
Continuous
 62
    18
420
        0
370
    25
100
AcDbPolyline
 90
        2
 70
     0
 43
0.0
 10
157.7889943091585
 20
135.7735141030984
 10
157.7889943091585
 20
135.8131550652985
  0
LWPOLYLINE
  5
1D4
330
1F
100
AcDbEntity
  8
0
  6
Continuous
 62
    18
420
        0
370
    25
100
AcDbPolyline
 90
        2
 70
     0
 43
0.0
 10
161.0197164222585
 20
135.5235141030984
 10
158.0389943091585
 20
135.5235141030984
  0
LWPOLYLINE
  5
1D5
330
1F
100
AcDbEntity
  8
0
  6
Continuous
 62
    18
420
        0
370
    25
100
AcDbPolyline
 90
        2
 70
     0
 43
0.0
 10
161.2697164222585
 20
135.8278701793985
 10
161.2697164222585
 20
135.7735141030984
  0
LWPOLYLINE
  5
1D6
330
1F
100
AcDbEntity
  8
0
  6
Continuous
 62
    18
420
        0
370
    25
100
AcDbPolyline
 90
        2
 70
     0
 43
0.0
 10
161.2697164222585
 20
138.4235141030985
 10
161.2697164222585
 20
138.1191580268984
  0
LWPOLYLINE
  5
1D7
330
1F
100
AcDbEntity
  8
0
  6
Continuous
 62
    18
420
        0
370
    25
100
AcDbPolyline
 90
        2
 70
     0
 43
0.0
 10
191.9697164222585
 20
139.4235141030985
 10
162.2697164222585
 20
139.4235141030985
  0
LWPOLYLINE
  5
1D8
330
1F
100
AcDbEntity
  8
0
  6
Continuous
 62
    18
420
        0
370
    25
100
AcDbPolyline
 90
        2
 70
     0
 43
0.0
 10
192.9697164222585
 20
138.1191580268984
 10
192.9697164222585
 20
138.4235141030985
  0
LWPOLYLINE
  5
1D9
330
1F
100
AcDbEntity
  8
0
  6
Continuous
 62
    18
420
        0
370
    25
100
AcDbPolyline
 90
        2
 70
     0
 43
0.0
 10
192.9697164222585
 20
135.7735141030984
 10
192.9697164222585
 20
135.8278701793985
  0
LWPOLYLINE
  5
1DA
330
1F
100
AcDbEntity
  8
0
  6
Continuous
 62
    18
420
        0
370
    25
100
AcDbPolyline
 90
        2
 70
     0
 43
0.0
 10
196.2004385353585
 20
135.5235141030984
 10
193.2197164222585
 20
135.5235141030984
  0
LWPOLYLINE
  5
1DB
330
1F
100
AcDbEntity
  8
0
  6
Continuous
 62
    18
420
        0
370
    25
100
AcDbPolyline
 90
        2
 70
     0
 43
0.0
 10
196.4504385353585
 20
135.8131550652985
 10
196.4504385353585
 20
135.7735141030984
  0
LWPOLYLINE
  5
1DC
330
1F
100
AcDbEntity
  8
0
  6
Continuous
 62
    18
420
        0
370
    25
100
AcDbPolyline
 90
        2
 70
     0
 43
0.0
 10
241.1623414222585
 20
137.9235141030985
 10
199.3154933268585
 20
137.9235141030985
  0
LWPOLYLINE
  5
1DD
330
1F
100
AcDbEntity
  8
0
  6
Continuous
 62
    18
420
        0
370
    25
100
AcDbPolyline
 90
        2
 70
     0
 43
0.0
 10
243.1623414222585
 20
135.9235141030985
 10
243.1623414222585
 20
135.7922641032985
  0
LWPOLYLINE
  5
1DE
330
1F
100
AcDbEntity
  8
0
  6
Continuous
 62
    18
420
        0
370
    25
100
AcDbPolyline
 90
        2
 70
     0
 43
0.0
 10
245.1623414222585
 20
133.7922641032985
 10
260.1623414222585
 20
133.7922641032985
  0
LWPOLYLINE
  5
1DF
330
1F
100
AcDbEntity
  8
0
  6
Continuous
 62
    18
420
        0
370
    25
100
AcDbPolyline
 90
        2
 70
     0
 43
0.0
 10
262.1623414222585
 20
135.7922641032985
 10
262.1623414222585
 20
135.9235141030985
  0
LWPOLYLINE
  5
1E0
330
1F
100
AcDbEntity
  8
0
  6
Continuous
 62
    18
420
        0
370
    25
100
AcDbPolyline
 90
        2
 70
     0
 43
0.0
 10
275.2364395176585
 20
137.9235141030985
 10
264.1623414222585
 20
137.9235141030985
  0
LWPOLYLINE
  5
1E1
330
1F
100
AcDbEntity
  8
0
  6
Continuous
 62
    18
420
        0
370
    25
100
AcDbPolyline
 90
        2
 70
     0
 43
0.0
 10
281.3322164222585
 20
135.0235141030984
 10
278.4675384019585
 20
135.0235141030984
  0
LWPOLYLINE
  5
1E2
330
1F
100
AcDbEntity
  8
0
  6
Continuous
 62
    18
420
        0
370
    25
100
AcDbPolyline
 90
        2
 70
     0
 43
0.0
 10
281.5822164222585
 20
135.8278701793985
 10
281.5822164222585
 20
135.2735141030985
  0
LWPOLYLINE
  5
1E3
330
1F
100
AcDbEntity
  8
0
  6
Continuous
 62
    18
420
        0
370
    25
100
AcDbPolyline
 90
        2
 70
     0
 43
0.0
 10
281.5822164222585
 20
138.4235141030985
 10
281.5822164222585
 20
138.1191580268984
  0
LWPOLYLINE
  5
1E4
330
1F
100
AcDbEntity
  8
0
  6
Continuous
 62
    18
420
        0
370
    25
100
AcDbPolyline
 90
        2
 70
     0
 43
0.0
 10
312.2822164222585
 20
139.4235141030985
 10
282.5822164222585
 20
139.4235141030985
  0
LWPOLYLINE
  5
1E5
330
1F
100
AcDbEntity
  8
0
  6
Continuous
 62
    18
420
        0
370
    25
100
AcDbPolyline
 90
        2
 70
     0
 43
0.0
 10
313.2822164222585
 20
138.1191580268984
 10
313.2822164222585
 20
138.4235141030985
  0
LWPOLYLINE
  5
1E6
330
1F
100
AcDbEntity
  8
0
  6
Continuous
 62
    18
420
        0
370
    25
100
AcDbPolyline
 90
        2
 70
     0
 43
0.0
 10
313.2822164222585
 20
135.2735141067985
 10
313.2822164222585
 20
135.8278701830985
  0
LWPOLYLINE
  5
1E7
330
1F
100
AcDbEntity
  8
0
  6
Continuous
 62
    18
420
        0
370
    25
100
AcDbPolyline
 90
        2
 70
     0
 43
0.0
 10
316.3968944425585
 20
135.0235141067985
 10
313.5322164222584
 20
135.0235141067985
  0
LWPOLYLINE
  5
1E8
330
1F
100
AcDbEntity
  8
0
  6
Continuous
 62
    18
420
        0
370
    25
100
AcDbPolyline
 90
        2
 70
     0
 43
0.0
 10
333.4498414222584
 20
137.9235141067985
 10
319.6279933268585
 20
137.9235141067985
  0
LWPOLYLINE
  5
1E9
330
1F
100
AcDbEntity
  8
0
  6
Continuous
 62
    18
420
        0
370
    25
100
AcDbPolyline
 90
        2
 70
     0
 43
0.0
 10
336.4498414222585
 20
134.2235141033985
 10
336.4498414222585
 20
134.9235141030985
  0
LWPOLYLINE
  5
1EA
330
1F
100
AcDbEntity
  8
0
  6
Continuous
 62
    18
420
        0
370
    25
100
AcDbPolyline
 90
        2
 70
     0
 43
0.0
 10
335.5498414223585
 20
133.9735141033985
 10
336.1998414222585
 20
133.9735141033985
  0
LWPOLYLINE
  5
1EB
330
1F
100
AcDbEntity
  8
0
  6
Continuous
 62
    18
420
        0
370
    25
100
AcDbPolyline
 90
        2
 70
     0
 43
0.0
 10
335.2998414223584
 20
104.4867381914985
 10
335.2998414223584
 20
133.7235141033985
  0
LWPOLYLINE
  5
1EC
330
1F
100
AcDbEntity
  8
0
  6
Continuous
 62
    18
420
        0
370
    25
100
AcDbPolyline
 90
        2
 70
     0
 43
0.0
 10
333.7729183453585
 20
104.2367381914985
 10
335.0498414223585
 20
104.2367381914985
  0
LWPOLYLINE
  5
1ED
330
1F
100
AcDbEntity
  8
0
  6
Continuous
 62
    18
420
        0
370
    25
100
AcDbPolyline
 90
        2
 70
     0
 43
0.0
 10
333.5498414222585
 20
101.1235141030985
 10
333.5498414222585
 20
103.9881921234985
  0
LWPOLYLINE
  5
1EE
330
1F
100
AcDbEntity
  8
0
  6
Continuous
 62
    18
420
        0
370
    25
100
AcDbPolyline
 90
        2
 70
     0
 43
0.0
 10
334.3585535747584
 20
100.8735141030985
 10
333.7998414222585
 20
100.8735141030985
  0
LWPOLYLINE
  5
1EF
330
1F
100
AcDbEntity
  8
0
  6
Continuous
 62
    18
420
        0
370
    25
100
AcDbPolyline
 90
        2
 70
     0
 43
0.0
 10
336.9498414223585
 20
100.8735141030985
 10
336.6498414223585
 20
100.8735141030985
  0
LWPOLYLINE
  5
1F0
330
1F
100
AcDbEntity
  8
0
  6
Continuous
 62
    18
420
        0
370
    25
100
AcDbPolyline
 90
        2
 70
     0
 43
0.0
 10
337.9498414223585
 20
70.17351410309847
 10
337.9498414223585
 20
99.87351410309847
  0
LWPOLYLINE
  5
1F1
330
1F
100
AcDbEntity
  8
0
  6
Continuous
 62
    18
420
        0
370
    25
100
AcDbPolyline
 90
        2
 70
     0
 43
0.0
 10
336.6498414223585
 20
69.17351410309846
 10
336.9498414223585
 20
69.17351410309846
  0
LWPOLYLINE
  5
1F2
330
1F
100
AcDbEntity
  8
0
  6
Continuous
 62
    18
420
        0
370
    25
100
AcDbPolyline
 90
        2
 70
     0
 43
0.0
 10
333.7998414222585
 20
69.17351410309846
 10
334.3585535747584
 20
69.17351410309846
  0
LWPOLYLINE
  5
1F3
330
1F
100
AcDbEntity
  8
0
  6
Continuous
 62
    18
420
        0
370
    25
100
AcDbPolyline
 90
        2
 70
     0
 43
0.0
 10
333.5498414222585
 20
65.82728261539846
 10
333.5498414222585
 20
68.92351410309846
  0
LWPOLYLINE
  5
1F4
330
1F
100
AcDbEntity
  8
0
  6
Continuous
 62
    18
420
        0
370
    25
100
AcDbPolyline
 90
        2
 70
     0
 43
0.0
 10
334.6498414223585
 20
65.57728261539846
 10
333.7998414222585
 20
65.57728261539846
  0
LWPOLYLINE
  5
1F5
330
1F
100
AcDbEntity
  8
0
  6
Continuous
 62
    18
420
        0
370
    25
100
AcDbPolyline
 90
        2
 70
     0
 43
0.0
 10
334.7998414223585
 20
61.37351410329846
 10
334.7998414223585
 20
65.34815383069846
  0
LWPOLYLINE
  5
1F6
330
1F
100
AcDbEntity
  8
0
  6
Continuous
 62
    18
420
        0
370
    25
100
AcDbPolyline
 90
        2
 70
     0
 43
0.0
 10
333.0498414223585
 20
61.12351410329846
 10
334.5498414223584
 20
61.12351410329846
  0
LWPOLYLINE
  5
1F7
330
1F
100
AcDbEntity
  8
0
  6
Continuous
 62
    18
420
        0
370
    25
100
AcDbPolyline
 90
        2
 70
     0
 43
0.0
 10
332.7998414223584
 20
42.17351410329846
 10
332.7998414223584
 20
60.87351410329845
  0
LWPOLYLINE
  5
1F8
330
1F
100
AcDbEntity
  8
0
  6
Continuous
 62
    18
420
        0
370
    25
100
AcDbPolyline
 90
        2
 70
     0
 43
0.0
 10
334.5498414223584
 20
41.92351410329847
 10
333.0498414223585
 20
41.92351410329847
  0
LWPOLYLINE
  5
1F9
330
1F
100
AcDbEntity
  8
0
  6
Continuous
 62
    18
420
        0
370
    25
100
AcDbPolyline
 90
        2
 70
     0
 43
0.0
 10
334.7998414223585
 20
36.32351410309845
 10
334.7998414223585
 20
41.67351410329847
  0
LWPOLYLINE
  5
1FA
330
1F
100
AcDbEntity
  8
0
  6
Continuous
 62
    18
420
        0
370
    25
100
AcDbPolyline
 90
        2
 70
     0
 43
0.0
 10
336.1998414222585
 20
36.07351410309847
 10
335.0498414223585
 20
36.07351410309847
  0
LWPOLYLINE
  5
1FB
330
1F
100
AcDbEntity
  8
0
  6
Continuous
 62
    18
420
        0
370
    25
100
AcDbPolyline
 90
        2
 70
     0
 43
0.0
 10
336.4498414222585
 20
35.12351410309846
 10
336.4498414222585
 20
35.82351410309845
  0
LWPOLYLINE
  5
1FC
330
1F
100
AcDbEntity
  8
0
  6
Continuous
 62
    18
420
        0
370
    25
100
AcDbPolyline
 90
        2
 70
     0
 43
0.0
 10
319.6058839433585
 20
32.02351410309846
 10
333.4277320387585
 20
32.02351410309846
  0
LWPOLYLINE
  5
1FD
330
1F
100
AcDbEntity
  8
0
  6
Continuous
 62
    18
420
        0
370
    25
100
AcDbPolyline
 90
        2
 70
     0
 43
0.0
 10
313.5322164222584
 20
35.02351410309846
 10
316.3829568635585
 20
35.02351410309846
  0
LWPOLYLINE
  5
1FE
330
1F
100
AcDbEntity
  8
0
  6
Continuous
 62
    18
420
        0
370
    25
100
AcDbPolyline
 90
        2
 70
     0
 43
0.0
 10
313.2822164222585
 20
34.21915802689847
 10
313.2822164222585
 20
34.77351410309846
  0
LWPOLYLINE
  5
1FF
330
1F
100
AcDbEntity
  8
0
  6
Continuous
 62
    18
420
        0
370
    25
100
AcDbPolyline
 90
        2
 70
     0
 43
0.0
 10
313.2822164222585
 20
31.62351410309846
 10
313.2822164222585
 20
31.92787017939845
  0
LWPOLYLINE
  5
200
330
1F
100
AcDbEntity
  8
0
  6
Continuous
 62
    18
420
        0
370
    25
100
AcDbPolyline
 90
        2
 70
     0
 43
0.0
 10
282.5751954223584
 20
30.62351410309846
 10
312.2822164222585
 20
30.62351410309846
  0
LWPOLYLINE
  5
201
330
1F
100
AcDbEntity
  8
0
  6
Continuous
 62
    18
420
        0
370
    25
100
AcDbPolyline
 90
        2
 70
     0
 43
0.0
 10
281.5751954223585
 20
31.92787017939845
 10
281.5751954223585
 20
31.62351410309846
  0
LWPOLYLINE
  5
202
330
1F
100
AcDbEntity
  8
0
  6
Continuous
 62
    18
420
        0
370
    25
100
AcDbPolyline
 90
        2
 70
     0
 43
0.0
 10
281.5751954222585
 20
34.77351410309846
 10
281.5751954222585
 20
34.21915802689847
  0
LWPOLYLINE
  5
203
330
1F
100
AcDbEntity
  8
0
  6
Continuous
 62
    18
420
        0
370
    25
100
AcDbPolyline
 90
        2
 70
     0
 43
0.0
 10
278.4675384019585
 20
35.02351410309846
 10
281.3251954222584
 20
35.02351410309846
  0
LWPOLYLINE
  5
204
330
1F
100
AcDbEntity
  8
0
  6
Continuous
 62
    18
420
        0
370
    25
100
AcDbPolyline
 90
        2
 70
     0
 43
0.0
 10
268.3623414222585
 20
32.12351410309846
 10
275.2439958241585
 20
32.12351410309846
  0
LWPOLYLINE
  5
205
330
1F
100
AcDbEntity
  8
0
  6
Continuous
 62
    18
420
        0
370
    25
100
AcDbPolyline
 90
        2
 70
     0
 43
0.0
 10
268.1123414222585
 20
33.02351410289847
 10
268.1123414222585
 20
32.37351410309847
  0
LWPOLYLINE
  5
206
330
1F
100
AcDbEntity
  8
0
  6
Continuous
 62
    18
420
        0
370
    25
100
AcDbPolyline
 90
        2
 70
     0
 43
0.0
 10
237.4623414222584
 20
33.27351410289846
 10
267.8623414222585
 20
33.27351410289846
  0
LWPOLYLINE
  5
207
330
1F
100
AcDbEntity
  8
0
  6
Continuous
 62
    18
420
        0
370
    25
100
AcDbPolyline
 90
        2
 70
     0
 43
0.0
 10
237.2123414222585
 20
32.37351410309847
 10
237.2123414222585
 20
33.02351410289847
  0
LWPOLYLINE
  5
208
330
1F
100
AcDbEntity
  8
0
  6
Continuous
 62
    18
420
        0
370
    25
100
AcDbPolyline
 90
        2
 70
     0
 43
0.0
 10
199.3180493286585
 20
32.12351410309846
 10
236.9623414222584
 20
32.12351410309846
  0
LWPOLYLINE
  5
209
330
1F
100
AcDbEntity
  8
0
  6
Continuous
 62
    18
420
        0
370
    25
100
AcDbPolyline
 90
        2
 70
     0
 43
0.0
 10
193.2197164222585
 20
35.02351410309846
 10
196.0869504080585
 20
35.02351410309846
  0
LWPOLYLINE
  5
20A
330
1F
100
AcDbEntity
  8
0
  6
Continuous
 62
    18
420
        0
370
    25
100
AcDbPolyline
 90
        2
 70
     0
 43
0.0
 10
192.9697164222585
 20
34.21915802689847
 10
192.9697164222585
 20
34.77351410309846
  0
LWPOLYLINE
  5
20B
330
1F
100
AcDbEntity
  8
0
  6
Continuous
 62
    18
420
        0
370
    25
100
AcDbPolyline
 90
        2
 70
     0
 43
0.0
 10
192.9697164222585
 20
31.62348945539846
 10
192.9697164222585
 20
31.92787017939845
  0
LWPOLYLINE
  5
20C
330
1F
100
AcDbEntity
  8
0
  6
Continuous
 62
    18
420
        0
370
    25
100
AcDbPolyline
 90
        2
 70
     0
 43
0.0
 10
162.2697164222585
 20
30.62351410309846
 10
191.9626954223585
 20
30.62351410309846
  0
LWPOLYLINE
  5
20D
330
1F
100
AcDbEntity
  8
0
  6
Continuous
 62
    18
420
        0
370
    25
100
AcDbPolyline
 90
        2
 70
     0
 43
0.0
 10
161.2626954223585
 20
31.92787017939845
 10
161.2626954223585
 20
31.62348945539846
  0
LWPOLYLINE
  5
20E
330
1F
100
AcDbEntity
  8
0
  6
Continuous
 62
    18
420
        0
370
    25
100
AcDbPolyline
 90
        2
 70
     0
 43
0.0
 10
161.2626954223585
 20
34.77351410309846
 10
161.2626954223585
 20
34.21915802689847
  0
LWPOLYLINE
  5
20F
330
1F
100
AcDbEntity
  8
0
  6
Continuous
 62
    18
420
        0
370
    25
100
AcDbPolyline
 90
        2
 70
     0
 43
0.0
 10
158.1524825180585
 20
35.02351410309846
 10
161.0126954223585
 20
35.02351410309846
  0
LWPOLYLINE
  5
210
330
1F
100
AcDbEntity
  8
0
  6
Continuous
 62
    18
420
        0
370
    25
100
AcDbPolyline
 90
        2
 70
     0
 43
0.0
 10
117.3623414223585
 20
32.12351410309846
 10
154.9239395176585
 20
32.12351410309846
  0
LWPOLYLINE
  5
211
330
1F
100
AcDbEntity
  8
0
  6
Continuous
 62
    18
420
        0
370
    25
100
AcDbPolyline
 90
        2
 70
     0
 43
0.0
 10
117.1123414223585
 20
33.52351410289847
 10
117.1123414223585
 20
32.37351410309847
  0
LWPOLYLINE
  5
212
330
1F
100
AcDbEntity
  8
0
  6
Continuous
 62
    18
420
        0
370
    25
100
AcDbPolyline
 90
        2
 70
     0
 43
0.0
 10
111.5123414223585
 20
33.77351410289846
 10
116.8623414223585
 20
33.77351410289846
  0
LWPOLYLINE
  5
213
330
1F
100
AcDbEntity
  8
0
  6
Continuous
 62
    18
420
        0
370
    25
100
AcDbPolyline
 90
        2
 70
     0
 43
0.0
 10
111.2623414223585
 20
35.52351410289846
 10
111.2623414223585
 20
34.02351410289846
  0
LWPOLYLINE
  5
214
330
1F
100
AcDbEntity
  8
0
  6
Continuous
 62
    18
420
        0
370
    25
100
AcDbPolyline
 90
        2
 70
     0
 43
0.0
 10
92.29911733405848
 20
35.77351410289846
 10
111.0123414223585
 20
35.77351410289846
  0
LWPOLYLINE
  5
215
330
1F
100
AcDbEntity
  8
0
  6
Continuous
 62
    18
420
        0
370
    25
100
AcDbPolyline
 90
        2
 70
     0
 43
0.0
 10
92.04911733405847
 20
34.02351410289846
 10
92.04911733405847
 20
35.52351410289846
  0
LWPOLYLINE
  5
216
330
1F
100
AcDbEntity
  8
0
  6
Continuous
 62
    18
420
        0
370
    25
100
AcDbPolyline
 90
        2
 70
     0
 43
0.0
 10
86.44911733405847
 20
33.77351410289846
 10
91.79911733405847
 20
33.77351410289846
  0
LWPOLYLINE
  5
217
330
1F
100
AcDbEntity
  8
0
  6
Continuous
 62
    18
420
        0
370
    25
100
AcDbPolyline
 90
        2
 70
     0
 43
0.0
 10
86.19911733405849
 20
32.37351410309847
 10
86.19911733405849
 20
33.52351410289847
  0
LWPOLYLINE
  5
218
330
1F
100
AcDbEntity
  8
0
  6
Continuous
 62
    18
420
        0
370
    25
100
AcDbPolyline
 90
        2
 70
     0
 43
0.0
 10
78.98976923855848
 20
32.12351410309846
 10
85.94911733405847
 20
32.12351410309846
  0
LWPOLYLINE
  5
219
330
1F
100
AcDbEntity
  8
0
  6
Continuous
 62
    18
420
        0
370
    25
100
AcDbPolyline
 90
        2
 70
     0
 43
0.0
 10
72.90721642225846
 20
35.02351410309846
 10
75.77189444255846
 20
35.02351410309846
  0
LWPOLYLINE
  5
21A
330
1F
100
AcDbEntity
  8
0
  6
Continuous
 62
    18
420
        0
370
    25
100
AcDbPolyline
 90
        2
 70
     0
 43
0.0
 10
72.65721642225847
 20
34.21915802689847
 10
72.65721642225847
 20
34.77351410309846
  0
LWPOLYLINE
  5
21B
330
1F
100
AcDbEntity
  8
0
  6
Continuous
 62
    18
420
        0
370
    25
100
AcDbPolyline
 90
        2
 70
     0
 43
0.0
 10
72.65721642225847
 20
31.62348945539846
 10
72.65721642225847
 20
31.92787017939845
  0
LWPOLYLINE
  5
21C
330
1F
100
AcDbEntity
  8
0
  6
Continuous
 62
    18
420
        0
370
    25
100
AcDbPolyline
 90
        2
 70
     0
 43
0.0
 10
41.95721642225847
 20
30.62351410309846
 10
71.65019542235848
 20
30.62351410309846
  0
LWPOLYLINE
  5
21D
330
1F
100
AcDbEntity
  8
0
  6
Continuous
 62
    18
420
        0
370
    25
100
AcDbPolyline
 90
        2
 70
     0
 43
0.0
 10
40.95019542235846
 20
31.92787017939845
 10
40.95019542235846
 20
31.62348945539846
  0
LWPOLYLINE
  5
21E
330
1F
100
AcDbEntity
  8
0
  6
Continuous
 62
    18
420
        0
370
    25
100
AcDbPolyline
 90
        2
 70
     0
 43
0.0
 10
40.95019542235846
 20
34.77351410309846
 10
40.95019542235846
 20
34.21915802689847
  0
LWPOLYLINE
  5
21F
330
1F
100
AcDbEntity
  8
0
  6
Continuous
 62
    18
420
        0
370
    25
100
AcDbPolyline
 90
        2
 70
     0
 43
0.0
 10
37.85576249035847
 20
35.02351410309846
 10
40.70019542235848
 20
35.02351410309846
  0
LWPOLYLINE
  5
220
330
1F
100
AcDbEntity
  8
0
  6
Continuous
 62
    18
420
        0
370
    25
100
AcDbPolyline
 90
        2
 70
     0
 43
0.0
 10
20.88806551055848
 20
32.12351410309846
 10
34.62466360605847
 20
32.12351410309846
  0
LWPOLYLINE
  5
221
330
1F
100
AcDbEntity
  8
0
  6
Continuous
 62
    18
420
        0
370
    25
100
AcDbPolyline
 90
        2
 70
     0
 43
0.0
 10
17.87484142215845
 20
35.82351410309845
 10
17.87484142215845
 20
35.12351410309846
  0
LWPOLYLINE
  5
222
330
1F
100
AcDbEntity
  8
0
  6
Continuous
 62
    18
420
        0
370
    25
100
AcDbPolyline
 90
        2
 70
     0
 43
0.0
 10
19.27484142215846
 20
36.07351410309847
 10
18.12484142215845
 20
36.07351410309847
  0
LWPOLYLINE
  5
223
330
1F
100
AcDbEntity
  8
0
  6
Continuous
 62
    18
420
        0
370
    25
100
AcDbPolyline
 90
        2
 70
     0
 43
0.0
 10
19.52484142215846
 20
41.67351410329847
 10
19.52484142215846
 20
36.32351410309845
  0
LWPOLYLINE
  5
224
330
1F
100
AcDbEntity
  8
0
  6
Continuous
 62
    18
420
        0
370
    25
100
AcDbPolyline
 90
        2
 70
     0
 43
0.0
 10
21.27484142225849
 20
41.92351410329847
 10
19.77484142215846
 20
41.92351410329847
  0
LWPOLYLINE
  5
225
330
1F
100
AcDbEntity
  8
0
  6
Continuous
 62
    18
420
        0
370
    25
100
AcDbPolyline
 90
        2
 70
     0
 43
0.0
 10
21.52484142225849
 20
60.87351410329845
 10
21.52484142225849
 20
42.17351410329846
  0
LWPOLYLINE
  5
226
330
1F
100
AcDbEntity
  8
0
  6
Continuous
 62
    18
420
        0
370
    25
100
AcDbPolyline
 90
        2
 70
     0
 43
0.0
 10
19.77484142215846
 20
61.12351410329846
 10
21.27484142225849
 20
61.12351410329846
  0
LWPOLYLINE
  5
227
330
1F
100
AcDbEntity
  8
0
  6
Continuous
 62
    18
420
        0
370
    25
100
AcDbPolyline
 90
        2
 70
     0
 43
0.0
 10
19.52484142215846
 20
65.42337240689847
 10
19.52484142215846
 20
61.37351410329846
  0
LWPOLYLINE
  5
228
330
1F
100
AcDbEntity
  8
0
  6
Continuous
 62
    18
420
        0
370
    25
100
AcDbPolyline
 90
        2
 70
     0
 43
0.0
 10
20.27484142215847
 20
69.17351410309846
 10
20.27484142215847
 20
66.03946552399846
  0
LWPOLYLINE
  5
229
330
1F
100
AcDbEntity
  8
0
  6
Continuous
 62
    18
420
        0
370
    25
100
AcDbPolyline
 90
        2
 70
     0
 43
0.0
 10
19.97048534595846
 20
69.17351410309846
 10
20.27484142215847
 20
69.17351410309846
  0
LWPOLYLINE
  5
22A
330
1F
100
AcDbEntity
  8
0
  6
Continuous
 62
    18
420
        0
370
    25
100
AcDbPolyline
 90
        2
 70
     0
 43
0.0
 10
17.37484142215846
 20
69.17351410309846
 10
17.67919749845848
 20
69.17351410309846
  0
LWPOLYLINE
  5
22B
330
1F
100
AcDbEntity
  8
0
  6
Continuous
 62
    18
420
        0
370
    25
100
AcDbPolyline
 90
        2
 70
     0
 43
0.0
 10
16.37484142215845
 20
99.77351410309845
 10
16.37484142215845
 20
70.17351410309847
  0
LWPOLYLINE
  5
22C
330
1F
100
AcDbEntity
  8
0
  6
Continuous
 62
    18
420
        0
370
    25
100
AcDbPolyline
 90
        2
 70
     0
 43
0.0
 10
17.67919749845848
 20
100.8735141030985
 10
17.37484142215846
 20
100.8735141030985
  0
LWPOLYLINE
  5
22D
330
1F
100
AcDbEntity
  8
0
  6
Continuous
 62
    18
420
        0
370
    25
100
AcDbPolyline
 90
        2
 70
     0
 43
0.0
 10
20.52484142215847
 20
100.8735141030985
 10
19.97048534585847
 20
100.8735141030985
  0
LWPOLYLINE
  5
22E
330
1F
100
AcDbEntity
  8
0
  6
Continuous
 62
    18
420
        0
370
    25
100
AcDbPolyline
 90
        2
 70
     0
 43
0.0
 10
20.77484099505847
 20
103.9951962778985
 10
20.77484099505847
 20
101.1235141030985
  0
LWPOLYLINE
  5
22F
330
1F
100
AcDbEntity
  8
0
  6
Continuous
 62
    18
420
        0
370
    25
100
AcDbPolyline
 90
        2
 70
     0
 43
0.0
 10
19.27484142215846
 20
104.2451962778985
 10
20.52484099505847
 20
104.2451962778985
  0
LWPOLYLINE
  5
230
330
1F
100
AcDbEntity
  8
0
  6
Continuous
 62
    18
420
        0
370
    25
100
AcDbPolyline
 90
        2
 70
     0
 43
0.0
 10
19.02484142215847
 20
133.7235141032985
 10
19.02484142215847
 20
104.4951962778985
  0
LWPOLYLINE
  5
231
330
1F
100
AcDbEntity
  8
0
  6
Continuous
 62
    18
420
        0
370
    25
100
AcDbPolyline
 90
        2
 70
     0
 43
0.0
 10
18.12484142215845
 20
133.9735141032985
 10
18.77484142215847
 20
133.9735141032985
  0
LWPOLYLINE
  5
232
330
1F
100
AcDbEntity
  8
0
  6
Continuous
 62
    18
420
        0
370
    25
100
AcDbPolyline
 90
        2
 70
     0
 43
0.0
 10
17.87484142215845
 20
134.9235141030985
 10
17.87484142215845
 20
134.2235141032985
  0
LWPOLYLINE
  5
233
330
1F
100
AcDbEntity
  8
0
  6
Continuous
 62
    18
420
        0
370
    25
100
AcDbPolyline
 90
        2
 70
     0
 43
0.0
 10
34.61143951765847
 20
137.9235141030985
 10
20.87484142215845
 20
137.9235141030985
  0
LWPOLYLINE
  5
234
330
1F
100
AcDbEntity
  8
0
  6
Continuous
 62
    18
420
        0
370
    25
100
AcDbPolyline
 90
        2
 70
     0
 43
0.0
 10
40.70721642225848
 20
135.5235141030984
 10
37.74451905535847
 20
135.5235141030984
  0
LWPOLYLINE
  5
235
330
1F
100
AcDbEntity
  8
0
  6
Continuous
 62
    18
420
        0
370
    25
100
AcDbPolyline
 90
        2
 70
     0
 43
0.0
 10
40.95721642225848
 20
135.8278701793985
 10
40.95721642225848
 20
135.7735141030984
  0
LWPOLYLINE
  5
236
330
1F
100
AcDbEntity
  8
0
  6
Continuous
 62
    18
420
        0
370
    25
100
AcDbPolyline
 90
        2
 70
     0
 43
0.0
 10
40.95721642225848
 20
138.4235141030985
 10
40.95721642225848
 20
138.1191580268984
  0
LWPOLYLINE
  5
237
330
1F
100
AcDbEntity
  8
0
  6
Continuous
 62
    18
420
        0
370
    25
100
AcDbPolyline
 90
        2
 70
     0
 43
0.0
 10
71.65721642225846
 20
139.4235141030985
 10
41.95721642225847
 20
139.4235141030985
  0
LWPOLYLINE
  5
238
330
1F
100
AcDbEntity
  8
0
  6
Continuous
 62
    18
420
        0
370
    25
100
AcDbPolyline
 90
        2
 70
     0
 43
0.0
 10
72.65721642225847
 20
138.1191580267985
 10
72.65721642225847
 20
138.4235141030985
  0
LWPOLYLINE
  5
239
330
1F
100
AcDbEntity
  8
0
  6
Continuous
 62
    18
420
        0
370
    25
100
AcDbPolyline
 90
        2
 70
     0
 43
0.0
 10
72.65721642225847
 20
135.2735141030985
 10
72.65721642225847
 20
135.8278701793985
  0
LWPOLYLINE
  5
23A
330
1F
100
AcDbEntity
  8
0
  6
Continuous
 62
    18
420
        0
370
    25
100
AcDbPolyline
 90
        2
 70
     0
 43
0.0
 10
75.77189444255846
 20
135.0235141030984
 10
72.90721642225846
 20
135.0235141030984
  0
LWPOLYLINE
  5
23B
330
1F
100
AcDbEntity
  8
0
  6
Continuous
 62
    18
420
        0
370
    25
100
AcDbPolyline
 90
        2
 70
     0
 43
0.0
 10
90.16234142225846
 20
137.9235141030985
 10
79.00299332685846
 20
137.9235141030985
  0
LWPOLYLINE
  5
23C
330
1F
100
AcDbEntity
  8
0
  6
Continuous
 62
    18
420
        0
370
    25
100
AcDbPolyline
 90
        2
 70
     0
 43
0.0
 10
92.16234142225846
 20
135.9235141030985
 10
92.16234142225846
 20
135.7922641032985
  0
LWPOLYLINE
  5
23D
330
1F
100
AcDbEntity
  8
0
  6
Continuous
 62
    18
420
        0
370
    25
100
AcDbPolyline
 90
        2
 70
     0
 43
0.0
 10
94.16234142225846
 20
133.7922641032985
 10
109.1623414222585
 20
133.7922641032985
  0
LWPOLYLINE
  5
23E
330
1F
100
AcDbEntity
  8
0
  6
Continuous
 62
    18
420
        0
370
    25
100
AcDbPolyline
 90
        2
 70
     0
 43
0.0
 10
111.1623414222585
 20
135.7922641032985
 10
111.1623414222585
 20
135.9235141030985
  0
LWPOLYLINE
  5
23F
330
1F
100
AcDbEntity
  8
0
  6
Continuous
 62
    18
420
        0
370
    25
100
AcDbPolyline
 90
        2
 70
     0
 43
0.0
 10
154.9239395176585
 20
137.9235141030985
 10
113.1623414222585
 20
137.9235141030985
  0
LWPOLYLINE
  5
240
330
1F
100
AcDbEntity
  8
0
  6
Continuous
 62
    18
420
        0
370
    25
100
AcDbPolyline
 90
        2
 70
     0
 43
0.0
 10
46.63937742225848
 20
78.30680010309847
 10
47.13937742225846
 20
78.30680010309847
  0
LWPOLYLINE
  5
241
330
1F
100
AcDbEntity
  8
0
  6
Continuous
 62
    18
420
        0
370
    25
100
AcDbPolyline
 90
        2
 70
     0
 43
0.0
 10
47.63937742225847
 20
83.52351410309846
 10
50.90984142215846
 20
83.52351410309846
  0
LWPOLYLINE
  5
242
330
1F
100
AcDbEntity
  8
0
  6
Continuous
 62
    18
420
        0
370
    25
100
AcDbPolyline
 90
        2
 70
     0
 43
0.0
 10
51.90984142215848
 20
84.52351410309846
 10
51.90984142215848
 20
86.27351410309846
  0
LWPOLYLINE
  5
243
330
1F
100
AcDbEntity
  8
0
  6
Continuous
 62
    18
420
        0
370
    25
100
AcDbPolyline
 90
        2
 70
     0
 43
0.0
 10
50.90984142215846
 20
87.27351410309846
 10
47.63937742225847
 20
87.27351410309846
  0
LWPOLYLINE
  5
244
330
1F
100
AcDbEntity
  8
0
  6
Continuous
 62
    18
420
        0
370
    25
100
AcDbPolyline
 90
        2
 70
     0
 43
0.0
 10
47.63937742225847
 20
87.27351410309846
 10
47.63937742225847
 20
91.80680010309845
  0
LWPOLYLINE
  5
245
330
1F
100
AcDbEntity
  8
0
  6
Continuous
 62
    18
420
        0
370
    25
100
AcDbPolyline
 90
        2
 70
     0
 43
0.0
 10
47.13937742225846
 20
92.30680010309845
 10
46.63937742225848
 20
92.30680010309845
  0
LWPOLYLINE
  5
246
330
1F
100
AcDbEntity
  8
0
  6
Continuous
 62
    18
420
        0
370
    25
100
AcDbPolyline
 90
        2
 70
     0
 43
0.0
 10
46.13937742225847
 20
91.80680010309845
 10
46.13937742225847
 20
87.27102842619847
  0
LWPOLYLINE
  5
247
330
1F
100
AcDbEntity
  8
0
  6
Continuous
 62
    18
420
        0
370
    25
100
AcDbPolyline
 90
        2
 70
     0
 43
0.0
 10
45.20984142235847
 20
86.27351410309846
 10
45.20984142235847
 20
84.52351410309846
  0
LWPOLYLINE
  5
248
330
1F
100
AcDbEntity
  8
0
  6
Continuous
 62
    18
420
        0
370
    25
100
AcDbPolyline
 90
        2
 70
     0
 43
0.0
 10
205.9773774222585
 20
38.70680010309846
 10
205.9773774222585
 20
53.70680010309846
  0
LWPOLYLINE
  5
249
330
1F
100
AcDbEntity
  8
0
  6
Continuous
 62
    18
420
        0
370
    25
100
AcDbPolyline
 90
        2
 70
     0
 43
0.0
 10
205.4773774222585
 20
54.20680010309846
 10
182.0393774222585
 20
54.20680010309846
  0
LWPOLYLINE
  5
24A
330
1F
100
AcDbEntity
  8
0
  6
Continuous
 62
    18
420
        0
370
    25
100
AcDbPolyline
 90
        2
 70
     0
 43
0.0
 10
181.0393774222585
 20
53.20680010309847
 10
168.8706274222585
 20
53.20680010309847
  0
LWPOLYLINE
  5
24B
330
1F
100
AcDbEntity
  8
0
  6
Continuous
 62
    18
420
        0
370
    25
100
AcDbPolyline
 90
        2
 70
     0
 43
0.0
 10
168.3706274222585
 20
38.70680010309846
 10
168.3706274222585
 20
52.70680010309846
  0
LWPOLYLINE
  5
24C
330
1F
100
AcDbEntity
  8
0
  6
Continuous
 62
    18
420
        0
370
    25
100
AcDbPolyline
 90
        2
 70
     0
 43
0.0
 10
168.8706274222585
 20
38.20680010309847
 10
179.6013774222585
 20
38.20680010309847
  0
LWPOLYLINE
  5
24D
330
1F
100
AcDbEntity
  8
0
  6
Continuous
 62
    18
420
        0
370
    25
100
AcDbPolyline
 90
        2
 70
     0
 43
0.0
 10
180.1013774222585
 20
38.70680010309846
 10
180.1013774222585
 20
39.70680010309847
  0
LWPOLYLINE
  5
24E
330
1F
100
AcDbEntity
  8
0
  6
Continuous
 62
    18
420
        0
370
    25
100
AcDbPolyline
 90
        2
 70
     0
 43
0.0
 10
180.6013774222585
 20
40.20680010309846
 10
191.6831274222585
 20
40.20680010309846
  0
LWPOLYLINE
  5
24F
330
1F
100
AcDbEntity
  8
0
  6
Continuous
 62
    18
420
        0
370
    25
100
AcDbPolyline
 90
        2
 70
     0
 43
0.0
 10
192.1831274222585
 20
39.70680010309847
 10
192.1831274222585
 20
38.20680010309847
  0
LWPOLYLINE
  5
250
330
1F
100
AcDbEntity
  8
0
  6
Continuous
 62
    18
420
        0
370
    25
100
AcDbPolyline
 90
        2
 70
     0
 43
0.0
 10
192.1831274222585
 20
38.20680010309847
 10
205.4773774222585
 20
38.20680010309847
  0
LWPOLYLINE
  5
251
330
1F
100
AcDbEntity
  8
0
  6
Continuous
 62
    18
420
        0
370
    25
100
AcDbPolyline
 90
        2
 70
     0
 43
0.0
 10
90.17062742225848
 20
53.70680010309846
 10
90.17062742225848
 20
38.70680010309846
  0
LWPOLYLINE
  5
252
330
1F
100
AcDbEntity
  8
0
  6
Continuous
 62
    18
420
        0
370
    25
100
AcDbPolyline
 90
        2
 70
     0
 43
0.0
 10
90.67062742225846
 20
38.20680010309847
 10
108.1638774222585
 20
38.20680010309847
  0
LWPOLYLINE
  5
253
330
1F
100
AcDbEntity
  8
0
  6
Continuous
 62
    18
420
        0
370
    25
100
AcDbPolyline
 90
        2
 70
     0
 43
0.0
 10
108.6638774222585
 20
38.70680010309846
 10
108.6638774222585
 20
39.70680010309847
  0
LWPOLYLINE
  5
254
330
1F
100
AcDbEntity
  8
0
  6
Continuous
 62
    18
420
        0
370
    25
100
AcDbPolyline
 90
        2
 70
     0
 43
0.0
 10
109.1638774222585
 20
40.20680010309846
 10
120.2456274222585
 20
40.20680010309846
  0
LWPOLYLINE
  5
255
330
1F
100
AcDbEntity
  8
0
  6
Continuous
 62
    18
420
        0
370
    25
100
AcDbPolyline
 90
        2
 70
     0
 43
0.0
 10
120.7456274222585
 20
39.70680010309847
 10
120.7456274222585
 20
38.70680010309846
  0
LWPOLYLINE
  5
256
330
1F
100
AcDbEntity
  8
0
  6
Continuous
 62
    18
420
        0
370
    25
100
AcDbPolyline
 90
        2
 70
     0
 43
0.0
 10
121.2456274222585
 20
38.20680010309847
 10
132.0398774222585
 20
38.20680010309847
  0
LWPOLYLINE
  5
257
330
1F
100
AcDbEntity
  8
0
  6
Continuous
 62
    18
420
        0
370
    25
100
AcDbPolyline
 90
        2
 70
     0
 43
0.0
 10
132.5398774222585
 20
38.70680010309846
 10
132.5398774222585
 20
39.70680010309847
  0
LWPOLYLINE
  5
258
330
1F
100
AcDbEntity
  8
0
  6
Continuous
 62
    18
420
        0
370
    25
100
AcDbPolyline
 90
        2
 70
     0
 43
0.0
 10
133.0398774222585
 20
40.20680010309846
 10
161.7018774222585
 20
40.20680010309846
  0
LWPOLYLINE
  5
259
330
1F
100
AcDbEntity
  8
0
  6
Continuous
 62
    18
420
        0
370
    25
100
AcDbPolyline
 90
        2
 70
     0
 43
0.0
 10
162.2018774222585
 20
40.70680010309846
 10
162.2018774222585
 20
53.70680010309846
  0
LWPOLYLINE
  5
25A
330
1F
100
AcDbEntity
  8
0
  6
Continuous
 62
    18
420
        0
370
    25
100
AcDbPolyline
 90
        2
 70
     0
 43
0.0
 10
161.7018774222585
 20
54.20680010309846
 10
132.0331274222585
 20
54.20680010309846
  0
LWPOLYLINE
  5
25B
330
1F
100
AcDbEntity
  8
0
  6
Continuous
 62
    18
420
        0
370
    25
100
AcDbPolyline
 90
        2
 70
     0
 43
0.0
 10
131.0331274222585
 20
53.20680010309847
 10
124.6018774222585
 20
53.20680010309847
  0
LWPOLYLINE
  5
25C
330
1F
100
AcDbEntity
  8
0
  6
Continuous
 62
    18
420
        0
370
    25
100
AcDbPolyline
 90
        2
 70
     0
 43
0.0
 10
123.6018774222585
 20
54.20680010309846
 10
109.1638774222585
 20
54.20680010309846
  0
LWPOLYLINE
  5
25D
330
1F
100
AcDbEntity
  8
0
  6
Continuous
 62
    18
420
        0
370
    25
100
AcDbPolyline
 90
        2
 70
     0
 43
0.0
 10
108.1638774222585
 20
53.20680010309847
 10
104.6706274222585
 20
53.20680010309847
  0
LWPOLYLINE
  5
25E
330
1F
100
AcDbEntity
  8
0
  6
Continuous
 62
    18
420
        0
370
    25
100
AcDbPolyline
 90
        2
 70
     0
 43
0.0
 10
103.6706274222585
 20
54.20680010309846
 10
90.67062742225846
 20
54.20680010309846
  0
LWPOLYLINE
  5
25F
330
1F
100
AcDbEntity
  8
0
  6
Continuous
 62
    18
420
        0
370
    25
100
AcDbPolyline
 90
        2
 70
     0
 43
0.0
 10
74.88312742225847
 20
78.30680010309847
 10
87.88312742225847
 20
78.30680010309847
  0
LWPOLYLINE
  5
260
330
1F
100
AcDbEntity
  8
0
  6
Continuous
 62
    18
420
        0
370
    25
100
AcDbPolyline
 90
        2
 70
     0
 43
0.0
 10
46.13937742225847
 20
83.52599978009846
 10
46.13937742225847
 20
78.80680010309845
  0
LWPOLYLINE
  5
261
330
1F
100
AcDbEntity
  8
0
  6
Continuous
 62
    18
420
        0
370
    25
100
AcDbPolyline
 90
        2
 70
     0
 43
0.0
 10
47.63937742225847
 20
78.80680010309845
 10
47.63937742225847
 20
83.52351410309846
  0
SPLINE
  5
262
330
1F
100
AcDbEntity
  8
0
  6
Continuous
 62
    18
420
        0
370
    25
100
AcDbSpline
210
0.0
220
0.0
230
1.0
 70
     8
 71
     3
 72
     8
 73
     4
 74
     0
 42
0.000000001
 43
0.0
 40
0.0
 40
0.0
 40
0.0
 40
0.0
 40
1.0
 40
1.0
 40
1.0
 40
1.0
 10
22.49562742225845
 20
130.4068001030984
 30
0.0
 10
22.21948504734306
 20
130.4068001030984
 30
0.0
 10
21.99562742225845
 20
130.1829424780138
 30
0.0
 10
21.99562742225845
 20
129.9068001030984
 30
0.0
  0
SPLINE
  5
263
330
1F
100
AcDbEntity
  8
0
  6
Continuous
 62
    18
420
        0
370
    25
100
AcDbSpline
210
0.0
220
0.0
230
1.0
 70
     8
 71
     3
 72
     8
 73
     4
 74
     0
 42
0.000000001
 43
0.0
 40
0.0
 40
0.0
 40
0.0
 40
0.0
 40
1.0
 40
1.0
 40
1.0
 40
1.0
 10
21.99562742225849
 20
116.9068001030985
 30
0.0
 10
21.99562742225849
 20
116.6306577281831
 30
0.0
 10
22.21948504734306
 20
116.4068001030985
 30
0.0
 10
22.49562742225845
 20
116.4068001030985
 30
0.0
  0
SPLINE
  5
264
330
1F
100
AcDbEntity
  8
0
  6
Continuous
 62
    18
420
        0
370
    25
100
AcDbSpline
210
0.0
220
0.0
230
1.0
 70
     8
 71
     3
 72
     8
 73
     4
 74
     0
 42
0.000000001
 43
0.0
 40
0.0
 40
0.0
 40
0.0
 40
0.0
 40
1.0
 40
1.0
 40
1.0
 40
1.0
 10
35.49562742225847
 20
116.4068001030984
 30
0.0
 10
35.77176979717387
 20
116.4068001030984
 30
0.0
 10
35.99562742225847
 20
116.6306577281831
 30
0.0
 10
35.99562742225847
 20
116.9068001030985
 30
0.0
  0
SPLINE
  5
265
330
1F
100
AcDbEntity
  8
0
  6
Continuous
 62
    18
420
        0
370
    25
100
AcDbSpline
210
0.0
220
0.0
230
1.0
 70
     8
 71
     3
 72
     8
 73
     4
 74
     0
 42
0.000000001
 43
0.0
 40
0.0
 40
0.0
 40
0.0
 40
0.0
 40
1.0
 40
1.0
 40
1.0
 40
1.0
 10
35.99562742225847
 20
129.9068001030984
 30
0.0
 10
35.99562742225847
 20
130.1829424780138
 30
0.0
 10
35.77176979717387
 20
130.4068001030985
 30
0.0
 10
35.49562742225847
 20
130.4068001030985
 30
0.0
  0
SPLINE
  5
266
330
1F
100
AcDbEntity
  8
0
  6
Continuous
 62
    18
420
        0
370
    25
100
AcDbSpline
210
0.0
220
0.0
230
1.0
 70
     8
 71
     3
 72
     8
 73
     4
 74
     0
 42
0.000000001
 43
0.0
 40
0.0
 40
0.0
 40
0.0
 40
0.0
 40
1.0
 40
1.0
 40
1.0
 40
1.0
 10
41.54562742225847
 20
130.4068001030985
 30
0.0
 10
41.26948504734304
 20
130.4068001030985
 30
0.0
 10
41.04562742225843
 20
130.1829424780139
 30
0.0
 10
41.04562742225841
 20
129.9068001030984
 30
0.0
  0
SPLINE
  5
267
330
1F
100
AcDbEntity
  8
0
  6
Continuous
 62
    18
420
        0
370
    25
100
AcDbSpline
210
0.0
220
0.0
230
1.0
 70
     8
 71
     3
 72
     8
 73
     4
 74
     0
 42
0.000000001
 43
0.0
 40
0.0
 40
0.0
 40
0.0
 40
0.0
 40
1.0
 40
1.0
 40
1.0
 40
1.0
 10
41.04562742225846
 20
116.9068001030985
 30
0.0
 10
41.04562742225846
 20
116.6306577281831
 30
0.0
 10
41.26948504734308
 20
116.4068001030985
 30
0.0
 10
41.54562742225847
 20
116.4068001030985
 30
0.0
  0
SPLINE
  5
268
330
1F
100
AcDbEntity
  8
0
  6
Continuous
 62
    18
420
        0
370
    25
100
AcDbSpline
210
0.0
220
0.0
230
1.0
 70
     8
 71
     3
 72
     8
 73
     4
 74
     0
 42
0.000000001
 43
0.0
 40
0.0
 40
0.0
 40
0.0
 40
0.0
 40
1.0
 40
1.0
 40
1.0
 40
1.0
 10
54.54562742225846
 20
116.4068001030985
 30
0.0
 10
54.82176979717385
 20
116.4068001030985
 30
0.0
 10
55.04562742225847
 20
116.6306577281831
 30
0.0
 10
55.04562742225847
 20
116.9068001030985
 30
0.0
  0
SPLINE
  5
269
330
1F
100
AcDbEntity
  8
0
  6
Continuous
 62
    18
420
        0
370
    25
100
AcDbSpline
210
0.0
220
0.0
230
1.0
 70
     8
 71
     3
 72
     8
 73
     4
 74
     0
 42
0.000000001
 43
0.0
 40
0.0
 40
0.0
 40
0.0
 40
0.0
 40
1.0
 40
1.0
 40
1.0
 40
1.0
 10
55.04562742225847
 20
129.9068001030984
 30
0.0
 10
55.04562742225847
 20
130.1829424780138
 30
0.0
 10
54.82176979717385
 20
130.4068001030984
 30
0.0
 10
54.54562742225846
 20
130.4068001030984
 30
0.0
  0
SPLINE
  5
26A
330
1F
100
AcDbEntity
  8
0
  6
Continuous
 62
    18
420
        0
370
    25
100
AcDbSpline
210
0.0
220
0.0
230
1.0
 70
     8
 71
     3
 72
     8
 73
     4
 74
     0
 42
0.000000001
 43
0.0
 40
0.0
 40
0.0
 40
0.0
 40
0.0
 40
1.0
 40
1.0
 40
1.0
 40
1.0
 10
60.59562742225847
 20
130.4068001030985
 30
0.0
 10
60.31948504734304
 20
130.4068001030985
 30
0.0
 10
60.09562742225842
 20
130.1829424780139
 30
0.0
 10
60.0956274222584
 20
129.9068001030984
 30
0.0
  0
SPLINE
  5
26B
330
1F
100
AcDbEntity
  8
0
  6
Continuous
 62
    18
420
        0
370
    25
100
AcDbSpline
210
0.0
220
0.0
230
1.0
 70
     8
 71
     3
 72
     8
 73
     4
 74
     0
 42
0.000000001
 43
0.0
 40
0.0
 40
0.0
 40
0.0
 40
0.0
 40
1.0
 40
1.0
 40
1.0
 40
1.0
 10
60.09562742225847
 20
116.9068001030985
 30
0.0
 10
60.09562742225847
 20
116.6306577281831
 30
0.0
 10
60.31948504734308
 20
116.4068001030985
 30
0.0
 10
60.59562742225847
 20
116.4068001030985
 30
0.0
  0
SPLINE
  5
26C
330
1F
100
AcDbEntity
  8
0
  6
Continuous
 62
    18
420
        0
370
    25
100
AcDbSpline
210
0.0
220
0.0
230
1.0
 70
     8
 71
     3
 72
     8
 73
     4
 74
     0
 42
0.000000001
 43
0.0
 40
0.0
 40
0.0
 40
0.0
 40
0.0
 40
1.0
 40
1.0
 40
1.0
 40
1.0
 10
73.59562742225846
 20
116.4068001030985
 30
0.0
 10
73.87176979717385
 20
116.4068001030985
 30
0.0
 10
74.09562742225846
 20
116.6306577281831
 30
0.0
 10
74.09562742225846
 20
116.9068001030985
 30
0.0
  0
SPLINE
  5
26D
330
1F
100
AcDbEntity
  8
0
  6
Continuous
 62
    18
420
        0
370
    25
100
AcDbSpline
210
0.0
220
0.0
230
1.0
 70
     8
 71
     3
 72
     8
 73
     4
 74
     0
 42
0.000000001
 43
0.0
 40
0.0
 40
0.0
 40
0.0
 40
0.0
 40
1.0
 40
1.0
 40
1.0
 40
1.0
 10
74.09562742225846
 20
129.9068001030984
 30
0.0
 10
74.09562742225846
 20
130.1829424780138
 30
0.0
 10
73.87176979717385
 20
130.4068001030984
 30
0.0
 10
73.59562742225846
 20
130.4068001030984
 30
0.0
  0
SPLINE
  5
26E
330
1F
100
AcDbEntity
  8
0
  6
Continuous
 62
    18
420
        0
370
    25
100
AcDbSpline
210
0.0
220
0.0
230
1.0
 70
     8
 71
     3
 72
     8
 73
     4
 74
     0
 42
0.000000001
 43
0.0
 40
0.0
 40
0.0
 40
0.0
 40
0.0
 40
1.0
 40
1.0
 40
1.0
 40
1.0
 10
79.64562742225849
 20
130.4068001030985
 30
0.0
 10
79.36948504734305
 20
130.4068001030985
 30
0.0
 10
79.14562742225843
 20
130.1829424780139
 30
0.0
 10
79.14562742225843
 20
129.9068001030984
 30
0.0
  0
SPLINE
  5
26F
330
1F
100
AcDbEntity
  8
0
  6
Continuous
 62
    18
420
        0
370
    25
100
AcDbSpline
210
0.0
220
0.0
230
1.0
 70
     8
 71
     3
 72
     8
 73
     4
 74
     0
 42
0.000000001
 43
0.0
 40
0.0
 40
0.0
 40
0.0
 40
0.0
 40
1.0
 40
1.0
 40
1.0
 40
1.0
 10
79.14562742225849
 20
116.9068001030985
 30
0.0
 10
79.14562742225849
 20
116.6306577281831
 30
0.0
 10
79.36948504734308
 20
116.4068001030985
 30
0.0
 10
79.64562742225849
 20
116.4068001030985
 30
0.0
  0
SPLINE
  5
270
330
1F
100
AcDbEntity
  8
0
  6
Continuous
 62
    18
420
        0
370
    25
100
AcDbSpline
210
0.0
220
0.0
230
1.0
 70
     8
 71
     3
 72
     8
 73
     4
 74
     0
 42
0.000000001
 43
0.0
 40
0.0
 40
0.0
 40
0.0
 40
0.0
 40
1.0
 40
1.0
 40
1.0
 40
1.0
 10
92.64562742225846
 20
116.4068001030984
 30
0.0
 10
92.92176979717387
 20
116.4068001030984
 30
0.0
 10
93.14562742225849
 20
116.6306577281831
 30
0.0
 10
93.14562742225849
 20
116.9068001030985
 30
0.0
  0
SPLINE
  5
271
330
1F
100
AcDbEntity
  8
0
  6
Continuous
 62
    18
420
        0
370
    25
100
AcDbSpline
210
0.0
220
0.0
230
1.0
 70
     8
 71
     3
 72
     8
 73
     4
 74
     0
 42
0.000000001
 43
0.0
 40
0.0
 40
0.0
 40
0.0
 40
0.0
 40
1.0
 40
1.0
 40
1.0
 40
1.0
 10
93.1456274222585
 20
129.9068001030984
 30
0.0
 10
93.1456274222585
 20
130.1829424780139
 30
0.0
 10
92.9217697971739
 20
130.4068001030985
 30
0.0
 10
92.64562742225846
 20
130.4068001030985
 30
0.0
  0
SPLINE
  5
272
330
1F
100
AcDbEntity
  8
0
  6
Continuous
 62
    18
420
        0
370
    25
100
AcDbSpline
210
0.0
220
0.0
230
1.0
 70
     8
 71
     3
 72
     8
 73
     4
 74
     0
 42
0.000000001
 43
0.0
 40
0.0
 40
0.0
 40
0.0
 40
0.0
 40
1.0
 40
1.0
 40
1.0
 40
1.0
 10
98.69562742225847
 20
130.4068001030985
 30
0.0
 10
98.41948504734306
 20
130.4068001030985
 30
0.0
 10
98.19562742225844
 20
130.1829424780139
 30
0.0
 10
98.19562742225844
 20
129.9068001030984
 30
0.0
  0
SPLINE
  5
273
330
1F
100
AcDbEntity
  8
0
  6
Continuous
 62
    18
420
        0
370
    25
100
AcDbSpline
210
0.0
220
0.0
230
1.0
 70
     8
 71
     3
 72
     8
 73
     4
 74
     0
 42
0.000000001
 43
0.0
 40
0.0
 40
0.0
 40
0.0
 40
0.0
 40
1.0
 40
1.0
 40
1.0
 40
1.0
 10
98.1956274222585
 20
116.9068001030985
 30
0.0
 10
98.1956274222585
 20
116.6306577281831
 30
0.0
 10
98.41948504734307
 20
116.4068001030985
 30
0.0
 10
98.69562742225847
 20
116.4068001030985
 30
0.0
  0
SPLINE
  5
274
330
1F
100
AcDbEntity
  8
0
  6
Continuous
 62
    18
420
        0
370
    25
100
AcDbSpline
210
0.0
220
0.0
230
1.0
 70
     8
 71
     3
 72
     8
 73
     4
 74
     0
 42
0.000000001
 43
0.0
 40
0.0
 40
0.0
 40
0.0
 40
0.0
 40
1.0
 40
1.0
 40
1.0
 40
1.0
 10
111.6956274222585
 20
116.4068001030984
 30
0.0
 10
111.9717697971739
 20
116.4068001030984
 30
0.0
 10
112.1956274222585
 20
116.6306577281831
 30
0.0
 10
112.1956274222585
 20
116.9068001030985
 30
0.0
  0
SPLINE
  5
275
330
1F
100
AcDbEntity
  8
0
  6
Continuous
 62
    18
420
        0
370
    25
100
AcDbSpline
210
0.0
220
0.0
230
1.0
 70
     8
 71
     3
 72
     8
 73
     4
 74
     0
 42
0.000000001
 43
0.0
 40
0.0
 40
0.0
 40
0.0
 40
0.0
 40
1.0
 40
1.0
 40
1.0
 40
1.0
 10
112.1956274222585
 20
129.9068001030984
 30
0.0
 10
112.1956274222585
 20
130.1829424780139
 30
0.0
 10
111.9717697971739
 20
130.4068001030985
 30
0.0
 10
111.6956274222585
 20
130.4068001030985
 30
0.0
  0
SPLINE
  5
276
330
1F
100
AcDbEntity
  8
0
  6
Continuous
 62
    18
420
        0
370
    25
100
AcDbSpline
210
0.0
220
0.0
230
1.0
 70
     8
 71
     3
 72
     8
 73
     4
 74
     0
 42
0.000000001
 43
0.0
 40
0.0
 40
0.0
 40
0.0
 40
0.0
 40
1.0
 40
1.0
 40
1.0
 40
1.0
 10
117.7456274222585
 20
130.4068001030984
 30
0.0
 10
117.4694850473431
 20
130.4068001030984
 30
0.0
 10
117.2456274222585
 20
130.1829424780138
 30
0.0
 10
117.2456274222585
 20
129.9068001030984
 30
0.0
  0
SPLINE
  5
277
330
1F
100
AcDbEntity
  8
0
  6
Continuous
 62
    18
420
        0
370
    25
100
AcDbSpline
210
0.0
220
0.0
230
1.0
 70
     8
 71
     3
 72
     8
 73
     4
 74
     0
 42
0.000000001
 43
0.0
 40
0.0
 40
0.0
 40
0.0
 40
0.0
 40
1.0
 40
1.0
 40
1.0
 40
1.0
 10
117.2456274222585
 20
116.9068001030985
 30
0.0
 10
117.2456274222585
 20
116.6306577281831
 30
0.0
 10
117.4694850473431
 20
116.4068001030985
 30
0.0
 10
117.7456274222585
 20
116.4068001030985
 30
0.0
  0
SPLINE
  5
278
330
1F
100
AcDbEntity
  8
0
  6
Continuous
 62
    18
420
        0
370
    25
100
AcDbSpline
210
0.0
220
0.0
230
1.0
 70
     8
 71
     3
 72
     8
 73
     4
 74
     0
 42
0.000000001
 43
0.0
 40
0.0
 40
0.0
 40
0.0
 40
0.0
 40
1.0
 40
1.0
 40
1.0
 40
1.0
 10
130.7456274222585
 20
116.4068001030984
 30
0.0
 10
131.0217697971739
 20
116.4068001030984
 30
0.0
 10
131.2456274222585
 20
116.6306577281831
 30
0.0
 10
131.2456274222585
 20
116.9068001030985
 30
0.0
  0
SPLINE
  5
279
330
1F
100
AcDbEntity
  8
0
  6
Continuous
 62
    18
420
        0
370
    25
100
AcDbSpline
210
0.0
220
0.0
230
1.0
 70
     8
 71
     3
 72
     8
 73
     4
 74
     0
 42
0.000000001
 43
0.0
 40
0.0
 40
0.0
 40
0.0
 40
0.0
 40
1.0
 40
1.0
 40
1.0
 40
1.0
 10
131.2456274222585
 20
129.9068001030984
 30
0.0
 10
131.2456274222585
 20
130.1829424780139
 30
0.0
 10
131.0217697971739
 20
130.4068001030985
 30
0.0
 10
130.7456274222585
 20
130.4068001030985
 30
0.0
  0
SPLINE
  5
27A
330
1F
100
AcDbEntity
  8
0
  6
Continuous
 62
    18
420
        0
370
    25
100
AcDbSpline
210
0.0
220
0.0
230
1.0
 70
     8
 71
     3
 72
     8
 73
     4
 74
     0
 42
0.000000001
 43
0.0
 40
0.0
 40
0.0
 40
0.0
 40
0.0
 40
1.0
 40
1.0
 40
1.0
 40
1.0
 10
136.7956274222585
 20
130.4068001030985
 30
0.0
 10
136.5194850473431
 20
130.4068001030985
 30
0.0
 10
136.2956274222585
 20
130.1829424780138
 30
0.0
 10
136.2956274222585
 20
129.9068001030984
 30
0.0
  0
SPLINE
  5
27B
330
1F
100
AcDbEntity
  8
0
  6
Continuous
 62
    18
420
        0
370
    25
100
AcDbSpline
210
0.0
220
0.0
230
1.0
 70
     8
 71
     3
 72
     8
 73
     4
 74
     0
 42
0.000000001
 43
0.0
 40
0.0
 40
0.0
 40
0.0
 40
0.0
 40
1.0
 40
1.0
 40
1.0
 40
1.0
 10
136.2956274222585
 20
116.9068001030985
 30
0.0
 10
136.2956274222585
 20
116.6306577281831
 30
0.0
 10
136.5194850473431
 20
116.4068001030985
 30
0.0
 10
136.7956274222585
 20
116.4068001030985
 30
0.0
  0
SPLINE
  5
27C
330
1F
100
AcDbEntity
  8
0
  6
Continuous
 62
    18
420
        0
370
    25
100
AcDbSpline
210
0.0
220
0.0
230
1.0
 70
     8
 71
     3
 72
     8
 73
     4
 74
     0
 42
0.000000001
 43
0.0
 40
0.0
 40
0.0
 40
0.0
 40
0.0
 40
1.0
 40
1.0
 40
1.0
 40
1.0
 10
149.7956274222585
 20
116.4068001030984
 30
0.0
 10
150.0717697971739
 20
116.4068001030984
 30
0.0
 10
150.2956274222585
 20
116.6306577281831
 30
0.0
 10
150.2956274222585
 20
116.9068001030985
 30
0.0
  0
SPLINE
  5
27D
330
1F
100
AcDbEntity
  8
0
  6
Continuous
 62
    18
420
        0
370
    25
100
AcDbSpline
210
0.0
220
0.0
230
1.0
 70
     8
 71
     3
 72
     8
 73
     4
 74
     0
 42
0.000000001
 43
0.0
 40
0.0
 40
0.0
 40
0.0
 40
0.0
 40
1.0
 40
1.0
 40
1.0
 40
1.0
 10
150.2956274222585
 20
129.9068001030984
 30
0.0
 10
150.2956274222585
 20
130.1829424780139
 30
0.0
 10
150.0717697971739
 20
130.4068001030985
 30
0.0
 10
149.7956274222585
 20
130.4068001030985
 30
0.0
  0
SPLINE
  5
27E
330
1F
100
AcDbEntity
  8
0
  6
Continuous
 62
    18
420
        0
370
    25
100
AcDbSpline
210
0.0
220
0.0
230
1.0
 70
     8
 71
     3
 72
     8
 73
     4
 74
     0
 42
0.000000001
 43
0.0
 40
0.0
 40
0.0
 40
0.0
 40
0.0
 40
1.0
 40
1.0
 40
1.0
 40
1.0
 10
155.8456274222585
 20
130.4068001030985
 30
0.0
 10
155.5694850473431
 20
130.4068001030985
 30
0.0
 10
155.3456274222584
 20
130.1829424780138
 30
0.0
 10
155.3456274222584
 20
129.9068001030984
 30
0.0
  0
SPLINE
  5
27F
330
1F
100
AcDbEntity
  8
0
  6
Continuous
 62
    18
420
        0
370
    25
100
AcDbSpline
210
0.0
220
0.0
230
1.0
 70
     8
 71
     3
 72
     8
 73
     4
 74
     0
 42
0.000000001
 43
0.0
 40
0.0
 40
0.0
 40
0.0
 40
0.0
 40
1.0
 40
1.0
 40
1.0
 40
1.0
 10
155.3456274222585
 20
116.9068001030985
 30
0.0
 10
155.3456274222585
 20
116.6306577281831
 30
0.0
 10
155.5694850473431
 20
116.4068001030985
 30
0.0
 10
155.8456274222585
 20
116.4068001030985
 30
0.0
  0
SPLINE
  5
280
330
1F
100
AcDbEntity
  8
0
  6
Continuous
 62
    18
420
        0
370
    25
100
AcDbSpline
210
0.0
220
0.0
230
1.0
 70
     8
 71
     3
 72
     8
 73
     4
 74
     0
 42
0.000000001
 43
0.0
 40
0.0
 40
0.0
 40
0.0
 40
0.0
 40
1.0
 40
1.0
 40
1.0
 40
1.0
 10
168.8456274222585
 20
116.4068001030984
 30
0.0
 10
169.1217697971739
 20
116.4068001030984
 30
0.0
 10
169.3456274222585
 20
116.6306577281831
 30
0.0
 10
169.3456274222585
 20
116.9068001030985
 30
0.0
  0
SPLINE
  5
281
330
1F
100
AcDbEntity
  8
0
  6
Continuous
 62
    18
420
        0
370
    25
100
AcDbSpline
210
0.0
220
0.0
230
1.0
 70
     8
 71
     3
 72
     8
 73
     4
 74
     0
 42
0.000000001
 43
0.0
 40
0.0
 40
0.0
 40
0.0
 40
0.0
 40
1.0
 40
1.0
 40
1.0
 40
1.0
 10
169.3456274222585
 20
129.9068001030984
 30
0.0
 10
169.3456274222585
 20
130.1829424780139
 30
0.0
 10
169.1217697971739
 20
130.4068001030985
 30
0.0
 10
168.8456274222585
 20
130.4068001030985
 30
0.0
  0
SPLINE
  5
282
330
1F
100
AcDbEntity
  8
0
  6
Continuous
 62
    18
420
        0
370
    25
100
AcDbSpline
210
0.0
220
0.0
230
1.0
 70
     8
 71
     3
 72
     8
 73
     4
 74
     0
 42
0.000000001
 43
0.0
 40
0.0
 40
0.0
 40
0.0
 40
0.0
 40
1.0
 40
1.0
 40
1.0
 40
1.0
 10
174.8956274222585
 20
130.4068001030985
 30
0.0
 10
174.6194850473431
 20
130.4068001030985
 30
0.0
 10
174.3956274222584
 20
130.1829424780139
 30
0.0
 10
174.3956274222584
 20
129.9068001030984
 30
0.0
  0
SPLINE
  5
283
330
1F
100
AcDbEntity
  8
0
  6
Continuous
 62
    18
420
        0
370
    25
100
AcDbSpline
210
0.0
220
0.0
230
1.0
 70
     8
 71
     3
 72
     8
 73
     4
 74
     0
 42
0.000000001
 43
0.0
 40
0.0
 40
0.0
 40
0.0
 40
0.0
 40
1.0
 40
1.0
 40
1.0
 40
1.0
 10
174.3956274222585
 20
116.9068001030985
 30
0.0
 10
174.3956274222585
 20
116.6306577281831
 30
0.0
 10
174.6194850473431
 20
116.4068001030985
 30
0.0
 10
174.8956274222585
 20
116.4068001030985
 30
0.0
  0
SPLINE
  5
284
330
1F
100
AcDbEntity
  8
0
  6
Continuous
 62
    18
420
        0
370
    25
100
AcDbSpline
210
0.0
220
0.0
230
1.0
 70
     8
 71
     3
 72
     8
 73
     4
 74
     0
 42
0.000000001
 43
0.0
 40
0.0
 40
0.0
 40
0.0
 40
0.0
 40
1.0
 40
1.0
 40
1.0
 40
1.0
 10
187.8956274222585
 20
116.4068001030984
 30
0.0
 10
188.1717697971739
 20
116.4068001030984
 30
0.0
 10
188.3956274222585
 20
116.6306577281831
 30
0.0
 10
188.3956274222585
 20
116.9068001030985
 30
0.0
  0
SPLINE
  5
285
330
1F
100
AcDbEntity
  8
0
  6
Continuous
 62
    18
420
        0
370
    25
100
AcDbSpline
210
0.0
220
0.0
230
1.0
 70
     8
 71
     3
 72
     8
 73
     4
 74
     0
 42
0.000000001
 43
0.0
 40
0.0
 40
0.0
 40
0.0
 40
0.0
 40
1.0
 40
1.0
 40
1.0
 40
1.0
 10
188.3956274222585
 20
129.9068001030984
 30
0.0
 10
188.3956274222585
 20
130.1829424780138
 30
0.0
 10
188.1717697971739
 20
130.4068001030984
 30
0.0
 10
187.8956274222585
 20
130.4068001030984
 30
0.0
  0
SPLINE
  5
286
330
1F
100
AcDbEntity
  8
0
  6
Continuous
 62
    18
420
        0
370
    25
100
AcDbSpline
210
0.0
220
0.0
230
1.0
 70
     8
 71
     3
 72
     8
 73
     4
 74
     0
 42
0.000000001
 43
0.0
 40
0.0
 40
0.0
 40
0.0
 40
0.0
 40
1.0
 40
1.0
 40
1.0
 40
1.0
 10
193.9456274222585
 20
130.4068001030985
 30
0.0
 10
193.6694850473431
 20
130.4068001030985
 30
0.0
 10
193.4456274222584
 20
130.1829424780139
 30
0.0
 10
193.4456274222584
 20
129.9068001030984
 30
0.0
  0
SPLINE
  5
287
330
1F
100
AcDbEntity
  8
0
  6
Continuous
 62
    18
420
        0
370
    25
100
AcDbSpline
210
0.0
220
0.0
230
1.0
 70
     8
 71
     3
 72
     8
 73
     4
 74
     0
 42
0.000000001
 43
0.0
 40
0.0
 40
0.0
 40
0.0
 40
0.0
 40
1.0
 40
1.0
 40
1.0
 40
1.0
 10
193.4456274222585
 20
116.9068001030985
 30
0.0
 10
193.4456274222585
 20
116.6306577281831
 30
0.0
 10
193.6694850473431
 20
116.4068001030985
 30
0.0
 10
193.9456274222585
 20
116.4068001030985
 30
0.0
  0
SPLINE
  5
288
330
1F
100
AcDbEntity
  8
0
  6
Continuous
 62
    18
420
        0
370
    25
100
AcDbSpline
210
0.0
220
0.0
230
1.0
 70
     8
 71
     3
 72
     8
 73
     4
 74
     0
 42
0.000000001
 43
0.0
 40
0.0
 40
0.0
 40
0.0
 40
0.0
 40
1.0
 40
1.0
 40
1.0
 40
1.0
 10
206.9456274222584
 20
116.4068001030984
 30
0.0
 10
207.2217697971739
 20
116.4068001030984
 30
0.0
 10
207.4456274222585
 20
116.6306577281831
 30
0.0
 10
207.4456274222585
 20
116.9068001030985
 30
0.0
  0
SPLINE
  5
289
330
1F
100
AcDbEntity
  8
0
  6
Continuous
 62
    18
420
        0
370
    25
100
AcDbSpline
210
0.0
220
0.0
230
1.0
 70
     8
 71
     3
 72
     8
 73
     4
 74
     0
 42
0.000000001
 43
0.0
 40
0.0
 40
0.0
 40
0.0
 40
0.0
 40
1.0
 40
1.0
 40
1.0
 40
1.0
 10
207.4456274222585
 20
129.9068001030984
 30
0.0
 10
207.4456274222585
 20
130.1829424780139
 30
0.0
 10
207.2217697971739
 20
130.4068001030985
 30
0.0
 10
206.9456274222584
 20
130.4068001030985
 30
0.0
  0
SPLINE
  5
28A
330
1F
100
AcDbEntity
  8
0
  6
Continuous
 62
    18
420
        0
370
    25
100
AcDbSpline
210
0.0
220
0.0
230
1.0
 70
     8
 71
     3
 72
     8
 73
     4
 74
     0
 42
0.000000001
 43
0.0
 40
0.0
 40
0.0
 40
0.0
 40
0.0
 40
1.0
 40
1.0
 40
1.0
 40
1.0
 10
212.9956274222585
 20
130.4068001030985
 30
0.0
 10
212.7194850473431
 20
130.4068001030985
 30
0.0
 10
212.4956274222585
 20
130.1829424780139
 30
0.0
 10
212.4956274222585
 20
129.9068001030984
 30
0.0
  0
SPLINE
  5
28B
330
1F
100
AcDbEntity
  8
0
  6
Continuous
 62
    18
420
        0
370
    25
100
AcDbSpline
210
0.0
220
0.0
230
1.0
 70
     8
 71
     3
 72
     8
 73
     4
 74
     0
 42
0.000000001
 43
0.0
 40
0.0
 40
0.0
 40
0.0
 40
0.0
 40
1.0
 40
1.0
 40
1.0
 40
1.0
 10
212.4956274222585
 20
116.9068001030985
 30
0.0
 10
212.4956274222585
 20
116.6306577281831
 30
0.0
 10
212.7194850473431
 20
116.4068001030985
 30
0.0
 10
212.9956274222585
 20
116.4068001030985
 30
0.0
  0
SPLINE
  5
28C
330
1F
100
AcDbEntity
  8
0
  6
Continuous
 62
    18
420
        0
370
    25
100
AcDbSpline
210
0.0
220
0.0
230
1.0
 70
     8
 71
     3
 72
     8
 73
     4
 74
     0
 42
0.000000001
 43
0.0
 40
0.0
 40
0.0
 40
0.0
 40
0.0
 40
1.0
 40
1.0
 40
1.0
 40
1.0
 10
225.9956274222585
 20
116.4068001030984
 30
0.0
 10
226.2717697971739
 20
116.4068001030984
 30
0.0
 10
226.4956274222585
 20
116.6306577281831
 30
0.0
 10
226.4956274222585
 20
116.9068001030985
 30
0.0
  0
SPLINE
  5
28D
330
1F
100
AcDbEntity
  8
0
  6
Continuous
 62
    18
420
        0
370
    25
100
AcDbSpline
210
0.0
220
0.0
230
1.0
 70
     8
 71
     3
 72
     8
 73
     4
 74
     0
 42
0.000000001
 43
0.0
 40
0.0
 40
0.0
 40
0.0
 40
0.0
 40
1.0
 40
1.0
 40
1.0
 40
1.0
 10
226.4956274222585
 20
129.9068001030984
 30
0.0
 10
226.4956274222585
 20
130.1829424780138
 30
0.0
 10
226.2717697971739
 20
130.4068001030984
 30
0.0
 10
225.9956274222585
 20
130.4068001030984
 30
0.0
  0
SPLINE
  5
28E
330
1F
100
AcDbEntity
  8
0
  6
Continuous
 62
    18
420
        0
370
    25
100
AcDbSpline
210
0.0
220
0.0
230
1.0
 70
     8
 71
     3
 72
     8
 73
     4
 74
     0
 42
0.000000001
 43
0.0
 40
0.0
 40
0.0
 40
0.0
 40
0.0
 40
1.0
 40
1.0
 40
1.0
 40
1.0
 10
232.0456274222585
 20
130.4068001030985
 30
0.0
 10
231.7694850473431
 20
130.4068001030985
 30
0.0
 10
231.5456274222584
 20
130.1829424780139
 30
0.0
 10
231.5456274222584
 20
129.9068001030984
 30
0.0
  0
SPLINE
  5
28F
330
1F
100
AcDbEntity
  8
0
  6
Continuous
 62
    18
420
        0
370
    25
100
AcDbSpline
210
0.0
220
0.0
230
1.0
 70
     8
 71
     3
 72
     8
 73
     4
 74
     0
 42
0.000000001
 43
0.0
 40
0.0
 40
0.0
 40
0.0
 40
0.0
 40
1.0
 40
1.0
 40
1.0
 40
1.0
 10
231.5456274222585
 20
116.9068001030985
 30
0.0
 10
231.5456274222585
 20
116.6306577281831
 30
0.0
 10
231.7694850473431
 20
116.4068001030984
 30
0.0
 10
232.0456274222585
 20
116.4068001030984
 30
0.0
  0
SPLINE
  5
290
330
1F
100
AcDbEntity
  8
0
  6
Continuous
 62
    18
420
        0
370
    25
100
AcDbSpline
210
0.0
220
0.0
230
1.0
 70
     8
 71
     3
 72
     8
 73
     4
 74
     0
 42
0.000000001
 43
0.0
 40
0.0
 40
0.0
 40
0.0
 40
0.0
 40
1.0
 40
1.0
 40
1.0
 40
1.0
 10
245.0456274222584
 20
116.4068001030984
 30
0.0
 10
245.3217697971739
 20
116.4068001030984
 30
0.0
 10
245.5456274222585
 20
116.6306577281831
 30
0.0
 10
245.5456274222585
 20
116.9068001030985
 30
0.0
  0
SPLINE
  5
291
330
1F
100
AcDbEntity
  8
0
  6
Continuous
 62
    18
420
        0
370
    25
100
AcDbSpline
210
0.0
220
0.0
230
1.0
 70
     8
 71
     3
 72
     8
 73
     4
 74
     0
 42
0.000000001
 43
0.0
 40
0.0
 40
0.0
 40
0.0
 40
0.0
 40
1.0
 40
1.0
 40
1.0
 40
1.0
 10
245.5456274222585
 20
129.9068001030984
 30
0.0
 10
245.5456274222585
 20
130.1829424780138
 30
0.0
 10
245.3217697971739
 20
130.4068001030984
 30
0.0
 10
245.0456274222584
 20
130.4068001030984
 30
0.0
  0
SPLINE
  5
292
330
1F
100
AcDbEntity
  8
0
  6
Continuous
 62
    18
420
        0
370
    25
100
AcDbSpline
210
0.0
220
0.0
230
1.0
 70
     8
 71
     3
 72
     8
 73
     4
 74
     0
 42
0.000000001
 43
0.0
 40
0.0
 40
0.0
 40
0.0
 40
0.0
 40
1.0
 40
1.0
 40
1.0
 40
1.0
 10
251.0956274222585
 20
130.4068001030985
 30
0.0
 10
250.8194850473431
 20
130.4068001030985
 30
0.0
 10
250.5956274222584
 20
130.1829424780139
 30
0.0
 10
250.5956274222584
 20
129.9068001030984
 30
0.0
  0
SPLINE
  5
293
330
1F
100
AcDbEntity
  8
0
  6
Continuous
 62
    18
420
        0
370
    25
100
AcDbSpline
210
0.0
220
0.0
230
1.0
 70
     8
 71
     3
 72
     8
 73
     4
 74
     0
 42
0.000000001
 43
0.0
 40
0.0
 40
0.0
 40
0.0
 40
0.0
 40
1.0
 40
1.0
 40
1.0
 40
1.0
 10
250.5956274222584
 20
116.9068001030985
 30
0.0
 10
250.5956274222584
 20
116.630657728183
 30
0.0
 10
250.8194850473431
 20
116.4068001030984
 30
0.0
 10
251.0956274222585
 20
116.4068001030984
 30
0.0
  0
SPLINE
  5
294
330
1F
100
AcDbEntity
  8
0
  6
Continuous
 62
    18
420
        0
370
    25
100
AcDbSpline
210
0.0
220
0.0
230
1.0
 70
     8
 71
     3
 72
     8
 73
     4
 74
     0
 42
0.000000001
 43
0.0
 40
0.0
 40
0.0
 40
0.0
 40
0.0
 40
1.0
 40
1.0
 40
1.0
 40
1.0
 10
264.0956274222584
 20
116.4068001030984
 30
0.0
 10
264.3717697971739
 20
116.4068001030984
 30
0.0
 10
264.5956274222585
 20
116.6306577281831
 30
0.0
 10
264.5956274222585
 20
116.9068001030985
 30
0.0
  0
SPLINE
  5
295
330
1F
100
AcDbEntity
  8
0
  6
Continuous
 62
    18
420
        0
370
    25
100
AcDbSpline
210
0.0
220
0.0
230
1.0
 70
     8
 71
     3
 72
     8
 73
     4
 74
     0
 42
0.000000001
 43
0.0
 40
0.0
 40
0.0
 40
0.0
 40
0.0
 40
1.0
 40
1.0
 40
1.0
 40
1.0
 10
264.5956274222585
 20
129.9068001030984
 30
0.0
 10
264.5956274222585
 20
130.1829424780138
 30
0.0
 10
264.3717697971738
 20
130.4068001030984
 30
0.0
 10
264.0956274222584
 20
130.4068001030984
 30
0.0
  0
SPLINE
  5
296
330
1F
100
AcDbEntity
  8
0
  6
Continuous
 62
    18
420
        0
370
    25
100
AcDbSpline
210
0.0
220
0.0
230
1.0
 70
     8
 71
     3
 72
     8
 73
     4
 74
     0
 42
0.000000001
 43
0.0
 40
0.0
 40
0.0
 40
0.0
 40
0.0
 40
1.0
 40
1.0
 40
1.0
 40
1.0
 10
270.1456274222585
 20
130.4068001030985
 30
0.0
 10
269.8694850473431
 20
130.4068001030985
 30
0.0
 10
269.6456274222584
 20
130.1829424780139
 30
0.0
 10
269.6456274222584
 20
129.9068001030984
 30
0.0
  0
SPLINE
  5
297
330
1F
100
AcDbEntity
  8
0
  6
Continuous
 62
    18
420
        0
370
    25
100
AcDbSpline
210
0.0
220
0.0
230
1.0
 70
     8
 71
     3
 72
     8
 73
     4
 74
     0
 42
0.000000001
 43
0.0
 40
0.0
 40
0.0
 40
0.0
 40
0.0
 40
1.0
 40
1.0
 40
1.0
 40
1.0
 10
269.6456274222585
 20
116.9068001030985
 30
0.0
 10
269.6456274222585
 20
116.6306577281831
 30
0.0
 10
269.8694850473431
 20
116.4068001030984
 30
0.0
 10
270.1456274222585
 20
116.4068001030984
 30
0.0
  0
SPLINE
  5
298
330
1F
100
AcDbEntity
  8
0
  6
Continuous
 62
    18
420
        0
370
    25
100
AcDbSpline
210
0.0
220
0.0
230
1.0
 70
     8
 71
     3
 72
     8
 73
     4
 74
     0
 42
0.000000001
 43
0.0
 40
0.0
 40
0.0
 40
0.0
 40
0.0
 40
1.0
 40
1.0
 40
1.0
 40
1.0
 10
270.7326274222585
 20
114.9068001030985
 30
0.0
 10
270.7326274222585
 20
114.6306577281831
 30
0.0
 10
270.9564850473431
 20
114.4068001030984
 30
0.0
 10
271.2326274222585
 20
114.4068001030984
 30
0.0
  0
SPLINE
  5
299
330
1F
100
AcDbEntity
  8
0
  6
Continuous
 62
    18
420
        0
370
    25
100
AcDbSpline
210
0.0
220
0.0
230
1.0
 70
     8
 71
     3
 72
     8
 73
     4
 74
     0
 42
0.000000001
 43
0.0
 40
0.0
 40
0.0
 40
0.0
 40
0.0
 40
1.0
 40
1.0
 40
1.0
 40
1.0
 10
277.2326274222585
 20
114.4068001030984
 30
0.0
 10
277.5087697971739
 20
114.4068001030984
 30
0.0
 10
277.7326274222585
 20
114.6306577281831
 30
0.0
 10
277.7326274222585
 20
114.9068001030985
 30
0.0
  0
SPLINE
  5
29A
330
1F
100
AcDbEntity
  8
0
  6
Continuous
 62
    18
420
        0
370
    25
100
AcDbSpline
210
0.0
220
0.0
230
1.0
 70
     8
 71
     3
 72
     8
 73
     4
 74
     0
 42
0.000000001
 43
0.0
 40
0.0
 40
0.0
 40
0.0
 40
0.0
 40
1.0
 40
1.0
 40
1.0
 40
1.0
 10
294.6086274222585
 20
114.9068001030985
 30
0.0
 10
294.6086274222585
 20
114.6306577281831
 30
0.0
 10
294.832485047343
 20
114.4068001030984
 30
0.0
 10
295.1086274222585
 20
114.4068001030984
 30
0.0
  0
SPLINE
  5
29B
330
1F
100
AcDbEntity
  8
0
  6
Continuous
 62
    18
420
        0
370
    25
100
AcDbSpline
210
0.0
220
0.0
230
1.0
 70
     8
 71
     3
 72
     8
 73
     4
 74
     0
 42
0.000000001
 43
0.0
 40
0.0
 40
0.0
 40
0.0
 40
0.0
 40
1.0
 40
1.0
 40
1.0
 40
1.0
 10
301.1086274222585
 20
114.4068001030984
 30
0.0
 10
301.3847697971739
 20
114.4068001030984
 30
0.0
 10
301.6086274222585
 20
114.6306577281831
 30
0.0
 10
301.6086274222585
 20
114.9068001030985
 30
0.0
  0
SPLINE
  5
29C
330
1F
100
AcDbEntity
  8
0
  6
Continuous
 62
    18
420
        0
370
    25
100
AcDbSpline
210
0.0
220
0.0
230
1.0
 70
     8
 71
     3
 72
     8
 73
     4
 74
     0
 42
0.000000001
 43
0.0
 40
0.0
 40
0.0
 40
0.0
 40
0.0
 40
1.0
 40
1.0
 40
1.0
 40
1.0
 10
302.1956274222585
 20
116.4068001030985
 30
0.0
 10
302.4717697971739
 20
116.4068001030985
 30
0.0
 10
302.6956274222584
 20
116.6306577281831
 30
0.0
 10
302.6956274222584
 20
116.9068001030985
 30
0.0
  0
SPLINE
  5
29D
330
1F
100
AcDbEntity
  8
0
  6
Continuous
 62
    18
420
        0
370
    25
100
AcDbSpline
210
0.0
220
0.0
230
1.0
 70
     8
 71
     3
 72
     8
 73
     4
 74
     0
 42
0.000000001
 43
0.0
 40
0.0
 40
0.0
 40
0.0
 40
0.0
 40
1.0
 40
1.0
 40
1.0
 40
1.0
 10
302.6956274222585
 20
129.9068001030984
 30
0.0
 10
302.6956274222585
 20
130.1829424780139
 30
0.0
 10
302.4717697971739
 20
130.4068001030985
 30
0.0
 10
302.1956274222585
 20
130.4068001030985
 30
0.0
  0
SPLINE
  5
29E
330
1F
100
AcDbEntity
  8
0
  6
Continuous
 62
    18
420
        0
370
    25
100
AcDbSpline
210
0.0
220
0.0
230
1.0
 70
     8
 71
     3
 72
     8
 73
     4
 74
     0
 42
0.000000001
 43
0.0
 40
0.0
 40
0.0
 40
0.0
 40
0.0
 40
1.0
 40
1.0
 40
1.0
 40
1.0
 10
27.25812742225847
 20
111.3568001030985
 30
0.0
 10
26.98198504734306
 20
111.3568001030985
 30
0.0
 10
26.75812742225845
 20
111.1329424780139
 30
0.0
 10
26.75812742225845
 20
110.8568001030985
 30
0.0
  0
SPLINE
  5
29F
330
1F
100
AcDbEntity
  8
0
  6
Continuous
 62
    18
420
        0
370
    25
100
AcDbSpline
210
0.0
220
0.0
230
1.0
 70
     8
 71
     3
 72
     8
 73
     4
 74
     0
 42
0.000000001
 43
0.0
 40
0.0
 40
0.0
 40
0.0
 40
0.0
 40
1.0
 40
1.0
 40
1.0
 40
1.0
 10
26.75812742225845
 20
97.85680010309846
 30
0.0
 10
26.75812742225845
 20
97.58065772818304
 30
0.0
 10
26.98198504734306
 20
97.35680010309844
 30
0.0
 10
27.25812742225847
 20
97.35680010309844
 30
0.0
  0
SPLINE
  5
2A0
330
1F
100
AcDbEntity
  8
0
  6
Continuous
 62
    18
420
        0
370
    25
100
AcDbSpline
210
0.0
220
0.0
230
1.0
 70
     8
 71
     3
 72
     8
 73
     4
 74
     0
 42
0.000000001
 43
0.0
 40
0.0
 40
0.0
 40
0.0
 40
0.0
 40
1.0
 40
1.0
 40
1.0
 40
1.0
 10
40.25812742225846
 20
97.35680010309846
 30
0.0
 10
40.53426979717386
 20
97.35680010309846
 30
0.0
 10
40.75812742225847
 20
97.58065772818307
 30
0.0
 10
40.75812742225847
 20
97.85680010309846
 30
0.0
  0
SPLINE
  5
2A1
330
1F
100
AcDbEntity
  8
0
  6
Continuous
 62
    18
420
        0
370
    25
100
AcDbSpline
210
0.0
220
0.0
230
1.0
 70
     8
 71
     3
 72
     8
 73
     4
 74
     0
 42
0.000000001
 43
0.0
 40
0.0
 40
0.0
 40
0.0
 40
0.0
 40
1.0
 40
1.0
 40
1.0
 40
1.0
 10
40.75812742225847
 20
110.8568001030985
 30
0.0
 10
40.75812742225847
 20
111.1329424780139
 30
0.0
 10
40.53426979717388
 20
111.3568001030985
 30
0.0
 10
40.25812742225846
 20
111.3568001030985
 30
0.0
  0
SPLINE
  5
2A2
330
1F
100
AcDbEntity
  8
0
  6
Continuous
 62
    18
420
        0
370
    25
100
AcDbSpline
210
0.0
220
0.0
230
1.0
 70
     8
 71
     3
 72
     8
 73
     4
 74
     0
 42
0.000000001
 43
0.0
 40
0.0
 40
0.0
 40
0.0
 40
0.0
 40
1.0
 40
1.0
 40
1.0
 40
1.0
 10
22.75812742225848
 20
111.3568001030984
 30
0.0
 10
22.48198504734308
 20
111.3568001030984
 30
0.0
 10
22.25812742225849
 20
111.1329424780138
 30
0.0
 10
22.25812742225849
 20
110.8568001030985
 30
0.0
  0
SPLINE
  5
2A3
330
1F
100
AcDbEntity
  8
0
  6
Continuous
 62
    18
420
        0
370
    25
100
AcDbSpline
210
0.0
220
0.0
230
1.0
 70
     8
 71
     3
 72
     8
 73
     4
 74
     0
 42
0.000000001
 43
0.0
 40
0.0
 40
0.0
 40
0.0
 40
0.0
 40
1.0
 40
1.0
 40
1.0
 40
1.0
 10
22.25812742225845
 20
97.85680010309846
 30
0.0
 10
22.25812742225845
 20
97.58065772818304
 30
0.0
 10
22.48198504734306
 20
97.35680010309844
 30
0.0
 10
22.75812742225848
 20
97.35680010309844
 30
0.0
  0
SPLINE
  5
2A4
330
1F
100
AcDbEntity
  8
0
  6
Continuous
 62
    18
420
        0
370
    25
100
AcDbSpline
210
0.0
220
0.0
230
1.0
 70
     8
 71
     3
 72
     8
 73
     4
 74
     0
 42
0.000000001
 43
0.0
 40
0.0
 40
0.0
 40
0.0
 40
0.0
 40
1.0
 40
1.0
 40
1.0
 40
1.0
 10
23.25812742225848
 20
97.35680010309841
 30
0.0
 10
23.53426979717391
 20
97.35680010309841
 30
0.0
 10
23.75812742225855
 20
97.58065772818304
 30
0.0
 10
23.75812742225855
 20
97.85680010309846
 30
0.0
  0
SPLINE
  5
2A5
330
1F
100
AcDbEntity
  8
0
  6
Continuous
 62
    18
420
        0
370
    25
100
AcDbSpline
210
0.0
220
0.0
230
1.0
 70
     8
 71
     3
 72
     8
 73
     4
 74
     0
 42
0.000000001
 43
0.0
 40
0.0
 40
0.0
 40
0.0
 40
0.0
 40
1.0
 40
1.0
 40
1.0
 40
1.0
 10
23.75812742225855
 20
110.8568001030985
 30
0.0
 10
23.75812742225855
 20
111.1329424780139
 30
0.0
 10
23.53426979717391
 20
111.3568001030985
 30
0.0
 10
23.25812742225848
 20
111.3568001030985
 30
0.0
  0
SPLINE
  5
2A6
330
1F
100
AcDbEntity
  8
0
  6
Continuous
 62
    18
420
        0
370
    25
100
AcDbSpline
210
0.0
220
0.0
230
1.0
 70
     8
 71
     3
 72
     8
 73
     4
 74
     0
 42
0.000000001
 43
0.0
 40
0.0
 40
0.0
 40
0.0
 40
0.0
 40
1.0
 40
1.0
 40
1.0
 40
1.0
 10
44.25812742225848
 20
111.3568001030985
 30
0.0
 10
43.98198504734304
 20
111.3568001030985
 30
0.0
 10
43.75812742225843
 20
111.1329424780139
 30
0.0
 10
43.75812742225843
 20
110.8568001030985
 30
0.0
  0
SPLINE
  5
2A7
330
1F
100
AcDbEntity
  8
0
  6
Continuous
 62
    18
420
        0
370
    25
100
AcDbSpline
210
0.0
220
0.0
230
1.0
 70
     8
 71
     3
 72
     8
 73
     4
 74
     0
 42
0.000000001
 43
0.0
 40
0.0
 40
0.0
 40
0.0
 40
0.0
 40
1.0
 40
1.0
 40
1.0
 40
1.0
 10
43.75812742225847
 20
97.85680010309846
 30
0.0
 10
43.75812742225847
 20
97.58065772818306
 30
0.0
 10
43.98198504734307
 20
97.35680010309845
 30
0.0
 10
44.25812742225848
 20
97.35680010309845
 30
0.0
  0
SPLINE
  5
2A8
330
1F
100
AcDbEntity
  8
0
  6
Continuous
 62
    18
420
        0
370
    25
100
AcDbSpline
210
0.0
220
0.0
230
1.0
 70
     8
 71
     3
 72
     8
 73
     4
 74
     0
 42
0.000000001
 43
0.0
 40
0.0
 40
0.0
 40
0.0
 40
0.0
 40
1.0
 40
1.0
 40
1.0
 40
1.0
 10
44.75812742225848
 20
97.35680010309845
 30
0.0
 10
45.03426979717389
 20
97.35680010309845
 30
0.0
 10
45.25812742225849
 20
97.58065772818306
 30
0.0
 10
45.25812742225849
 20
97.85680010309846
 30
0.0
  0
SPLINE
  5
2A9
330
1F
100
AcDbEntity
  8
0
  6
Continuous
 62
    18
420
        0
370
    25
100
AcDbSpline
210
0.0
220
0.0
230
1.0
 70
     8
 71
     3
 72
     8
 73
     4
 74
     0
 42
0.000000001
 43
0.0
 40
0.0
 40
0.0
 40
0.0
 40
0.0
 40
1.0
 40
1.0
 40
1.0
 40
1.0
 10
45.25812742225849
 20
110.8568001030985
 30
0.0
 10
45.25812742225849
 20
111.1329424780139
 30
0.0
 10
45.03426979717387
 20
111.3568001030985
 30
0.0
 10
44.75812742225848
 20
111.3568001030985
 30
0.0
  0
SPLINE
  5
2AA
330
1F
100
AcDbEntity
  8
0
  6
Continuous
 62
    18
420
        0
370
    25
100
AcDbSpline
210
0.0
220
0.0
230
1.0
 70
     8
 71
     3
 72
     8
 73
     4
 74
     0
 42
0.000000001
 43
0.0
 40
0.0
 40
0.0
 40
0.0
 40
0.0
 40
1.0
 40
1.0
 40
1.0
 40
1.0
 10
51.07062742225847
 20
111.3568001030985
 30
0.0
 10
50.79448504734304
 20
111.3568001030985
 30
0.0
 10
50.57062742225843
 20
111.1329424780139
 30
0.0
 10
50.57062742225843
 20
110.8568001030985
 30
0.0
  0
SPLINE
  5
2AB
330
1F
100
AcDbEntity
  8
0
  6
Continuous
 62
    18
420
        0
370
    25
100
AcDbSpline
210
0.0
220
0.0
230
1.0
 70
     8
 71
     3
 72
     8
 73
     4
 74
     0
 42
0.000000001
 43
0.0
 40
0.0
 40
0.0
 40
0.0
 40
0.0
 40
1.0
 40
1.0
 40
1.0
 40
1.0
 10
50.57062742225846
 20
97.85680010309846
 30
0.0
 10
50.57062742225846
 20
97.58065772818306
 30
0.0
 10
50.79448504734306
 20
97.35680010309845
 30
0.0
 10
51.07062742225847
 20
97.35680010309845
 30
0.0
  0
SPLINE
  5
2AC
330
1F
100
AcDbEntity
  8
0
  6
Continuous
 62
    18
420
        0
370
    25
100
AcDbSpline
210
0.0
220
0.0
230
1.0
 70
     8
 71
     3
 72
     8
 73
     4
 74
     0
 42
0.000000001
 43
0.0
 40
0.0
 40
0.0
 40
0.0
 40
0.0
 40
1.0
 40
1.0
 40
1.0
 40
1.0
 10
64.07062742225847
 20
97.35680010309845
 30
0.0
 10
64.34676979717388
 20
97.35680010309845
 30
0.0
 10
64.57062742225848
 20
97.58065772818306
 30
0.0
 10
64.57062742225848
 20
97.85680010309846
 30
0.0
  0
SPLINE
  5
2AD
330
1F
100
AcDbEntity
  8
0
  6
Continuous
 62
    18
420
        0
370
    25
100
AcDbSpline
210
0.0
220
0.0
230
1.0
 70
     8
 71
     3
 72
     8
 73
     4
 74
     0
 42
0.000000001
 43
0.0
 40
0.0
 40
0.0
 40
0.0
 40
0.0
 40
1.0
 40
1.0
 40
1.0
 40
1.0
 10
64.57062742225848
 20
110.8568001030985
 30
0.0
 10
64.57062742225848
 20
111.1329424780139
 30
0.0
 10
64.34676979717388
 20
111.3568001030985
 30
0.0
 10
64.07062742225847
 20
111.3568001030985
 30
0.0
  0
SPLINE
  5
2AE
330
1F
100
AcDbEntity
  8
0
  6
Continuous
 62
    18
420
        0
370
    25
100
AcDbSpline
210
0.0
220
0.0
230
1.0
 70
     8
 71
     3
 72
     8
 73
     4
 74
     0
 42
0.000000001
 43
0.0
 40
0.0
 40
0.0
 40
0.0
 40
0.0
 40
1.0
 40
1.0
 40
1.0
 40
1.0
 10
70.12062742225847
 20
111.3568001030985
 30
0.0
 10
69.84448504734304
 20
111.3568001030985
 30
0.0
 10
69.62062742225842
 20
111.1329424780139
 30
0.0
 10
69.62062742225842
 20
110.8568001030985
 30
0.0
  0
SPLINE
  5
2AF
330
1F
100
AcDbEntity
  8
0
  6
Continuous
 62
    18
420
        0
370
    25
100
AcDbSpline
210
0.0
220
0.0
230
1.0
 70
     8
 71
     3
 72
     8
 73
     4
 74
     0
 42
0.000000001
 43
0.0
 40
0.0
 40
0.0
 40
0.0
 40
0.0
 40
1.0
 40
1.0
 40
1.0
 40
1.0
 10
69.62062742225844
 20
97.85680010309846
 30
0.0
 10
69.62062742225844
 20
97.58065772818304
 30
0.0
 10
69.84448504734306
 20
97.35680010309844
 30
0.0
 10
70.12062742225847
 20
97.35680010309844
 30
0.0
  0
SPLINE
  5
2B0
330
1F
100
AcDbEntity
  8
0
  6
Continuous
 62
    18
420
        0
370
    25
100
AcDbSpline
210
0.0
220
0.0
230
1.0
 70
     8
 71
     3
 72
     8
 73
     4
 74
     0
 42
0.000000001
 43
0.0
 40
0.0
 40
0.0
 40
0.0
 40
0.0
 40
1.0
 40
1.0
 40
1.0
 40
1.0
 10
83.12062742225847
 20
97.35680010309844
 30
0.0
 10
83.39676979717387
 20
97.35680010309844
 30
0.0
 10
83.6206274222585
 20
97.58065772818304
 30
0.0
 10
83.6206274222585
 20
97.85680010309846
 30
0.0
  0
SPLINE
  5
2B1
330
1F
100
AcDbEntity
  8
0
  6
Continuous
 62
    18
420
        0
370
    25
100
AcDbSpline
210
0.0
220
0.0
230
1.0
 70
     8
 71
     3
 72
     8
 73
     4
 74
     0
 42
0.000000001
 43
0.0
 40
0.0
 40
0.0
 40
0.0
 40
0.0
 40
1.0
 40
1.0
 40
1.0
 40
1.0
 10
83.62062742225845
 20
110.8568001030985
 30
0.0
 10
83.62062742225845
 20
111.1329424780139
 30
0.0
 10
83.39676979717386
 20
111.3568001030985
 30
0.0
 10
83.12062742225847
 20
111.3568001030985
 30
0.0
  0
SPLINE
  5
2B2
330
1F
100
AcDbEntity
  8
0
  6
Continuous
 62
    18
420
        0
370
    25
100
AcDbSpline
210
0.0
220
0.0
230
1.0
 70
     8
 71
     3
 72
     8
 73
     4
 74
     0
 42
0.000000001
 43
0.0
 40
0.0
 40
0.0
 40
0.0
 40
0.0
 40
1.0
 40
1.0
 40
1.0
 40
1.0
 10
89.17062742225846
 20
111.3568001030985
 30
0.0
 10
88.89448504734305
 20
111.3568001030985
 30
0.0
 10
88.67062742225842
 20
111.1329424780139
 30
0.0
 10
88.67062742225842
 20
110.8568001030985
 30
0.0
  0
SPLINE
  5
2B3
330
1F
100
AcDbEntity
  8
0
  6
Continuous
 62
    18
420
        0
370
    25
100
AcDbSpline
210
0.0
220
0.0
230
1.0
 70
     8
 71
     3
 72
     8
 73
     4
 74
     0
 42
0.000000001
 43
0.0
 40
0.0
 40
0.0
 40
0.0
 40
0.0
 40
1.0
 40
1.0
 40
1.0
 40
1.0
 10
88.6706274222584
 20
97.85680010309846
 30
0.0
 10
88.6706274222584
 20
97.58065772818304
 30
0.0
 10
88.89448504734304
 20
97.35680010309841
 30
0.0
 10
89.17062742225846
 20
97.35680010309841
 30
0.0
  0
SPLINE
  5
2B4
330
1F
100
AcDbEntity
  8
0
  6
Continuous
 62
    18
420
        0
370
    25
100
AcDbSpline
210
0.0
220
0.0
230
1.0
 70
     8
 71
     3
 72
     8
 73
     4
 74
     0
 42
0.000000001
 43
0.0
 40
0.0
 40
0.0
 40
0.0
 40
0.0
 40
1.0
 40
1.0
 40
1.0
 40
1.0
 10
102.1706274222585
 20
97.35680010309844
 30
0.0
 10
102.4467697971739
 20
97.35680010309844
 30
0.0
 10
102.6706274222585
 20
97.58065772818306
 30
0.0
 10
102.6706274222585
 20
97.85680010309846
 30
0.0
  0
SPLINE
  5
2B5
330
1F
100
AcDbEntity
  8
0
  6
Continuous
 62
    18
420
        0
370
    25
100
AcDbSpline
210
0.0
220
0.0
230
1.0
 70
     8
 71
     3
 72
     8
 73
     4
 74
     0
 42
0.000000001
 43
0.0
 40
0.0
 40
0.0
 40
0.0
 40
0.0
 40
1.0
 40
1.0
 40
1.0
 40
1.0
 10
102.6706274222585
 20
110.8568001030985
 30
0.0
 10
102.6706274222585
 20
111.1329424780139
 30
0.0
 10
102.4467697971739
 20
111.3568001030985
 30
0.0
 10
102.1706274222585
 20
111.3568001030985
 30
0.0
  0
SPLINE
  5
2B6
330
1F
100
AcDbEntity
  8
0
  6
Continuous
 62
    18
420
        0
370
    25
100
AcDbSpline
210
0.0
220
0.0
230
1.0
 70
     8
 71
     3
 72
     8
 73
     4
 74
     0
 42
0.000000001
 43
0.0
 40
0.0
 40
0.0
 40
0.0
 40
0.0
 40
1.0
 40
1.0
 40
1.0
 40
1.0
 10
108.2206274222585
 20
111.3568001030985
 30
0.0
 10
107.9444850473431
 20
111.3568001030985
 30
0.0
 10
107.7206274222584
 20
111.1329424780139
 30
0.0
 10
107.7206274222584
 20
110.8568001030985
 30
0.0
  0
SPLINE
  5
2B7
330
1F
100
AcDbEntity
  8
0
  6
Continuous
 62
    18
420
        0
370
    25
100
AcDbSpline
210
0.0
220
0.0
230
1.0
 70
     8
 71
     3
 72
     8
 73
     4
 74
     0
 42
0.000000001
 43
0.0
 40
0.0
 40
0.0
 40
0.0
 40
0.0
 40
1.0
 40
1.0
 40
1.0
 40
1.0
 10
107.7206274222585
 20
97.85680010309846
 30
0.0
 10
107.7206274222585
 20
97.58065772818307
 30
0.0
 10
107.9444850473431
 20
97.35680010309845
 30
0.0
 10
108.2206274222585
 20
97.35680010309845
 30
0.0
  0
SPLINE
  5
2B8
330
1F
100
AcDbEntity
  8
0
  6
Continuous
 62
    18
420
        0
370
    25
100
AcDbSpline
210
0.0
220
0.0
230
1.0
 70
     8
 71
     3
 72
     8
 73
     4
 74
     0
 42
0.000000001
 43
0.0
 40
0.0
 40
0.0
 40
0.0
 40
0.0
 40
1.0
 40
1.0
 40
1.0
 40
1.0
 10
121.2206274222585
 20
97.35680010309845
 30
0.0
 10
121.4967697971739
 20
97.35680010309845
 30
0.0
 10
121.7206274222585
 20
97.58065772818306
 30
0.0
 10
121.7206274222585
 20
97.85680010309846
 30
0.0
  0
SPLINE
  5
2B9
330
1F
100
AcDbEntity
  8
0
  6
Continuous
 62
    18
420
        0
370
    25
100
AcDbSpline
210
0.0
220
0.0
230
1.0
 70
     8
 71
     3
 72
     8
 73
     4
 74
     0
 42
0.000000001
 43
0.0
 40
0.0
 40
0.0
 40
0.0
 40
0.0
 40
1.0
 40
1.0
 40
1.0
 40
1.0
 10
121.7206274222585
 20
110.8568001030985
 30
0.0
 10
121.7206274222585
 20
111.1329424780139
 30
0.0
 10
121.4967697971739
 20
111.3568001030985
 30
0.0
 10
121.2206274222585
 20
111.3568001030985
 30
0.0
  0
SPLINE
  5
2BA
330
1F
100
AcDbEntity
  8
0
  6
Continuous
 62
    18
420
        0
370
    25
100
AcDbSpline
210
0.0
220
0.0
230
1.0
 70
     8
 71
     3
 72
     8
 73
     4
 74
     0
 42
0.000000001
 43
0.0
 40
0.0
 40
0.0
 40
0.0
 40
0.0
 40
1.0
 40
1.0
 40
1.0
 40
1.0
 10
127.2706274222585
 20
111.3568001030985
 30
0.0
 10
126.994485047343
 20
111.3568001030985
 30
0.0
 10
126.7706274222584
 20
111.1329424780139
 30
0.0
 10
126.7706274222584
 20
110.8568001030985
 30
0.0
  0
SPLINE
  5
2BB
330
1F
100
AcDbEntity
  8
0
  6
Continuous
 62
    18
420
        0
370
    25
100
AcDbSpline
210
0.0
220
0.0
230
1.0
 70
     8
 71
     3
 72
     8
 73
     4
 74
     0
 42
0.000000001
 43
0.0
 40
0.0
 40
0.0
 40
0.0
 40
0.0
 40
1.0
 40
1.0
 40
1.0
 40
1.0
 10
126.7706274222585
 20
97.85680010309846
 30
0.0
 10
126.7706274222585
 20
97.58065772818306
 30
0.0
 10
126.9944850473431
 20
97.35680010309845
 30
0.0
 10
127.2706274222585
 20
97.35680010309845
 30
0.0
  0
SPLINE
  5
2BC
330
1F
100
AcDbEntity
  8
0
  6
Continuous
 62
    18
420
        0
370
    25
100
AcDbSpline
210
0.0
220
0.0
230
1.0
 70
     8
 71
     3
 72
     8
 73
     4
 74
     0
 42
0.000000001
 43
0.0
 40
0.0
 40
0.0
 40
0.0
 40
0.0
 40
1.0
 40
1.0
 40
1.0
 40
1.0
 10
140.2706274222585
 20
97.35680010309845
 30
0.0
 10
140.5467697971739
 20
97.35680010309845
 30
0.0
 10
140.7706274222585
 20
97.58065772818307
 30
0.0
 10
140.7706274222585
 20
97.85680010309846
 30
0.0
  0
SPLINE
  5
2BD
330
1F
100
AcDbEntity
  8
0
  6
Continuous
 62
    18
420
        0
370
    25
100
AcDbSpline
210
0.0
220
0.0
230
1.0
 70
     8
 71
     3
 72
     8
 73
     4
 74
     0
 42
0.000000001
 43
0.0
 40
0.0
 40
0.0
 40
0.0
 40
0.0
 40
1.0
 40
1.0
 40
1.0
 40
1.0
 10
140.7706274222585
 20
110.8568001030985
 30
0.0
 10
140.7706274222585
 20
111.1329424780139
 30
0.0
 10
140.5467697971739
 20
111.3568001030985
 30
0.0
 10
140.2706274222585
 20
111.3568001030985
 30
0.0
  0
SPLINE
  5
2BE
330
1F
100
AcDbEntity
  8
0
  6
Continuous
 62
    18
420
        0
370
    25
100
AcDbSpline
210
0.0
220
0.0
230
1.0
 70
     8
 71
     3
 72
     8
 73
     4
 74
     0
 42
0.000000001
 43
0.0
 40
0.0
 40
0.0
 40
0.0
 40
0.0
 40
1.0
 40
1.0
 40
1.0
 40
1.0
 10
146.3206274222585
 20
111.3568001030985
 30
0.0
 10
146.0444850473431
 20
111.3568001030985
 30
0.0
 10
145.8206274222585
 20
111.1329424780139
 30
0.0
 10
145.8206274222585
 20
110.8568001030985
 30
0.0
  0
SPLINE
  5
2BF
330
1F
100
AcDbEntity
  8
0
  6
Continuous
 62
    18
420
        0
370
    25
100
AcDbSpline
210
0.0
220
0.0
230
1.0
 70
     8
 71
     3
 72
     8
 73
     4
 74
     0
 42
0.000000001
 43
0.0
 40
0.0
 40
0.0
 40
0.0
 40
0.0
 40
1.0
 40
1.0
 40
1.0
 40
1.0
 10
145.8206274222585
 20
97.85680010309846
 30
0.0
 10
145.8206274222585
 20
97.58065772818307
 30
0.0
 10
146.0444850473431
 20
97.35680010309846
 30
0.0
 10
146.3206274222585
 20
97.35680010309846
 30
0.0
  0
SPLINE
  5
2C0
330
1F
100
AcDbEntity
  8
0
  6
Continuous
 62
    18
420
        0
370
    25
100
AcDbSpline
210
0.0
220
0.0
230
1.0
 70
     8
 71
     3
 72
     8
 73
     4
 74
     0
 42
0.000000001
 43
0.0
 40
0.0
 40
0.0
 40
0.0
 40
0.0
 40
1.0
 40
1.0
 40
1.0
 40
1.0
 10
159.3206274222585
 20
97.35680010309846
 30
0.0
 10
159.5967697971739
 20
97.35680010309846
 30
0.0
 10
159.8206274222585
 20
97.58065772818307
 30
0.0
 10
159.8206274222585
 20
97.85680010309846
 30
0.0
  0
SPLINE
  5
2C1
330
1F
100
AcDbEntity
  8
0
  6
Continuous
 62
    18
420
        0
370
    25
100
AcDbSpline
210
0.0
220
0.0
230
1.0
 70
     8
 71
     3
 72
     8
 73
     4
 74
     0
 42
0.000000001
 43
0.0
 40
0.0
 40
0.0
 40
0.0
 40
0.0
 40
1.0
 40
1.0
 40
1.0
 40
1.0
 10
159.8206274222585
 20
110.8568001030985
 30
0.0
 10
159.8206274222585
 20
111.1329424780139
 30
0.0
 10
159.5967697971739
 20
111.3568001030985
 30
0.0
 10
159.3206274222585
 20
111.3568001030985
 30
0.0
  0
SPLINE
  5
2C2
330
1F
100
AcDbEntity
  8
0
  6
Continuous
 62
    18
420
        0
370
    25
100
AcDbSpline
210
0.0
220
0.0
230
1.0
 70
     8
 71
     3
 72
     8
 73
     4
 74
     0
 42
0.000000001
 43
0.0
 40
0.0
 40
0.0
 40
0.0
 40
0.0
 40
1.0
 40
1.0
 40
1.0
 40
1.0
 10
165.3706274222585
 20
111.3568001030985
 30
0.0
 10
165.0944850473431
 20
111.3568001030985
 30
0.0
 10
164.8706274222585
 20
111.1329424780139
 30
0.0
 10
164.8706274222585
 20
110.8568001030985
 30
0.0
  0
SPLINE
  5
2C3
330
1F
100
AcDbEntity
  8
0
  6
Continuous
 62
    18
420
        0
370
    25
100
AcDbSpline
210
0.0
220
0.0
230
1.0
 70
     8
 71
     3
 72
     8
 73
     4
 74
     0
 42
0.000000001
 43
0.0
 40
0.0
 40
0.0
 40
0.0
 40
0.0
 40
1.0
 40
1.0
 40
1.0
 40
1.0
 10
164.8706274222585
 20
97.85680010309846
 30
0.0
 10
164.8706274222585
 20
97.58065772818307
 30
0.0
 10
165.0944850473431
 20
97.35680010309846
 30
0.0
 10
165.3706274222585
 20
97.35680010309846
 30
0.0
  0
SPLINE
  5
2C4
330
1F
100
AcDbEntity
  8
0
  6
Continuous
 62
    18
420
        0
370
    25
100
AcDbSpline
210
0.0
220
0.0
230
1.0
 70
     8
 71
     3
 72
     8
 73
     4
 74
     0
 42
0.000000001
 43
0.0
 40
0.0
 40
0.0
 40
0.0
 40
0.0
 40
1.0
 40
1.0
 40
1.0
 40
1.0
 10
178.3706274222585
 20
97.35680010309846
 30
0.0
 10
178.6467697971739
 20
97.35680010309846
 30
0.0
 10
178.8706274222585
 20
97.58065772818307
 30
0.0
 10
178.8706274222585
 20
97.85680010309846
 30
0.0
  0
SPLINE
  5
2C5
330
1F
100
AcDbEntity
  8
0
  6
Continuous
 62
    18
420
        0
370
    25
100
AcDbSpline
210
0.0
220
0.0
230
1.0
 70
     8
 71
     3
 72
     8
 73
     4
 74
     0
 42
0.000000001
 43
0.0
 40
0.0
 40
0.0
 40
0.0
 40
0.0
 40
1.0
 40
1.0
 40
1.0
 40
1.0
 10
178.8706274222585
 20
110.8568001030985
 30
0.0
 10
178.8706274222585
 20
111.1329424780139
 30
0.0
 10
178.6467697971739
 20
111.3568001030985
 30
0.0
 10
178.3706274222585
 20
111.3568001030985
 30
0.0
  0
SPLINE
  5
2C6
330
1F
100
AcDbEntity
  8
0
  6
Continuous
 62
    18
420
        0
370
    25
100
AcDbSpline
210
0.0
220
0.0
230
1.0
 70
     8
 71
     3
 72
     8
 73
     4
 74
     0
 42
0.000000001
 43
0.0
 40
0.0
 40
0.0
 40
0.0
 40
0.0
 40
1.0
 40
1.0
 40
1.0
 40
1.0
 10
184.4206274222585
 20
111.3568001030985
 30
0.0
 10
184.1444850473431
 20
111.3568001030985
 30
0.0
 10
183.9206274222585
 20
111.1329424780139
 30
0.0
 10
183.9206274222585
 20
110.8568001030985
 30
0.0
  0
SPLINE
  5
2C7
330
1F
100
AcDbEntity
  8
0
  6
Continuous
 62
    18
420
        0
370
    25
100
AcDbSpline
210
0.0
220
0.0
230
1.0
 70
     8
 71
     3
 72
     8
 73
     4
 74
     0
 42
0.000000001
 43
0.0
 40
0.0
 40
0.0
 40
0.0
 40
0.0
 40
1.0
 40
1.0
 40
1.0
 40
1.0
 10
183.9206274222585
 20
97.85680010309846
 30
0.0
 10
183.9206274222585
 20
97.58065772818306
 30
0.0
 10
184.1444850473431
 20
97.35680010309845
 30
0.0
 10
184.4206274222585
 20
97.35680010309845
 30
0.0
  0
SPLINE
  5
2C8
330
1F
100
AcDbEntity
  8
0
  6
Continuous
 62
    18
420
        0
370
    25
100
AcDbSpline
210
0.0
220
0.0
230
1.0
 70
     8
 71
     3
 72
     8
 73
     4
 74
     0
 42
0.000000001
 43
0.0
 40
0.0
 40
0.0
 40
0.0
 40
0.0
 40
1.0
 40
1.0
 40
1.0
 40
1.0
 10
197.4206274222585
 20
97.35680010309845
 30
0.0
 10
197.6967697971739
 20
97.35680010309845
 30
0.0
 10
197.9206274222585
 20
97.58065772818306
 30
0.0
 10
197.9206274222585
 20
97.85680010309846
 30
0.0
  0
SPLINE
  5
2C9
330
1F
100
AcDbEntity
  8
0
  6
Continuous
 62
    18
420
        0
370
    25
100
AcDbSpline
210
0.0
220
0.0
230
1.0
 70
     8
 71
     3
 72
     8
 73
     4
 74
     0
 42
0.000000001
 43
0.0
 40
0.0
 40
0.0
 40
0.0
 40
0.0
 40
1.0
 40
1.0
 40
1.0
 40
1.0
 10
197.9206274222585
 20
110.8568001030985
 30
0.0
 10
197.9206274222585
 20
111.1329424780139
 30
0.0
 10
197.6967697971739
 20
111.3568001030985
 30
0.0
 10
197.4206274222585
 20
111.3568001030985
 30
0.0
  0
SPLINE
  5
2CA
330
1F
100
AcDbEntity
  8
0
  6
Continuous
 62
    18
420
        0
370
    25
100
AcDbSpline
210
0.0
220
0.0
230
1.0
 70
     8
 71
     3
 72
     8
 73
     4
 74
     0
 42
0.000000001
 43
0.0
 40
0.0
 40
0.0
 40
0.0
 40
0.0
 40
1.0
 40
1.0
 40
1.0
 40
1.0
 10
203.4706274222585
 20
111.3568001030985
 30
0.0
 10
203.1944850473431
 20
111.3568001030985
 30
0.0
 10
202.9706274222585
 20
111.1329424780139
 30
0.0
 10
202.9706274222585
 20
110.8568001030985
 30
0.0
  0
SPLINE
  5
2CB
330
1F
100
AcDbEntity
  8
0
  6
Continuous
 62
    18
420
        0
370
    25
100
AcDbSpline
210
0.0
220
0.0
230
1.0
 70
     8
 71
     3
 72
     8
 73
     4
 74
     0
 42
0.000000001
 43
0.0
 40
0.0
 40
0.0
 40
0.0
 40
0.0
 40
1.0
 40
1.0
 40
1.0
 40
1.0
 10
202.9706274222585
 20
97.85680010309846
 30
0.0
 10
202.9706274222585
 20
97.58065772818307
 30
0.0
 10
203.1944850473431
 20
97.35680010309846
 30
0.0
 10
203.4706274222585
 20
97.35680010309846
 30
0.0
  0
SPLINE
  5
2CC
330
1F
100
AcDbEntity
  8
0
  6
Continuous
 62
    18
420
        0
370
    25
100
AcDbSpline
210
0.0
220
0.0
230
1.0
 70
     8
 71
     3
 72
     8
 73
     4
 74
     0
 42
0.000000001
 43
0.0
 40
0.0
 40
0.0
 40
0.0
 40
0.0
 40
1.0
 40
1.0
 40
1.0
 40
1.0
 10
216.4706274222585
 20
97.35680010309844
 30
0.0
 10
216.7467697971739
 20
97.35680010309844
 30
0.0
 10
216.9706274222585
 20
97.58065772818304
 30
0.0
 10
216.9706274222585
 20
97.85680010309846
 30
0.0
  0
SPLINE
  5
2CD
330
1F
100
AcDbEntity
  8
0
  6
Continuous
 62
    18
420
        0
370
    25
100
AcDbSpline
210
0.0
220
0.0
230
1.0
 70
     8
 71
     3
 72
     8
 73
     4
 74
     0
 42
0.000000001
 43
0.0
 40
0.0
 40
0.0
 40
0.0
 40
0.0
 40
1.0
 40
1.0
 40
1.0
 40
1.0
 10
216.9706274222585
 20
110.8568001030985
 30
0.0
 10
216.9706274222585
 20
111.1329424780139
 30
0.0
 10
216.7467697971739
 20
111.3568001030985
 30
0.0
 10
216.4706274222585
 20
111.3568001030985
 30
0.0
  0
SPLINE
  5
2CE
330
1F
100
AcDbEntity
  8
0
  6
Continuous
 62
    18
420
        0
370
    25
100
AcDbSpline
210
0.0
220
0.0
230
1.0
 70
     8
 71
     3
 72
     8
 73
     4
 74
     0
 42
0.000000001
 43
0.0
 40
0.0
 40
0.0
 40
0.0
 40
0.0
 40
1.0
 40
1.0
 40
1.0
 40
1.0
 10
222.5206274222585
 20
111.3568001030985
 30
0.0
 10
222.2444850473431
 20
111.3568001030985
 30
0.0
 10
222.0206274222585
 20
111.1329424780139
 30
0.0
 10
222.0206274222585
 20
110.8568001030985
 30
0.0
  0
SPLINE
  5
2CF
330
1F
100
AcDbEntity
  8
0
  6
Continuous
 62
    18
420
        0
370
    25
100
AcDbSpline
210
0.0
220
0.0
230
1.0
 70
     8
 71
     3
 72
     8
 73
     4
 74
     0
 42
0.000000001
 43
0.0
 40
0.0
 40
0.0
 40
0.0
 40
0.0
 40
1.0
 40
1.0
 40
1.0
 40
1.0
 10
222.0206274222585
 20
97.85680010309846
 30
0.0
 10
222.0206274222585
 20
97.58065772818304
 30
0.0
 10
222.2444850473431
 20
97.35680010309844
 30
0.0
 10
222.5206274222585
 20
97.35680010309844
 30
0.0
  0
SPLINE
  5
2D0
330
1F
100
AcDbEntity
  8
0
  6
Continuous
 62
    18
420
        0
370
    25
100
AcDbSpline
210
0.0
220
0.0
230
1.0
 70
     8
 71
     3
 72
     8
 73
     4
 74
     0
 42
0.000000001
 43
0.0
 40
0.0
 40
0.0
 40
0.0
 40
0.0
 40
1.0
 40
1.0
 40
1.0
 40
1.0
 10
235.5206274222585
 20
97.35680010309846
 30
0.0
 10
235.7967697971739
 20
97.35680010309846
 30
0.0
 10
236.0206274222585
 20
97.58065772818307
 30
0.0
 10
236.0206274222585
 20
97.85680010309846
 30
0.0
  0
SPLINE
  5
2D1
330
1F
100
AcDbEntity
  8
0
  6
Continuous
 62
    18
420
        0
370
    25
100
AcDbSpline
210
0.0
220
0.0
230
1.0
 70
     8
 71
     3
 72
     8
 73
     4
 74
     0
 42
0.000000001
 43
0.0
 40
0.0
 40
0.0
 40
0.0
 40
0.0
 40
1.0
 40
1.0
 40
1.0
 40
1.0
 10
236.0206274222585
 20
110.8568001030985
 30
0.0
 10
236.0206274222585
 20
111.1329424780139
 30
0.0
 10
235.7967697971739
 20
111.3568001030985
 30
0.0
 10
235.5206274222585
 20
111.3568001030985
 30
0.0
  0
SPLINE
  5
2D2
330
1F
100
AcDbEntity
  8
0
  6
Continuous
 62
    18
420
        0
370
    25
100
AcDbSpline
210
0.0
220
0.0
230
1.0
 70
     8
 71
     3
 72
     8
 73
     4
 74
     0
 42
0.000000001
 43
0.0
 40
0.0
 40
0.0
 40
0.0
 40
0.0
 40
1.0
 40
1.0
 40
1.0
 40
1.0
 10
241.5706274222585
 20
111.3568001030985
 30
0.0
 10
241.2944850473431
 20
111.3568001030985
 30
0.0
 10
241.0706274222585
 20
111.1329424780139
 30
0.0
 10
241.0706274222585
 20
110.8568001030985
 30
0.0
  0
SPLINE
  5
2D3
330
1F
100
AcDbEntity
  8
0
  6
Continuous
 62
    18
420
        0
370
    25
100
AcDbSpline
210
0.0
220
0.0
230
1.0
 70
     8
 71
     3
 72
     8
 73
     4
 74
     0
 42
0.000000001
 43
0.0
 40
0.0
 40
0.0
 40
0.0
 40
0.0
 40
1.0
 40
1.0
 40
1.0
 40
1.0
 10
241.0706274222585
 20
97.85680010309846
 30
0.0
 10
241.0706274222585
 20
97.58065772818306
 30
0.0
 10
241.2944850473431
 20
97.35680010309845
 30
0.0
 10
241.5706274222585
 20
97.35680010309845
 30
0.0
  0
SPLINE
  5
2D4
330
1F
100
AcDbEntity
  8
0
  6
Continuous
 62
    18
420
        0
370
    25
100
AcDbSpline
210
0.0
220
0.0
230
1.0
 70
     8
 71
     3
 72
     8
 73
     4
 74
     0
 42
0.000000001
 43
0.0
 40
0.0
 40
0.0
 40
0.0
 40
0.0
 40
1.0
 40
1.0
 40
1.0
 40
1.0
 10
254.5706274222585
 20
97.35680010309846
 30
0.0
 10
254.8467697971739
 20
97.35680010309846
 30
0.0
 10
255.0706274222585
 20
97.58065772818307
 30
0.0
 10
255.0706274222585
 20
97.85680010309846
 30
0.0
  0
SPLINE
  5
2D5
330
1F
100
AcDbEntity
  8
0
  6
Continuous
 62
    18
420
        0
370
    25
100
AcDbSpline
210
0.0
220
0.0
230
1.0
 70
     8
 71
     3
 72
     8
 73
     4
 74
     0
 42
0.000000001
 43
0.0
 40
0.0
 40
0.0
 40
0.0
 40
0.0
 40
1.0
 40
1.0
 40
1.0
 40
1.0
 10
255.0706274222585
 20
110.8568001030985
 30
0.0
 10
255.0706274222585
 20
111.1329424780139
 30
0.0
 10
254.8467697971739
 20
111.3568001030985
 30
0.0
 10
254.5706274222585
 20
111.3568001030985
 30
0.0
  0
SPLINE
  5
2D6
330
1F
100
AcDbEntity
  8
0
  6
Continuous
 62
    18
420
        0
370
    25
100
AcDbSpline
210
0.0
220
0.0
230
1.0
 70
     8
 71
     3
 72
     8
 73
     4
 74
     0
 42
0.000000001
 43
0.0
 40
0.0
 40
0.0
 40
0.0
 40
0.0
 40
1.0
 40
1.0
 40
1.0
 40
1.0
 10
260.6206274222585
 20
111.3568001030985
 30
0.0
 10
260.3444850473431
 20
111.3568001030985
 30
0.0
 10
260.1206274222585
 20
111.1329424780139
 30
0.0
 10
260.1206274222585
 20
110.8568001030985
 30
0.0
  0
SPLINE
  5
2D7
330
1F
100
AcDbEntity
  8
0
  6
Continuous
 62
    18
420
        0
370
    25
100
AcDbSpline
210
0.0
220
0.0
230
1.0
 70
     8
 71
     3
 72
     8
 73
     4
 74
     0
 42
0.000000001
 43
0.0
 40
0.0
 40
0.0
 40
0.0
 40
0.0
 40
1.0
 40
1.0
 40
1.0
 40
1.0
 10
260.1206274222585
 20
97.85680010309846
 30
0.0
 10
260.1206274222585
 20
97.58065772818306
 30
0.0
 10
260.3444850473431
 20
97.35680010309845
 30
0.0
 10
260.6206274222585
 20
97.35680010309845
 30
0.0
  0
SPLINE
  5
2D8
330
1F
100
AcDbEntity
  8
0
  6
Continuous
 62
    18
420
        0
370
    25
100
AcDbSpline
210
0.0
220
0.0
230
1.0
 70
     8
 71
     3
 72
     8
 73
     4
 74
     0
 42
0.000000001
 43
0.0
 40
0.0
 40
0.0
 40
0.0
 40
0.0
 40
1.0
 40
1.0
 40
1.0
 40
1.0
 10
273.6206274222585
 20
97.35680010309846
 30
0.0
 10
273.8967697971739
 20
97.35680010309846
 30
0.0
 10
274.1206274222585
 20
97.58065772818307
 30
0.0
 10
274.1206274222585
 20
97.85680010309846
 30
0.0
  0
SPLINE
  5
2D9
330
1F
100
AcDbEntity
  8
0
  6
Continuous
 62
    18
420
        0
370
    25
100
AcDbSpline
210
0.0
220
0.0
230
1.0
 70
     8
 71
     3
 72
     8
 73
     4
 74
     0
 42
0.000000001
 43
0.0
 40
0.0
 40
0.0
 40
0.0
 40
0.0
 40
1.0
 40
1.0
 40
1.0
 40
1.0
 10
274.1206274222585
 20
110.8568001030985
 30
0.0
 10
274.1206274222585
 20
111.1329424780139
 30
0.0
 10
273.8967697971739
 20
111.3568001030985
 30
0.0
 10
273.6206274222585
 20
111.3568001030985
 30
0.0
  0
SPLINE
  5
2DA
330
1F
100
AcDbEntity
  8
0
  6
Continuous
 62
    18
420
        0
370
    25
100
AcDbSpline
210
0.0
220
0.0
230
1.0
 70
     8
 71
     3
 72
     8
 73
     4
 74
     0
 42
0.000000001
 43
0.0
 40
0.0
 40
0.0
 40
0.0
 40
0.0
 40
1.0
 40
1.0
 40
1.0
 40
1.0
 10
279.9331274222585
 20
111.3568001030985
 30
0.0
 10
279.656985047343
 20
111.3568001030985
 30
0.0
 10
279.4331274222585
 20
111.1329424780139
 30
0.0
 10
279.4331274222585
 20
110.8568001030985
 30
0.0
  0
SPLINE
  5
2DB
330
1F
100
AcDbEntity
  8
0
  6
Continuous
 62
    18
420
        0
370
    25
100
AcDbSpline
210
0.0
220
0.0
230
1.0
 70
     8
 71
     3
 72
     8
 73
     4
 74
     0
 42
0.000000001
 43
0.0
 40
0.0
 40
0.0
 40
0.0
 40
0.0
 40
1.0
 40
1.0
 40
1.0
 40
1.0
 10
279.4331274222584
 20
97.85680010309846
 30
0.0
 10
279.4331274222584
 20
97.58065772818304
 30
0.0
 10
279.656985047343
 20
97.35680010309841
 30
0.0
 10
279.9331274222585
 20
97.35680010309841
 30
0.0
  0
SPLINE
  5
2DC
330
1F
100
AcDbEntity
  8
0
  6
Continuous
 62
    18
420
        0
370
    25
100
AcDbSpline
210
0.0
220
0.0
230
1.0
 70
     8
 71
     3
 72
     8
 73
     4
 74
     0
 42
0.000000001
 43
0.0
 40
0.0
 40
0.0
 40
0.0
 40
0.0
 40
1.0
 40
1.0
 40
1.0
 40
1.0
 10
280.4331274222585
 20
97.35680010309844
 30
0.0
 10
280.7092697971739
 20
97.35680010309844
 30
0.0
 10
280.9331274222585
 20
97.58065772818304
 30
0.0
 10
280.9331274222585
 20
97.85680010309846
 30
0.0
  0
SPLINE
  5
2DD
330
1F
100
AcDbEntity
  8
0
  6
Continuous
 62
    18
420
        0
370
    25
100
AcDbSpline
210
0.0
220
0.0
230
1.0
 70
     8
 71
     3
 72
     8
 73
     4
 74
     0
 42
0.000000001
 43
0.0
 40
0.0
 40
0.0
 40
0.0
 40
0.0
 40
1.0
 40
1.0
 40
1.0
 40
1.0
 10
280.9331274222585
 20
110.8568001030985
 30
0.0
 10
280.9331274222585
 20
111.1329424780139
 30
0.0
 10
280.7092697971739
 20
111.3568001030985
 30
0.0
 10
280.4331274222585
 20
111.3568001030985
 30
0.0
  0
SPLINE
  5
2DE
330
1F
100
AcDbEntity
  8
0
  6
Continuous
 62
    18
420
        0
370
    25
100
AcDbSpline
210
0.0
220
0.0
230
1.0
 70
     8
 71
     3
 72
     8
 73
     4
 74
     0
 42
0.000000001
 43
0.0
 40
0.0
 40
0.0
 40
0.0
 40
0.0
 40
1.0
 40
1.0
 40
1.0
 40
1.0
 10
301.4331274222585
 20
111.3568001030984
 30
0.0
 10
301.1569850473431
 20
111.3568001030984
 30
0.0
 10
300.9331274222585
 20
111.1329424780138
 30
0.0
 10
300.9331274222585
 20
110.8568001030985
 30
0.0
  0
SPLINE
  5
2DF
330
1F
100
AcDbEntity
  8
0
  6
Continuous
 62
    18
420
        0
370
    25
100
AcDbSpline
210
0.0
220
0.0
230
1.0
 70
     8
 71
     3
 72
     8
 73
     4
 74
     0
 42
0.000000001
 43
0.0
 40
0.0
 40
0.0
 40
0.0
 40
0.0
 40
1.0
 40
1.0
 40
1.0
 40
1.0
 10
300.9331274222585
 20
97.85680010309846
 30
0.0
 10
300.9331274222585
 20
97.58065772818304
 30
0.0
 10
301.156985047343
 20
97.35680010309844
 30
0.0
 10
301.4331274222585
 20
97.35680010309844
 30
0.0
  0
SPLINE
  5
2E0
330
1F
100
AcDbEntity
  8
0
  6
Continuous
 62
    18
420
        0
370
    25
100
AcDbSpline
210
0.0
220
0.0
230
1.0
 70
     8
 71
     3
 72
     8
 73
     4
 74
     0
 42
0.000000001
 43
0.0
 40
0.0
 40
0.0
 40
0.0
 40
0.0
 40
1.0
 40
1.0
 40
1.0
 40
1.0
 10
301.9331274222585
 20
97.35680010309842
 30
0.0
 10
302.2092697971739
 20
97.35680010309842
 30
0.0
 10
302.4331274222585
 20
97.58065772818304
 30
0.0
 10
302.4331274222585
 20
97.85680010309846
 30
0.0
  0
SPLINE
  5
2E1
330
1F
100
AcDbEntity
  8
0
  6
Continuous
 62
    18
420
        0
370
    25
100
AcDbSpline
210
0.0
220
0.0
230
1.0
 70
     8
 71
     3
 72
     8
 73
     4
 74
     0
 42
0.000000001
 43
0.0
 40
0.0
 40
0.0
 40
0.0
 40
0.0
 40
1.0
 40
1.0
 40
1.0
 40
1.0
 10
302.4331274222585
 20
110.8568001030985
 30
0.0
 10
302.4331274222585
 20
111.1329424780139
 30
0.0
 10
302.2092697971738
 20
111.3568001030985
 30
0.0
 10
301.9331274222585
 20
111.3568001030985
 30
0.0
  0
SPLINE
  5
2E2
330
1F
100
AcDbEntity
  8
0
  6
Continuous
 62
    18
420
        0
370
    25
100
AcDbSpline
210
0.0
220
0.0
230
1.0
 70
     8
 71
     3
 72
     8
 73
     4
 74
     0
 42
0.000000001
 43
0.0
 40
0.0
 40
0.0
 40
0.0
 40
0.0
 40
1.0
 40
1.0
 40
1.0
 40
1.0
 10
55.83312742225847
 20
92.30680010309848
 30
0.0
 10
55.55698504734306
 20
92.30680010309848
 30
0.0
 10
55.33312742225844
 20
92.08294247801388
 30
0.0
 10
55.33312742225844
 20
91.80680010309845
 30
0.0
  0
SPLINE
  5
2E3
330
1F
100
AcDbEntity
  8
0
  6
Continuous
 62
    18
420
        0
370
    25
100
AcDbSpline
210
0.0
220
0.0
230
1.0
 70
     8
 71
     3
 72
     8
 73
     4
 74
     0
 42
0.000000001
 43
0.0
 40
0.0
 40
0.0
 40
0.0
 40
0.0
 40
1.0
 40
1.0
 40
1.0
 40
1.0
 10
55.33312742225846
 20
78.80680010309845
 30
0.0
 10
55.33312742225846
 20
78.53065772818307
 30
0.0
 10
55.55698504734308
 20
78.30680010309847
 30
0.0
 10
55.83312742225847
 20
78.30680010309847
 30
0.0
  0
SPLINE
  5
2E4
330
1F
100
AcDbEntity
  8
0
  6
Continuous
 62
    18
420
        0
370
    25
100
AcDbSpline
210
0.0
220
0.0
230
1.0
 70
     8
 71
     3
 72
     8
 73
     4
 74
     0
 42
0.000000001
 43
0.0
 40
0.0
 40
0.0
 40
0.0
 40
0.0
 40
1.0
 40
1.0
 40
1.0
 40
1.0
 10
68.83312742225847
 20
78.30680010309845
 30
0.0
 10
69.10926979717387
 20
78.30680010309845
 30
0.0
 10
69.33312742225849
 20
78.53065772818306
 30
0.0
 10
69.33312742225849
 20
78.80680010309845
 30
0.0
  0
SPLINE
  5
2E5
330
1F
100
AcDbEntity
  8
0
  6
Continuous
 62
    18
420
        0
370
    25
100
AcDbSpline
210
0.0
220
0.0
230
1.0
 70
     8
 71
     3
 72
     8
 73
     4
 74
     0
 42
0.000000001
 43
0.0
 40
0.0
 40
0.0
 40
0.0
 40
0.0
 40
1.0
 40
1.0
 40
1.0
 40
1.0
 10
69.33312742225847
 20
91.80680010309845
 30
0.0
 10
69.33312742225847
 20
92.08294247801386
 30
0.0
 10
69.10926979717387
 20
92.30680010309847
 30
0.0
 10
68.83312742225847
 20
92.30680010309847
 30
0.0
  0
SPLINE
  5
2E6
330
1F
100
AcDbEntity
  8
0
  6
Continuous
 62
    18
420
        0
370
    25
100
AcDbSpline
210
0.0
220
0.0
230
1.0
 70
     8
 71
     3
 72
     8
 73
     4
 74
     0
 42
0.000000001
 43
0.0
 40
0.0
 40
0.0
 40
0.0
 40
0.0
 40
1.0
 40
1.0
 40
1.0
 40
1.0
 10
74.88312742225847
 20
92.3068001030985
 30
0.0
 10
74.60698504734306
 20
92.3068001030985
 30
0.0
 10
74.38312742225843
 20
92.08294247801388
 30
0.0
 10
74.38312742225843
 20
91.80680010309845
 30
0.0
  0
SPLINE
  5
2E7
330
1F
100
AcDbEntity
  8
0
  6
Continuous
 62
    18
420
        0
370
    25
100
AcDbSpline
210
0.0
220
0.0
230
1.0
 70
     8
 71
     3
 72
     8
 73
     4
 74
     0
 42
0.000000001
 43
0.0
 40
0.0
 40
0.0
 40
0.0
 40
0.0
 40
1.0
 40
1.0
 40
1.0
 40
1.0
 10
74.38312742225845
 20
78.80680010309845
 30
0.0
 10
74.38312742225845
 20
78.53065772818306
 30
0.0
 10
74.60698504734307
 20
78.30680010309845
 30
0.0
 10
74.88312742225847
 20
78.30680010309845
 30
0.0
  0
SPLINE
  5
2E8
330
1F
100
AcDbEntity
  8
0
  6
Continuous
 62
    18
420
        0
370
    25
100
AcDbSpline
210
0.0
220
0.0
230
1.0
 70
     8
 71
     3
 72
     8
 73
     4
 74
     0
 42
0.000000001
 43
0.0
 40
0.0
 40
0.0
 40
0.0
 40
0.0
 40
1.0
 40
1.0
 40
1.0
 40
1.0
 10
87.88312742225847
 20
78.30680010309845
 30
0.0
 10
88.15926979717386
 20
78.30680010309845
 30
0.0
 10
88.38312742225848
 20
78.53065772818306
 30
0.0
 10
88.38312742225848
 20
78.80680010309845
 30
0.0
  0
SPLINE
  5
2E9
330
1F
100
AcDbEntity
  8
0
  6
Continuous
 62
    18
420
        0
370
    25
100
AcDbSpline
210
0.0
220
0.0
230
1.0
 70
     8
 71
     3
 72
     8
 73
     4
 74
     0
 42
0.000000001
 43
0.0
 40
0.0
 40
0.0
 40
0.0
 40
0.0
 40
1.0
 40
1.0
 40
1.0
 40
1.0
 10
88.38312742225845
 20
91.80680010309845
 30
0.0
 10
88.38312742225845
 20
92.08294247801385
 30
0.0
 10
88.15926979717386
 20
92.30680010309845
 30
0.0
 10
87.88312742225847
 20
92.30680010309845
 30
0.0
  0
SPLINE
  5
2EA
330
1F
100
AcDbEntity
  8
0
  6
Continuous
 62
    18
420
        0
370
    25
100
AcDbSpline
210
0.0
220
0.0
230
1.0
 70
     8
 71
     3
 72
     8
 73
     4
 74
     0
 42
0.000000001
 43
0.0
 40
0.0
 40
0.0
 40
0.0
 40
0.0
 40
1.0
 40
1.0
 40
1.0
 40
1.0
 10
93.93312742225847
 20
92.30680010309847
 30
0.0
 10
93.65698504734307
 20
92.30680010309847
 30
0.0
 10
93.43312742225848
 20
92.08294247801386
 30
0.0
 10
93.43312742225848
 20
91.80680010309845
 30
0.0
  0
SPLINE
  5
2EB
330
1F
100
AcDbEntity
  8
0
  6
Continuous
 62
    18
420
        0
370
    25
100
AcDbSpline
210
0.0
220
0.0
230
1.0
 70
     8
 71
     3
 72
     8
 73
     4
 74
     0
 42
0.000000001
 43
0.0
 40
0.0
 40
0.0
 40
0.0
 40
0.0
 40
1.0
 40
1.0
 40
1.0
 40
1.0
 10
93.43312742225848
 20
78.80680010309845
 30
0.0
 10
93.43312742225848
 20
78.53065772818307
 30
0.0
 10
93.65698504734307
 20
78.30680010309847
 30
0.0
 10
93.93312742225847
 20
78.30680010309847
 30
0.0
  0
SPLINE
  5
2EC
330
1F
100
AcDbEntity
  8
0
  6
Continuous
 62
    18
420
        0
370
    25
100
AcDbSpline
210
0.0
220
0.0
230
1.0
 70
     8
 71
     3
 72
     8
 73
     4
 74
     0
 42
0.000000001
 43
0.0
 40
0.0
 40
0.0
 40
0.0
 40
0.0
 40
1.0
 40
1.0
 40
1.0
 40
1.0
 10
106.9331274222585
 20
78.30680010309845
 30
0.0
 10
107.2092697971739
 20
78.30680010309845
 30
0.0
 10
107.4331274222585
 20
78.53065772818306
 30
0.0
 10
107.4331274222585
 20
78.80680010309845
 30
0.0
  0
SPLINE
  5
2ED
330
1F
100
AcDbEntity
  8
0
  6
Continuous
 62
    18
420
        0
370
    25
100
AcDbSpline
210
0.0
220
0.0
230
1.0
 70
     8
 71
     3
 72
     8
 73
     4
 74
     0
 42
0.000000001
 43
0.0
 40
0.0
 40
0.0
 40
0.0
 40
0.0
 40
1.0
 40
1.0
 40
1.0
 40
1.0
 10
107.4331274222585
 20
91.80680010309845
 30
0.0
 10
107.4331274222585
 20
92.08294247801388
 30
0.0
 10
107.2092697971739
 20
92.30680010309848
 30
0.0
 10
106.9331274222585
 20
92.30680010309848
 30
0.0
  0
SPLINE
  5
2EE
330
1F
100
AcDbEntity
  8
0
  6
Continuous
 62
    18
420
        0
370
    25
100
AcDbSpline
210
0.0
220
0.0
230
1.0
 70
     8
 71
     3
 72
     8
 73
     4
 74
     0
 42
0.000000001
 43
0.0
 40
0.0
 40
0.0
 40
0.0
 40
0.0
 40
1.0
 40
1.0
 40
1.0
 40
1.0
 10
112.9831274222585
 20
92.30680010309842
 30
0.0
 10
112.7069850473431
 20
92.30680010309842
 30
0.0
 10
112.4831274222585
 20
92.08294247801385
 30
0.0
 10
112.4831274222585
 20
91.80680010309845
 30
0.0
  0
SPLINE
  5
2EF
330
1F
100
AcDbEntity
  8
0
  6
Continuous
 62
    18
420
        0
370
    25
100
AcDbSpline
210
0.0
220
0.0
230
1.0
 70
     8
 71
     3
 72
     8
 73
     4
 74
     0
 42
0.000000001
 43
0.0
 40
0.0
 40
0.0
 40
0.0
 40
0.0
 40
1.0
 40
1.0
 40
1.0
 40
1.0
 10
112.4831274222585
 20
78.80680010309845
 30
0.0
 10
112.4831274222585
 20
78.53065772818307
 30
0.0
 10
112.7069850473431
 20
78.3068001030985
 30
0.0
 10
112.9831274222585
 20
78.3068001030985
 30
0.0
  0
SPLINE
  5
2F0
330
1F
100
AcDbEntity
  8
0
  6
Continuous
 62
    18
420
        0
370
    25
100
AcDbSpline
210
0.0
220
0.0
230
1.0
 70
     8
 71
     3
 72
     8
 73
     4
 74
     0
 42
0.000000001
 43
0.0
 40
0.0
 40
0.0
 40
0.0
 40
0.0
 40
1.0
 40
1.0
 40
1.0
 40
1.0
 10
125.9831274222585
 20
78.30680010309845
 30
0.0
 10
126.2592697971739
 20
78.30680010309845
 30
0.0
 10
126.4831274222585
 20
78.53065772818306
 30
0.0
 10
126.4831274222585
 20
78.80680010309845
 30
0.0
  0
SPLINE
  5
2F1
330
1F
100
AcDbEntity
  8
0
  6
Continuous
 62
    18
420
        0
370
    25
100
AcDbSpline
210
0.0
220
0.0
230
1.0
 70
     8
 71
     3
 72
     8
 73
     4
 74
     0
 42
0.000000001
 43
0.0
 40
0.0
 40
0.0
 40
0.0
 40
0.0
 40
1.0
 40
1.0
 40
1.0
 40
1.0
 10
126.4831274222585
 20
91.80680010309845
 30
0.0
 10
126.4831274222585
 20
92.08294247801388
 30
0.0
 10
126.2592697971739
 20
92.30680010309848
 30
0.0
 10
125.9831274222585
 20
92.30680010309848
 30
0.0
  0
SPLINE
  5
2F2
330
1F
100
AcDbEntity
  8
0
  6
Continuous
 62
    18
420
        0
370
    25
100
AcDbSpline
210
0.0
220
0.0
230
1.0
 70
     8
 71
     3
 72
     8
 73
     4
 74
     0
 42
0.000000001
 43
0.0
 40
0.0
 40
0.0
 40
0.0
 40
0.0
 40
1.0
 40
1.0
 40
1.0
 40
1.0
 10
132.0331274222585
 20
92.30680010309847
 30
0.0
 10
131.7569850473431
 20
92.30680010309847
 30
0.0
 10
131.5331274222584
 20
92.08294247801386
 30
0.0
 10
131.5331274222584
 20
91.80680010309845
 30
0.0
  0
SPLINE
  5
2F3
330
1F
100
AcDbEntity
  8
0
  6
Continuous
 62
    18
420
        0
370
    25
100
AcDbSpline
210
0.0
220
0.0
230
1.0
 70
     8
 71
     3
 72
     8
 73
     4
 74
     0
 42
0.000000001
 43
0.0
 40
0.0
 40
0.0
 40
0.0
 40
0.0
 40
1.0
 40
1.0
 40
1.0
 40
1.0
 10
131.5331274222585
 20
78.80680010309845
 30
0.0
 10
131.5331274222585
 20
78.53065772818307
 30
0.0
 10
131.7569850473431
 20
78.30680010309847
 30
0.0
 10
132.0331274222585
 20
78.30680010309847
 30
0.0
  0
SPLINE
  5
2F4
330
1F
100
AcDbEntity
  8
0
  6
Continuous
 62
    18
420
        0
370
    25
100
AcDbSpline
210
0.0
220
0.0
230
1.0
 70
     8
 71
     3
 72
     8
 73
     4
 74
     0
 42
0.000000001
 43
0.0
 40
0.0
 40
0.0
 40
0.0
 40
0.0
 40
1.0
 40
1.0
 40
1.0
 40
1.0
 10
145.0331274222585
 20
78.30680010309847
 30
0.0
 10
145.3092697971739
 20
78.30680010309847
 30
0.0
 10
145.5331274222585
 20
78.53065772818307
 30
0.0
 10
145.5331274222585
 20
78.80680010309845
 30
0.0
  0
SPLINE
  5
2F5
330
1F
100
AcDbEntity
  8
0
  6
Continuous
 62
    18
420
        0
370
    25
100
AcDbSpline
210
0.0
220
0.0
230
1.0
 70
     8
 71
     3
 72
     8
 73
     4
 74
     0
 42
0.000000001
 43
0.0
 40
0.0
 40
0.0
 40
0.0
 40
0.0
 40
1.0
 40
1.0
 40
1.0
 40
1.0
 10
145.5331274222585
 20
91.80680010309845
 30
0.0
 10
145.5331274222585
 20
92.08294247801388
 30
0.0
 10
145.3092697971739
 20
92.30680010309848
 30
0.0
 10
145.0331274222585
 20
92.30680010309848
 30
0.0
  0
SPLINE
  5
2F6
330
1F
100
AcDbEntity
  8
0
  6
Continuous
 62
    18
420
        0
370
    25
100
AcDbSpline
210
0.0
220
0.0
230
1.0
 70
     8
 71
     3
 72
     8
 73
     4
 74
     0
 42
0.000000001
 43
0.0
 40
0.0
 40
0.0
 40
0.0
 40
0.0
 40
1.0
 40
1.0
 40
1.0
 40
1.0
 10
151.0831274222585
 20
92.30680010309847
 30
0.0
 10
150.8069850473431
 20
92.30680010309847
 30
0.0
 10
150.5831274222585
 20
92.08294247801386
 30
0.0
 10
150.5831274222585
 20
91.80680010309845
 30
0.0
  0
SPLINE
  5
2F7
330
1F
100
AcDbEntity
  8
0
  6
Continuous
 62
    18
420
        0
370
    25
100
AcDbSpline
210
0.0
220
0.0
230
1.0
 70
     8
 71
     3
 72
     8
 73
     4
 74
     0
 42
0.000000001
 43
0.0
 40
0.0
 40
0.0
 40
0.0
 40
0.0
 40
1.0
 40
1.0
 40
1.0
 40
1.0
 10
150.5831274222585
 20
78.80680010309845
 30
0.0
 10
150.5831274222585
 20
78.53065772818307
 30
0.0
 10
150.8069850473431
 20
78.30680010309847
 30
0.0
 10
151.0831274222585
 20
78.30680010309847
 30
0.0
  0
SPLINE
  5
2F8
330
1F
100
AcDbEntity
  8
0
  6
Continuous
 62
    18
420
        0
370
    25
100
AcDbSpline
210
0.0
220
0.0
230
1.0
 70
     8
 71
     3
 72
     8
 73
     4
 74
     0
 42
0.000000001
 43
0.0
 40
0.0
 40
0.0
 40
0.0
 40
0.0
 40
1.0
 40
1.0
 40
1.0
 40
1.0
 10
164.0831274222585
 20
78.30680010309847
 30
0.0
 10
164.3592697971739
 20
78.30680010309847
 30
0.0
 10
164.5831274222585
 20
78.53065772818307
 30
0.0
 10
164.5831274222585
 20
78.80680010309845
 30
0.0
  0
SPLINE
  5
2F9
330
1F
100
AcDbEntity
  8
0
  6
Continuous
 62
    18
420
        0
370
    25
100
AcDbSpline
210
0.0
220
0.0
230
1.0
 70
     8
 71
     3
 72
     8
 73
     4
 74
     0
 42
0.000000001
 43
0.0
 40
0.0
 40
0.0
 40
0.0
 40
0.0
 40
1.0
 40
1.0
 40
1.0
 40
1.0
 10
164.5831274222585
 20
91.80680010309845
 30
0.0
 10
164.5831274222585
 20
92.08294247801388
 30
0.0
 10
164.3592697971739
 20
92.30680010309848
 30
0.0
 10
164.0831274222585
 20
92.30680010309848
 30
0.0
  0
SPLINE
  5
2FA
330
1F
100
AcDbEntity
  8
0
  6
Continuous
 62
    18
420
        0
370
    25
100
AcDbSpline
210
0.0
220
0.0
230
1.0
 70
     8
 71
     3
 72
     8
 73
     4
 74
     0
 42
0.000000001
 43
0.0
 40
0.0
 40
0.0
 40
0.0
 40
0.0
 40
1.0
 40
1.0
 40
1.0
 40
1.0
 10
170.1331274222585
 20
92.30680010309845
 30
0.0
 10
169.8569850473431
 20
92.30680010309845
 30
0.0
 10
169.6331274222585
 20
92.08294247801386
 30
0.0
 10
169.6331274222585
 20
91.80680010309845
 30
0.0
  0
SPLINE
  5
2FB
330
1F
100
AcDbEntity
  8
0
  6
Continuous
 62
    18
420
        0
370
    25
100
AcDbSpline
210
0.0
220
0.0
230
1.0
 70
     8
 71
     3
 72
     8
 73
     4
 74
     0
 42
0.000000001
 43
0.0
 40
0.0
 40
0.0
 40
0.0
 40
0.0
 40
1.0
 40
1.0
 40
1.0
 40
1.0
 10
169.6331274222585
 20
78.80680010309845
 30
0.0
 10
169.6331274222585
 20
78.53065772818307
 30
0.0
 10
169.8569850473431
 20
78.30680010309848
 30
0.0
 10
170.1331274222585
 20
78.30680010309848
 30
0.0
  0
SPLINE
  5
2FC
330
1F
100
AcDbEntity
  8
0
  6
Continuous
 62
    18
420
        0
370
    25
100
AcDbSpline
210
0.0
220
0.0
230
1.0
 70
     8
 71
     3
 72
     8
 73
     4
 74
     0
 42
0.000000001
 43
0.0
 40
0.0
 40
0.0
 40
0.0
 40
0.0
 40
1.0
 40
1.0
 40
1.0
 40
1.0
 10
183.1331274222584
 20
78.30680010309844
 30
0.0
 10
183.4092697971739
 20
78.30680010309844
 30
0.0
 10
183.6331274222585
 20
78.53065772818306
 30
0.0
 10
183.6331274222585
 20
78.80680010309845
 30
0.0
  0
SPLINE
  5
2FD
330
1F
100
AcDbEntity
  8
0
  6
Continuous
 62
    18
420
        0
370
    25
100
AcDbSpline
210
0.0
220
0.0
230
1.0
 70
     8
 71
     3
 72
     8
 73
     4
 74
     0
 42
0.000000001
 43
0.0
 40
0.0
 40
0.0
 40
0.0
 40
0.0
 40
1.0
 40
1.0
 40
1.0
 40
1.0
 10
183.6331274222585
 20
91.80680010309845
 30
0.0
 10
183.6331274222585
 20
92.08294247801386
 30
0.0
 10
183.4092697971739
 20
92.30680010309847
 30
0.0
 10
183.1331274222584
 20
92.30680010309847
 30
0.0
  0
SPLINE
  5
2FE
330
1F
100
AcDbEntity
  8
0
  6
Continuous
 62
    18
420
        0
370
    25
100
AcDbSpline
210
0.0
220
0.0
230
1.0
 70
     8
 71
     3
 72
     8
 73
     4
 74
     0
 42
0.000000001
 43
0.0
 40
0.0
 40
0.0
 40
0.0
 40
0.0
 40
1.0
 40
1.0
 40
1.0
 40
1.0
 10
189.1831274222585
 20
92.30680010309845
 30
0.0
 10
188.9069850473431
 20
92.30680010309845
 30
0.0
 10
188.6831274222585
 20
92.08294247801386
 30
0.0
 10
188.6831274222585
 20
91.80680010309845
 30
0.0
  0
SPLINE
  5
2FF
330
1F
100
AcDbEntity
  8
0
  6
Continuous
 62
    18
420
        0
370
    25
100
AcDbSpline
210
0.0
220
0.0
230
1.0
 70
     8
 71
     3
 72
     8
 73
     4
 74
     0
 42
0.000000001
 43
0.0
 40
0.0
 40
0.0
 40
0.0
 40
0.0
 40
1.0
 40
1.0
 40
1.0
 40
1.0
 10
188.6831274222585
 20
78.80680010309845
 30
0.0
 10
188.6831274222585
 20
78.53065772818307
 30
0.0
 10
188.9069850473431
 20
78.30680010309848
 30
0.0
 10
189.1831274222585
 20
78.30680010309848
 30
0.0
  0
SPLINE
  5
300
330
1F
100
AcDbEntity
  8
0
  6
Continuous
 62
    18
420
        0
370
    25
100
AcDbSpline
210
0.0
220
0.0
230
1.0
 70
     8
 71
     3
 72
     8
 73
     4
 74
     0
 42
0.000000001
 43
0.0
 40
0.0
 40
0.0
 40
0.0
 40
0.0
 40
1.0
 40
1.0
 40
1.0
 40
1.0
 10
202.1831274222585
 20
78.30680010309844
 30
0.0
 10
202.4592697971738
 20
78.30680010309844
 30
0.0
 10
202.6831274222585
 20
78.53065772818306
 30
0.0
 10
202.6831274222585
 20
78.80680010309845
 30
0.0
  0
SPLINE
  5
301
330
1F
100
AcDbEntity
  8
0
  6
Continuous
 62
    18
420
        0
370
    25
100
AcDbSpline
210
0.0
220
0.0
230
1.0
 70
     8
 71
     3
 72
     8
 73
     4
 74
     0
 42
0.000000001
 43
0.0
 40
0.0
 40
0.0
 40
0.0
 40
0.0
 40
1.0
 40
1.0
 40
1.0
 40
1.0
 10
202.6831274222585
 20
91.80680010309845
 30
0.0
 10
202.6831274222585
 20
92.08294247801386
 30
0.0
 10
202.4592697971738
 20
92.30680010309845
 30
0.0
 10
202.1831274222585
 20
92.30680010309845
 30
0.0
  0
SPLINE
  5
302
330
1F
100
AcDbEntity
  8
0
  6
Continuous
 62
    18
420
        0
370
    25
100
AcDbSpline
210
0.0
220
0.0
230
1.0
 70
     8
 71
     3
 72
     8
 73
     4
 74
     0
 42
0.000000001
 43
0.0
 40
0.0
 40
0.0
 40
0.0
 40
0.0
 40
1.0
 40
1.0
 40
1.0
 40
1.0
 10
208.2331274222585
 20
92.30680010309848
 30
0.0
 10
207.9569850473431
 20
92.30680010309848
 30
0.0
 10
207.7331274222585
 20
92.08294247801388
 30
0.0
 10
207.7331274222585
 20
91.80680010309845
 30
0.0
  0
SPLINE
  5
303
330
1F
100
AcDbEntity
  8
0
  6
Continuous
 62
    18
420
        0
370
    25
100
AcDbSpline
210
0.0
220
0.0
230
1.0
 70
     8
 71
     3
 72
     8
 73
     4
 74
     0
 42
0.000000001
 43
0.0
 40
0.0
 40
0.0
 40
0.0
 40
0.0
 40
1.0
 40
1.0
 40
1.0
 40
1.0
 10
207.7331274222585
 20
78.80680010309845
 30
0.0
 10
207.7331274222585
 20
78.53065772818307
 30
0.0
 10
207.9569850473431
 20
78.30680010309848
 30
0.0
 10
208.2331274222585
 20
78.30680010309848
 30
0.0
  0
SPLINE
  5
304
330
1F
100
AcDbEntity
  8
0
  6
Continuous
 62
    18
420
        0
370
    25
100
AcDbSpline
210
0.0
220
0.0
230
1.0
 70
     8
 71
     3
 72
     8
 73
     4
 74
     0
 42
0.000000001
 43
0.0
 40
0.0
 40
0.0
 40
0.0
 40
0.0
 40
1.0
 40
1.0
 40
1.0
 40
1.0
 10
221.2331274222584
 20
78.30680010309847
 30
0.0
 10
221.5092697971739
 20
78.30680010309847
 30
0.0
 10
221.7331274222585
 20
78.53065772818307
 30
0.0
 10
221.7331274222585
 20
78.80680010309845
 30
0.0
  0
SPLINE
  5
305
330
1F
100
AcDbEntity
  8
0
  6
Continuous
 62
    18
420
        0
370
    25
100
AcDbSpline
210
0.0
220
0.0
230
1.0
 70
     8
 71
     3
 72
     8
 73
     4
 74
     0
 42
0.000000001
 43
0.0
 40
0.0
 40
0.0
 40
0.0
 40
0.0
 40
1.0
 40
1.0
 40
1.0
 40
1.0
 10
221.7331274222585
 20
91.80680010309845
 30
0.0
 10
221.7331274222585
 20
92.08294247801385
 30
0.0
 10
221.5092697971739
 20
92.30680010309845
 30
0.0
 10
221.2331274222584
 20
92.30680010309845
 30
0.0
  0
SPLINE
  5
306
330
1F
100
AcDbEntity
  8
0
  6
Continuous
 62
    18
420
        0
370
    25
100
AcDbSpline
210
0.0
220
0.0
230
1.0
 70
     8
 71
     3
 72
     8
 73
     4
 74
     0
 42
0.000000001
 43
0.0
 40
0.0
 40
0.0
 40
0.0
 40
0.0
 40
1.0
 40
1.0
 40
1.0
 40
1.0
 10
227.2831274222585
 20
92.30680010309851
 30
0.0
 10
227.006985047343
 20
92.30680010309851
 30
0.0
 10
226.7831274222584
 20
92.08294247801389
 30
0.0
 10
226.7831274222584
 20
91.80680010309845
 30
0.0
  0
SPLINE
  5
307
330
1F
100
AcDbEntity
  8
0
  6
Continuous
 62
    18
420
        0
370
    25
100
AcDbSpline
210
0.0
220
0.0
230
1.0
 70
     8
 71
     3
 72
     8
 73
     4
 74
     0
 42
0.000000001
 43
0.0
 40
0.0
 40
0.0
 40
0.0
 40
0.0
 40
1.0
 40
1.0
 40
1.0
 40
1.0
 10
226.7831274222585
 20
78.80680010309845
 30
0.0
 10
226.7831274222585
 20
78.53065772818306
 30
0.0
 10
227.0069850473431
 20
78.30680010309845
 30
0.0
 10
227.2831274222585
 20
78.30680010309845
 30
0.0
  0
SPLINE
  5
308
330
1F
100
AcDbEntity
  8
0
  6
Continuous
 62
    18
420
        0
370
    25
100
AcDbSpline
210
0.0
220
0.0
230
1.0
 70
     8
 71
     3
 72
     8
 73
     4
 74
     0
 42
0.000000001
 43
0.0
 40
0.0
 40
0.0
 40
0.0
 40
0.0
 40
1.0
 40
1.0
 40
1.0
 40
1.0
 10
240.2831274222584
 20
78.30680010309847
 30
0.0
 10
240.5592697971739
 20
78.30680010309847
 30
0.0
 10
240.7831274222584
 20
78.53065772818307
 30
0.0
 10
240.7831274222584
 20
78.80680010309845
 30
0.0
  0
SPLINE
  5
309
330
1F
100
AcDbEntity
  8
0
  6
Continuous
 62
    18
420
        0
370
    25
100
AcDbSpline
210
0.0
220
0.0
230
1.0
 70
     8
 71
     3
 72
     8
 73
     4
 74
     0
 42
0.000000001
 43
0.0
 40
0.0
 40
0.0
 40
0.0
 40
0.0
 40
1.0
 40
1.0
 40
1.0
 40
1.0
 10
240.7831274222584
 20
91.80680010309845
 30
0.0
 10
240.7831274222584
 20
92.08294247801386
 30
0.0
 10
240.5592697971739
 20
92.30680010309847
 30
0.0
 10
240.2831274222584
 20
92.30680010309847
 30
0.0
  0
SPLINE
  5
30A
330
1F
100
AcDbEntity
  8
0
  6
Continuous
 62
    18
420
        0
370
    25
100
AcDbSpline
210
0.0
220
0.0
230
1.0
 70
     8
 71
     3
 72
     8
 73
     4
 74
     0
 42
0.000000001
 43
0.0
 40
0.0
 40
0.0
 40
0.0
 40
0.0
 40
1.0
 40
1.0
 40
1.0
 40
1.0
 10
246.3331274222585
 20
92.30680010309848
 30
0.0
 10
246.0569850473431
 20
92.30680010309848
 30
0.0
 10
245.8331274222585
 20
92.08294247801388
 30
0.0
 10
245.8331274222585
 20
91.80680010309845
 30
0.0
  0
SPLINE
  5
30B
330
1F
100
AcDbEntity
  8
0
  6
Continuous
 62
    18
420
        0
370
    25
100
AcDbSpline
210
0.0
220
0.0
230
1.0
 70
     8
 71
     3
 72
     8
 73
     4
 74
     0
 42
0.000000001
 43
0.0
 40
0.0
 40
0.0
 40
0.0
 40
0.0
 40
1.0
 40
1.0
 40
1.0
 40
1.0
 10
245.8331274222585
 20
78.80680010309845
 30
0.0
 10
245.8331274222585
 20
78.53065772818306
 30
0.0
 10
246.0569850473431
 20
78.30680010309845
 30
0.0
 10
246.3331274222585
 20
78.30680010309845
 30
0.0
  0
SPLINE
  5
30C
330
1F
100
AcDbEntity
  8
0
  6
Continuous
 62
    18
420
        0
370
    25
100
AcDbSpline
210
0.0
220
0.0
230
1.0
 70
     8
 71
     3
 72
     8
 73
     4
 74
     0
 42
0.000000001
 43
0.0
 40
0.0
 40
0.0
 40
0.0
 40
0.0
 40
1.0
 40
1.0
 40
1.0
 40
1.0
 10
259.3331274222585
 20
78.30680010309847
 30
0.0
 10
259.6092697971739
 20
78.30680010309847
 30
0.0
 10
259.8331274222585
 20
78.53065772818307
 30
0.0
 10
259.8331274222585
 20
78.80680010309845
 30
0.0
  0
SPLINE
  5
30D
330
1F
100
AcDbEntity
  8
0
  6
Continuous
 62
    18
420
        0
370
    25
100
AcDbSpline
210
0.0
220
0.0
230
1.0
 70
     8
 71
     3
 72
     8
 73
     4
 74
     0
 42
0.000000001
 43
0.0
 40
0.0
 40
0.0
 40
0.0
 40
0.0
 40
1.0
 40
1.0
 40
1.0
 40
1.0
 10
259.8331274222585
 20
91.80680010309845
 30
0.0
 10
259.8331274222585
 20
92.08294247801386
 30
0.0
 10
259.6092697971739
 20
92.30680010309847
 30
0.0
 10
259.3331274222585
 20
92.30680010309847
 30
0.0
  0
SPLINE
  5
30E
330
1F
100
AcDbEntity
  8
0
  6
Continuous
 62
    18
420
        0
370
    25
100
AcDbSpline
210
0.0
220
0.0
230
1.0
 70
     8
 71
     3
 72
     8
 73
     4
 74
     0
 42
0.000000001
 43
0.0
 40
0.0
 40
0.0
 40
0.0
 40
0.0
 40
1.0
 40
1.0
 40
1.0
 40
1.0
 10
274.8513774222585
 20
76.30680010309844
 30
0.0
 10
275.1275197971739
 20
76.30680010309844
 30
0.0
 10
275.3513774222585
 20
76.53065772818306
 30
0.0
 10
275.3513774222585
 20
76.80680010309847
 30
0.0
  0
SPLINE
  5
30F
330
1F
100
AcDbEntity
  8
0
  6
Continuous
 62
    18
420
        0
370
    25
100
AcDbSpline
210
0.0
220
0.0
230
1.0
 70
     8
 71
     3
 72
     8
 73
     4
 74
     0
 42
0.000000001
 43
0.0
 40
0.0
 40
0.0
 40
0.0
 40
0.0
 40
1.0
 40
1.0
 40
1.0
 40
1.0
 10
290.2893774222585
 20
78.30680010309851
 30
0.0
 10
290.5655197971739
 20
78.30680010309851
 30
0.0
 10
290.7893774222584
 20
78.5306577281831
 30
0.0
 10
290.7893774222584
 20
78.80680010309845
 30
0.0
  0
SPLINE
  5
310
330
1F
100
AcDbEntity
  8
0
  6
Continuous
 62
    18
420
        0
370
    25
100
AcDbSpline
210
0.0
220
0.0
230
1.0
 70
     8
 71
     3
 72
     8
 73
     4
 74
     0
 42
0.000000001
 43
0.0
 40
0.0
 40
0.0
 40
0.0
 40
0.0
 40
1.0
 40
1.0
 40
1.0
 40
1.0
 10
292.2273774222585
 20
76.80680010309847
 30
0.0
 10
292.2273774222585
 20
76.53065772818307
 30
0.0
 10
292.4512350473431
 20
76.30680010309848
 30
0.0
 10
292.7273774222585
 20
76.30680010309848
 30
0.0
  0
SPLINE
  5
311
330
1F
100
AcDbEntity
  8
0
  6
Continuous
 62
    18
420
        0
370
    25
100
AcDbSpline
210
0.0
220
0.0
230
1.0
 70
     8
 71
     3
 72
     8
 73
     4
 74
     0
 42
0.000000001
 43
0.0
 40
0.0
 40
0.0
 40
0.0
 40
0.0
 40
1.0
 40
1.0
 40
1.0
 40
1.0
 10
298.7273774222585
 20
76.30680010309851
 30
0.0
 10
299.0035197971739
 20
76.30680010309851
 30
0.0
 10
299.2273774222584
 20
76.53065772818309
 30
0.0
 10
299.2273774222584
 20
76.80680010309847
 30
0.0
  0
SPLINE
  5
312
330
1F
100
AcDbEntity
  8
0
  6
Continuous
 62
    18
420
        0
370
    25
100
AcDbSpline
210
0.0
220
0.0
230
1.0
 70
     8
 71
     3
 72
     8
 73
     4
 74
     0
 42
0.000000001
 43
0.0
 40
0.0
 40
0.0
 40
0.0
 40
0.0
 40
1.0
 40
1.0
 40
1.0
 40
1.0
 10
299.2273774222583
 20
79.61196504495292
 30
0.0
 10
299.2840578687126
 20
79.69502435112884
 30
0.0
 10
299.3143774222491
 20
79.79324404230744
 30
0.0
 10
299.3143774222582
 20
79.89380010305308
 30
0.0
  0
SPLINE
  5
313
330
1F
100
AcDbEntity
  8
0
  6
Continuous
 62
    18
420
        0
370
    25
100
AcDbSpline
210
0.0
220
0.0
230
1.0
 70
     8
 71
     3
 72
     8
 73
     4
 74
     0
 42
0.000000001
 43
0.0
 40
0.0
 40
0.0
 40
0.0
 40
0.0
 40
1.0
 40
1.0
 40
1.0
 40
1.0
 10
299.3143774222583
 20
85.89380010314436
 30
0.0
 10
299.3143774222692
 20
85.99435616392394
 30
0.0
 10
299.2840578687318
 20
86.09257585514011
 30
0.0
 10
299.2273774222584
 20
86.17563516134406
 30
0.0
  0
SPLINE
  5
314
330
1F
100
AcDbEntity
  8
0
  6
Continuous
 62
    18
420
        0
370
    25
100
AcDbSpline
210
0.0
220
0.0
230
1.0
 70
     8
 71
     3
 72
     8
 73
     4
 74
     0
 42
0.000000001
 43
0.0
 40
0.0
 40
0.0
 40
0.0
 40
0.0
 40
1.0
 40
1.0
 40
1.0
 40
1.0
 10
299.8143774222585
 20
87.83180010309849
 30
0.0
 10
300.0905197971739
 20
87.83180010309849
 30
0.0
 10
300.3143774222585
 20
88.05565772818308
 30
0.0
 10
300.3143774222585
 20
88.33180010309846
 30
0.0
  0
SPLINE
  5
315
330
1F
100
AcDbEntity
  8
0
  6
Continuous
 62
    18
420
        0
370
    25
100
AcDbSpline
210
0.0
220
0.0
230
1.0
 70
     8
 71
     3
 72
     8
 73
     4
 74
     0
 42
0.000000001
 43
0.0
 40
0.0
 40
0.0
 40
0.0
 40
0.0
 40
1.0
 40
1.0
 40
1.0
 40
1.0
 10
300.3143774222585
 20
101.3318001030985
 30
0.0
 10
300.3143774222585
 20
101.6079424780139
 30
0.0
 10
300.0905197971739
 20
101.8318001030985
 30
0.0
 10
299.8143774222585
 20
101.8318001030985
 30
0.0
  0
SPLINE
  5
316
330
1F
100
AcDbEntity
  8
0
  6
Continuous
 62
    18
420
        0
370
    25
100
AcDbSpline
210
0.0
220
0.0
230
1.0
 70
     8
 71
     3
 72
     8
 73
     4
 74
     0
 42
0.000000001
 43
0.0
 40
0.0
 40
0.0
 40
0.0
 40
0.0
 40
1.0
 40
1.0
 40
1.0
 40
1.0
 10
298.8143774222585
 20
103.2698001030984
 30
0.0
 10
299.0905197971739
 20
103.2698001030984
 30
0.0
 10
299.3143774222585
 20
103.4936577281831
 30
0.0
 10
299.3143774222585
 20
103.7698001030985
 30
0.0
  0
SPLINE
  5
317
330
1F
100
AcDbEntity
  8
0
  6
Continuous
 62
    18
420
        0
370
    25
100
AcDbSpline
210
0.0
220
0.0
230
1.0
 70
     8
 71
     3
 72
     8
 73
     4
 74
     0
 42
0.000000001
 43
0.0
 40
0.0
 40
0.0
 40
0.0
 40
0.0
 40
1.0
 40
1.0
 40
1.0
 40
1.0
 10
299.3143774222585
 20
109.7698001030985
 30
0.0
 10
299.3143774222585
 20
110.0459424780139
 30
0.0
 10
299.0905197971739
 20
110.2698001030985
 30
0.0
 10
298.8143774222585
 20
110.2698001030985
 30
0.0
  0
SPLINE
  5
318
330
1F
100
AcDbEntity
  8
0
  6
Continuous
 62
    18
420
        0
370
    25
100
AcDbSpline
210
0.0
220
0.0
230
1.0
 70
     8
 71
     3
 72
     8
 73
     4
 74
     0
 42
0.000000001
 43
0.0
 40
0.0
 40
0.0
 40
0.0
 40
0.0
 40
1.0
 40
1.0
 40
1.0
 40
1.0
 10
297.9331274222585
 20
110.8568001030985
 30
0.0
 10
297.9331274222585
 20
111.1329424780139
 30
0.0
 10
297.7092697971739
 20
111.3568001030985
 30
0.0
 10
297.4331274222585
 20
111.3568001030985
 30
0.0
  0
SPLINE
  5
319
330
1F
100
AcDbEntity
  8
0
  6
Continuous
 62
    18
420
        0
370
    25
100
AcDbSpline
210
0.0
220
0.0
230
1.0
 70
     8
 71
     3
 72
     8
 73
     4
 74
     0
 42
0.000000001
 43
0.0
 40
0.0
 40
0.0
 40
0.0
 40
0.0
 40
1.0
 40
1.0
 40
1.0
 40
1.0
 10
284.4331274222585
 20
111.3568001030985
 30
0.0
 10
284.1569850473431
 20
111.3568001030985
 30
0.0
 10
283.9331274222584
 20
111.1329424780139
 30
0.0
 10
283.9331274222584
 20
110.8568001030985
 30
0.0
  0
SPLINE
  5
31A
330
1F
100
AcDbEntity
  8
0
  6
Continuous
 62
    18
420
        0
370
    25
100
AcDbSpline
210
0.0
220
0.0
230
1.0
 70
     8
 71
     3
 72
     8
 73
     4
 74
     0
 42
0.000000001
 43
0.0
 40
0.0
 40
0.0
 40
0.0
 40
0.0
 40
1.0
 40
1.0
 40
1.0
 40
1.0
 10
283.9331274222585
 20
97.85680010309846
 30
0.0
 10
283.9331274222585
 20
97.58065772818307
 30
0.0
 10
284.1569850473431
 20
97.35680010309846
 30
0.0
 10
284.4331274222585
 20
97.35680010309846
 30
0.0
  0
SPLINE
  5
31B
330
1F
100
AcDbEntity
  8
0
  6
Continuous
 62
    18
420
        0
370
    25
100
AcDbSpline
210
0.0
220
0.0
230
1.0
 70
     8
 71
     3
 72
     8
 73
     4
 74
     0
 42
0.000000001
 43
0.0
 40
0.0
 40
0.0
 40
0.0
 40
0.0
 40
1.0
 40
1.0
 40
1.0
 40
1.0
 10
265.3831274222585
 20
92.30680010309848
 30
0.0
 10
265.1069850473431
 20
92.30680010309848
 30
0.0
 10
264.8831274222584
 20
92.08294247801388
 30
0.0
 10
264.8831274222584
 20
91.80680010309845
 30
0.0
  0
SPLINE
  5
31C
330
1F
100
AcDbEntity
  8
0
  6
Continuous
 62
    18
420
        0
370
    25
100
AcDbSpline
210
0.0
220
0.0
230
1.0
 70
     8
 71
     3
 72
     8
 73
     4
 74
     0
 42
0.000000001
 43
0.0
 40
0.0
 40
0.0
 40
0.0
 40
0.0
 40
1.0
 40
1.0
 40
1.0
 40
1.0
 10
264.8831274222584
 20
78.80680010309845
 30
0.0
 10
264.8831274222584
 20
78.53065772818304
 30
0.0
 10
265.1069850473431
 20
78.30680010309844
 30
0.0
 10
265.3831274222585
 20
78.30680010309844
 30
0.0
  0
SPLINE
  5
31D
330
1F
100
AcDbEntity
  8
0
  6
Continuous
 62
    18
420
        0
370
    25
100
AcDbSpline
210
0.0
220
0.0
230
1.0
 70
     8
 71
     3
 72
     8
 73
     4
 74
     0
 42
0.000000001
 43
0.0
 40
0.0
 40
0.0
 40
0.0
 40
0.0
 40
1.0
 40
1.0
 40
1.0
 40
1.0
 10
268.3513774222585
 20
76.80680010309847
 30
0.0
 10
268.3513774222585
 20
76.53065772818306
 30
0.0
 10
268.5752350473431
 20
76.30680010309847
 30
0.0
 10
268.8513774222585
 20
76.30680010309847
 30
0.0
  0
SPLINE
  5
31E
330
1F
100
AcDbEntity
  8
0
  6
Continuous
 62
    18
420
        0
370
    25
100
AcDbSpline
210
0.0
220
0.0
230
1.0
 70
     8
 71
     3
 72
     8
 73
     4
 74
     0
 42
0.000000001
 43
0.0
 40
0.0
 40
0.0
 40
0.0
 40
0.0
 40
1.0
 40
1.0
 40
1.0
 40
1.0
 10
24.87687742225847
 20
73.25680010309847
 30
0.0
 10
24.60073504734306
 20
73.25680010309847
 30
0.0
 10
24.37687742225847
 20
73.03294247801387
 30
0.0
 10
24.37687742225847
 20
72.75680010309846
 30
0.0
  0
SPLINE
  5
31F
330
1F
100
AcDbEntity
  8
0
  6
Continuous
 62
    18
420
        0
370
    25
100
AcDbSpline
210
0.0
220
0.0
230
1.0
 70
     8
 71
     3
 72
     8
 73
     4
 74
     0
 42
0.000000001
 43
0.0
 40
0.0
 40
0.0
 40
0.0
 40
0.0
 40
1.0
 40
1.0
 40
1.0
 40
1.0
 10
24.37687742225847
 20
59.75680010309846
 30
0.0
 10
24.37687742225847
 20
59.48065772818308
 30
0.0
 10
24.60073504734306
 20
59.25680010309846
 30
0.0
 10
24.87687742225847
 20
59.25680010309846
 30
0.0
  0
SPLINE
  5
320
330
1F
100
AcDbEntity
  8
0
  6
Continuous
 62
    18
420
        0
370
    25
100
AcDbSpline
210
0.0
220
0.0
230
1.0
 70
     8
 71
     3
 72
     8
 73
     4
 74
     0
 42
0.000000001
 43
0.0
 40
0.0
 40
0.0
 40
0.0
 40
0.0
 40
1.0
 40
1.0
 40
1.0
 40
1.0
 10
25.46387742225838
 20
57.75680010309846
 30
0.0
 10
25.46387742225838
 20
57.480657728183
 30
0.0
 10
25.68773504734302
 20
57.25680010309837
 30
0.0
 10
25.96387742225847
 20
57.25680010309837
 30
0.0
  0
SPLINE
  5
321
330
1F
100
AcDbEntity
  8
0
  6
Continuous
 62
    18
420
        0
370
    25
100
AcDbSpline
210
0.0
220
0.0
230
1.0
 70
     8
 71
     3
 72
     8
 73
     4
 74
     0
 42
0.000000001
 43
0.0
 40
0.0
 40
0.0
 40
0.0
 40
0.0
 40
1.0
 40
1.0
 40
1.0
 40
1.0
 10
31.96387742225847
 20
57.25680010309844
 30
0.0
 10
32.24001979717386
 20
57.25680010309844
 30
0.0
 10
32.46387742225848
 20
57.48065772818306
 30
0.0
 10
32.46387742225848
 20
57.75680010309846
 30
0.0
  0
SPLINE
  5
322
330
1F
100
AcDbEntity
  8
0
  6
Continuous
 62
    18
420
        0
370
    25
100
AcDbSpline
210
0.0
220
0.0
230
1.0
 70
     8
 71
     3
 72
     8
 73
     4
 74
     0
 42
0.000000001
 43
0.0
 40
0.0
 40
0.0
 40
0.0
 40
0.0
 40
1.0
 40
1.0
 40
1.0
 40
1.0
 10
49.33987742225846
 20
57.75680010309846
 30
0.0
 10
49.33987742225846
 20
57.48065772818305
 30
0.0
 10
49.56373504734306
 20
57.25680010309844
 30
0.0
 10
49.83987742225847
 20
57.25680010309844
 30
0.0
  0
SPLINE
  5
323
330
1F
100
AcDbEntity
  8
0
  6
Continuous
 62
    18
420
        0
370
    25
100
AcDbSpline
210
0.0
220
0.0
230
1.0
 70
     8
 71
     3
 72
     8
 73
     4
 74
     0
 42
0.000000001
 43
0.0
 40
0.0
 40
0.0
 40
0.0
 40
0.0
 40
1.0
 40
1.0
 40
1.0
 40
1.0
 10
55.83987742225847
 20
57.25680010309839
 30
0.0
 10
56.1160197971739
 20
57.25680010309839
 30
0.0
 10
56.33987742225853
 20
57.48065772818302
 30
0.0
 10
56.33987742225853
 20
57.75680010309846
 30
0.0
  0
SPLINE
  5
324
330
1F
100
AcDbEntity
  8
0
  6
Continuous
 62
    18
420
        0
370
    25
100
AcDbSpline
210
0.0
220
0.0
230
1.0
 70
     8
 71
     3
 72
     8
 73
     4
 74
     0
 42
0.000000001
 43
0.0
 40
0.0
 40
0.0
 40
0.0
 40
0.0
 40
1.0
 40
1.0
 40
1.0
 40
1.0
 10
59.30812742225847
 20
59.25680010309846
 30
0.0
 10
59.58426979717385
 20
59.25680010309846
 30
0.0
 10
59.80812742225847
 20
59.48065772818308
 30
0.0
 10
59.80812742225847
 20
59.75680010309846
 30
0.0
  0
SPLINE
  5
325
330
1F
100
AcDbEntity
  8
0
  6
Continuous
 62
    18
420
        0
370
    25
100
AcDbSpline
210
0.0
220
0.0
230
1.0
 70
     8
 71
     3
 72
     8
 73
     4
 74
     0
 42
0.000000001
 43
0.0
 40
0.0
 40
0.0
 40
0.0
 40
0.0
 40
1.0
 40
1.0
 40
1.0
 40
1.0
 10
59.80812742225847
 20
72.75680010309846
 30
0.0
 10
59.80812742225847
 20
73.03294247801387
 30
0.0
 10
59.58426979717385
 20
73.25680010309847
 30
0.0
 10
59.30812742225847
 20
73.25680010309847
 30
0.0
  0
SPLINE
  5
326
330
1F
100
AcDbEntity
  8
0
  6
Continuous
 62
    18
420
        0
370
    25
100
AcDbSpline
210
0.0
220
0.0
230
1.0
 70
     8
 71
     3
 72
     8
 73
     4
 74
     0
 42
0.000000001
 43
0.0
 40
0.0
 40
0.0
 40
0.0
 40
0.0
 40
1.0
 40
1.0
 40
1.0
 40
1.0
 10
65.35812742225848
 20
73.25680010309851
 30
0.0
 10
65.08198504734304
 20
73.25680010309851
 30
0.0
 10
64.85812742225842
 20
73.0329424780139
 30
0.0
 10
64.85812742225842
 20
72.75680010309846
 30
0.0
  0
SPLINE
  5
327
330
1F
100
AcDbEntity
  8
0
  6
Continuous
 62
    18
420
        0
370
    25
100
AcDbSpline
210
0.0
220
0.0
230
1.0
 70
     8
 71
     3
 72
     8
 73
     4
 74
     0
 42
0.000000001
 43
0.0
 40
0.0
 40
0.0
 40
0.0
 40
0.0
 40
1.0
 40
1.0
 40
1.0
 40
1.0
 10
64.85812742225842
 20
59.75680010309846
 30
0.0
 10
64.85812742225842
 20
59.48065772818303
 30
0.0
 10
65.08198504734304
 20
59.2568001030984
 30
0.0
 10
65.35812742225848
 20
59.2568001030984
 30
0.0
  0
SPLINE
  5
328
330
1F
100
AcDbEntity
  8
0
  6
Continuous
 62
    18
420
        0
370
    25
100
AcDbSpline
210
0.0
220
0.0
230
1.0
 70
     8
 71
     3
 72
     8
 73
     4
 74
     0
 42
0.000000001
 43
0.0
 40
0.0
 40
0.0
 40
0.0
 40
0.0
 40
1.0
 40
1.0
 40
1.0
 40
1.0
 10
78.35812742225848
 20
59.25680010309846
 30
0.0
 10
78.63426979717387
 20
59.25680010309846
 30
0.0
 10
78.85812742225846
 20
59.48065772818308
 30
0.0
 10
78.85812742225846
 20
59.75680010309846
 30
0.0
  0
SPLINE
  5
329
330
1F
100
AcDbEntity
  8
0
  6
Continuous
 62
    18
420
        0
370
    25
100
AcDbSpline
210
0.0
220
0.0
230
1.0
 70
     8
 71
     3
 72
     8
 73
     4
 74
     0
 42
0.000000001
 43
0.0
 40
0.0
 40
0.0
 40
0.0
 40
0.0
 40
1.0
 40
1.0
 40
1.0
 40
1.0
 10
78.85812742225846
 20
72.75680010309846
 30
0.0
 10
78.85812742225846
 20
73.03294247801387
 30
0.0
 10
78.63426979717387
 20
73.25680010309846
 30
0.0
 10
78.35812742225848
 20
73.25680010309846
 30
0.0
  0
SPLINE
  5
32A
330
1F
100
AcDbEntity
  8
0
  6
Continuous
 62
    18
420
        0
370
    25
100
AcDbSpline
210
0.0
220
0.0
230
1.0
 70
     8
 71
     3
 72
     8
 73
     4
 74
     0
 42
0.000000001
 43
0.0
 40
0.0
 40
0.0
 40
0.0
 40
0.0
 40
1.0
 40
1.0
 40
1.0
 40
1.0
 10
84.40812742225847
 20
73.25680010309851
 30
0.0
 10
84.13198504734305
 20
73.25680010309851
 30
0.0
 10
83.90812742225842
 20
73.03294247801388
 30
0.0
 10
83.90812742225842
 20
72.75680010309846
 30
0.0
  0
SPLINE
  5
32B
330
1F
100
AcDbEntity
  8
0
  6
Continuous
 62
    18
420
        0
370
    25
100
AcDbSpline
210
0.0
220
0.0
230
1.0
 70
     8
 71
     3
 72
     8
 73
     4
 74
     0
 42
0.000000001
 43
0.0
 40
0.0
 40
0.0
 40
0.0
 40
0.0
 40
1.0
 40
1.0
 40
1.0
 40
1.0
 10
83.90812742225845
 20
59.75680010309846
 30
0.0
 10
83.90812742225845
 20
59.48065772818305
 30
0.0
 10
84.13198504734306
 20
59.25680010309846
 30
0.0
 10
84.40812742225847
 20
59.25680010309846
 30
0.0
  0
SPLINE
  5
32C
330
1F
100
AcDbEntity
  8
0
  6
Continuous
 62
    18
420
        0
370
    25
100
AcDbSpline
210
0.0
220
0.0
230
1.0
 70
     8
 71
     3
 72
     8
 73
     4
 74
     0
 42
0.000000001
 43
0.0
 40
0.0
 40
0.0
 40
0.0
 40
0.0
 40
1.0
 40
1.0
 40
1.0
 40
1.0
 10
97.40812742225846
 20
59.25680010309847
 30
0.0
 10
97.68426979717385
 20
59.25680010309847
 30
0.0
 10
97.90812742225845
 20
59.48065772818308
 30
0.0
 10
97.90812742225845
 20
59.75680010309846
 30
0.0
  0
SPLINE
  5
32D
330
1F
100
AcDbEntity
  8
0
  6
Continuous
 62
    18
420
        0
370
    25
100
AcDbSpline
210
0.0
220
0.0
230
1.0
 70
     8
 71
     3
 72
     8
 73
     4
 74
     0
 42
0.000000001
 43
0.0
 40
0.0
 40
0.0
 40
0.0
 40
0.0
 40
1.0
 40
1.0
 40
1.0
 40
1.0
 10
97.90812742225845
 20
72.75680010309846
 30
0.0
 10
97.90812742225845
 20
73.03294247801385
 30
0.0
 10
97.68426979717385
 20
73.25680010309844
 30
0.0
 10
97.40812742225846
 20
73.25680010309844
 30
0.0
  0
SPLINE
  5
32E
330
1F
100
AcDbEntity
  8
0
  6
Continuous
 62
    18
420
        0
370
    25
100
AcDbSpline
210
0.0
220
0.0
230
1.0
 70
     8
 71
     3
 72
     8
 73
     4
 74
     0
 42
0.000000001
 43
0.0
 40
0.0
 40
0.0
 40
0.0
 40
0.0
 40
1.0
 40
1.0
 40
1.0
 40
1.0
 10
103.4581274222585
 20
73.25680010309847
 30
0.0
 10
103.1819850473431
 20
73.25680010309847
 30
0.0
 10
102.9581274222585
 20
73.03294247801387
 30
0.0
 10
102.9581274222585
 20
72.75680010309846
 30
0.0
  0
SPLINE
  5
32F
330
1F
100
AcDbEntity
  8
0
  6
Continuous
 62
    18
420
        0
370
    25
100
AcDbSpline
210
0.0
220
0.0
230
1.0
 70
     8
 71
     3
 72
     8
 73
     4
 74
     0
 42
0.000000001
 43
0.0
 40
0.0
 40
0.0
 40
0.0
 40
0.0
 40
1.0
 40
1.0
 40
1.0
 40
1.0
 10
102.9581274222585
 20
59.75680010309846
 30
0.0
 10
102.9581274222585
 20
59.48065772818308
 30
0.0
 10
103.1819850473431
 20
59.25680010309847
 30
0.0
 10
103.4581274222585
 20
59.25680010309847
 30
0.0
  0
SPLINE
  5
330
330
1F
100
AcDbEntity
  8
0
  6
Continuous
 62
    18
420
        0
370
    25
100
AcDbSpline
210
0.0
220
0.0
230
1.0
 70
     8
 71
     3
 72
     8
 73
     4
 74
     0
 42
0.000000001
 43
0.0
 40
0.0
 40
0.0
 40
0.0
 40
0.0
 40
1.0
 40
1.0
 40
1.0
 40
1.0
 10
116.4581274222585
 20
59.25680010309846
 30
0.0
 10
116.7342697971739
 20
59.25680010309846
 30
0.0
 10
116.9581274222585
 20
59.48065772818305
 30
0.0
 10
116.9581274222585
 20
59.75680010309846
 30
0.0
  0
SPLINE
  5
331
330
1F
100
AcDbEntity
  8
0
  6
Continuous
 62
    18
420
        0
370
    25
100
AcDbSpline
210
0.0
220
0.0
230
1.0
 70
     8
 71
     3
 72
     8
 73
     4
 74
     0
 42
0.000000001
 43
0.0
 40
0.0
 40
0.0
 40
0.0
 40
0.0
 40
1.0
 40
1.0
 40
1.0
 40
1.0
 10
116.9581274222585
 20
72.75680010309846
 30
0.0
 10
116.9581274222585
 20
73.03294247801387
 30
0.0
 10
116.7342697971739
 20
73.25680010309848
 30
0.0
 10
116.4581274222585
 20
73.25680010309848
 30
0.0
  0
SPLINE
  5
332
330
1F
100
AcDbEntity
  8
0
  6
Continuous
 62
    18
420
        0
370
    25
100
AcDbSpline
210
0.0
220
0.0
230
1.0
 70
     8
 71
     3
 72
     8
 73
     4
 74
     0
 42
0.000000001
 43
0.0
 40
0.0
 40
0.0
 40
0.0
 40
0.0
 40
1.0
 40
1.0
 40
1.0
 40
1.0
 10
122.5081274222585
 20
73.25680010309844
 30
0.0
 10
122.2319850473431
 20
73.25680010309844
 30
0.0
 10
122.0081274222585
 20
73.03294247801385
 30
0.0
 10
122.0081274222585
 20
72.75680010309846
 30
0.0
  0
SPLINE
  5
333
330
1F
100
AcDbEntity
  8
0
  6
Continuous
 62
    18
420
        0
370
    25
100
AcDbSpline
210
0.0
220
0.0
230
1.0
 70
     8
 71
     3
 72
     8
 73
     4
 74
     0
 42
0.000000001
 43
0.0
 40
0.0
 40
0.0
 40
0.0
 40
0.0
 40
1.0
 40
1.0
 40
1.0
 40
1.0
 10
122.0081274222585
 20
59.75680010309846
 30
0.0
 10
122.0081274222585
 20
59.48065772818308
 30
0.0
 10
122.2319850473431
 20
59.25680010309847
 30
0.0
 10
122.5081274222585
 20
59.25680010309847
 30
0.0
  0
SPLINE
  5
334
330
1F
100
AcDbEntity
  8
0
  6
Continuous
 62
    18
420
        0
370
    25
100
AcDbSpline
210
0.0
220
0.0
230
1.0
 70
     8
 71
     3
 72
     8
 73
     4
 74
     0
 42
0.000000001
 43
0.0
 40
0.0
 40
0.0
 40
0.0
 40
0.0
 40
1.0
 40
1.0
 40
1.0
 40
1.0
 10
135.5081274222585
 20
59.25680010309846
 30
0.0
 10
135.7842697971739
 20
59.25680010309846
 30
0.0
 10
136.0081274222585
 20
59.48065772818308
 30
0.0
 10
136.0081274222585
 20
59.75680010309846
 30
0.0
  0
SPLINE
  5
335
330
1F
100
AcDbEntity
  8
0
  6
Continuous
 62
    18
420
        0
370
    25
100
AcDbSpline
210
0.0
220
0.0
230
1.0
 70
     8
 71
     3
 72
     8
 73
     4
 74
     0
 42
0.000000001
 43
0.0
 40
0.0
 40
0.0
 40
0.0
 40
0.0
 40
1.0
 40
1.0
 40
1.0
 40
1.0
 10
136.0081274222585
 20
72.75680010309846
 30
0.0
 10
136.0081274222585
 20
73.03294247801387
 30
0.0
 10
135.7842697971739
 20
73.25680010309846
 30
0.0
 10
135.5081274222585
 20
73.25680010309846
 30
0.0
  0
SPLINE
  5
336
330
1F
100
AcDbEntity
  8
0
  6
Continuous
 62
    18
420
        0
370
    25
100
AcDbSpline
210
0.0
220
0.0
230
1.0
 70
     8
 71
     3
 72
     8
 73
     4
 74
     0
 42
0.000000001
 43
0.0
 40
0.0
 40
0.0
 40
0.0
 40
0.0
 40
1.0
 40
1.0
 40
1.0
 40
1.0
 10
141.5581274222585
 20
73.25680010309844
 30
0.0
 10
141.2819850473431
 20
73.25680010309844
 30
0.0
 10
141.0581274222585
 20
73.03294247801385
 30
0.0
 10
141.0581274222585
 20
72.75680010309846
 30
0.0
  0
SPLINE
  5
337
330
1F
100
AcDbEntity
  8
0
  6
Continuous
 62
    18
420
        0
370
    25
100
AcDbSpline
210
0.0
220
0.0
230
1.0
 70
     8
 71
     3
 72
     8
 73
     4
 74
     0
 42
0.000000001
 43
0.0
 40
0.0
 40
0.0
 40
0.0
 40
0.0
 40
1.0
 40
1.0
 40
1.0
 40
1.0
 10
141.0581274222585
 20
59.75680010309846
 30
0.0
 10
141.0581274222585
 20
59.48065772818308
 30
0.0
 10
141.2819850473431
 20
59.25680010309846
 30
0.0
 10
141.5581274222585
 20
59.25680010309846
 30
0.0
  0
SPLINE
  5
338
330
1F
100
AcDbEntity
  8
0
  6
Continuous
 62
    18
420
        0
370
    25
100
AcDbSpline
210
0.0
220
0.0
230
1.0
 70
     8
 71
     3
 72
     8
 73
     4
 74
     0
 42
0.000000001
 43
0.0
 40
0.0
 40
0.0
 40
0.0
 40
0.0
 40
1.0
 40
1.0
 40
1.0
 40
1.0
 10
154.5581274222585
 20
59.25680010309846
 30
0.0
 10
154.8342697971739
 20
59.25680010309846
 30
0.0
 10
155.0581274222585
 20
59.48065772818308
 30
0.0
 10
155.0581274222585
 20
59.75680010309846
 30
0.0
  0
SPLINE
  5
339
330
1F
100
AcDbEntity
  8
0
  6
Continuous
 62
    18
420
        0
370
    25
100
AcDbSpline
210
0.0
220
0.0
230
1.0
 70
     8
 71
     3
 72
     8
 73
     4
 74
     0
 42
0.000000001
 43
0.0
 40
0.0
 40
0.0
 40
0.0
 40
0.0
 40
1.0
 40
1.0
 40
1.0
 40
1.0
 10
155.0581274222585
 20
72.75680010309846
 30
0.0
 10
155.0581274222585
 20
73.03294247801387
 30
0.0
 10
154.8342697971739
 20
73.25680010309847
 30
0.0
 10
154.5581274222585
 20
73.25680010309847
 30
0.0
  0
SPLINE
  5
33A
330
1F
100
AcDbEntity
  8
0
  6
Continuous
 62
    18
420
        0
370
    25
100
AcDbSpline
210
0.0
220
0.0
230
1.0
 70
     8
 71
     3
 72
     8
 73
     4
 74
     0
 42
0.000000001
 43
0.0
 40
0.0
 40
0.0
 40
0.0
 40
0.0
 40
1.0
 40
1.0
 40
1.0
 40
1.0
 10
160.6081274222585
 20
73.25680010309847
 30
0.0
 10
160.3319850473431
 20
73.25680010309847
 30
0.0
 10
160.1081274222585
 20
73.03294247801387
 30
0.0
 10
160.1081274222585
 20
72.75680010309846
 30
0.0
  0
SPLINE
  5
33B
330
1F
100
AcDbEntity
  8
0
  6
Continuous
 62
    18
420
        0
370
    25
100
AcDbSpline
210
0.0
220
0.0
230
1.0
 70
     8
 71
     3
 72
     8
 73
     4
 74
     0
 42
0.000000001
 43
0.0
 40
0.0
 40
0.0
 40
0.0
 40
0.0
 40
1.0
 40
1.0
 40
1.0
 40
1.0
 10
160.1081274222585
 20
59.75680010309846
 30
0.0
 10
160.1081274222585
 20
59.48065772818308
 30
0.0
 10
160.3319850473431
 20
59.25680010309846
 30
0.0
 10
160.6081274222585
 20
59.25680010309846
 30
0.0
  0
SPLINE
  5
33C
330
1F
100
AcDbEntity
  8
0
  6
Continuous
 62
    18
420
        0
370
    25
100
AcDbSpline
210
0.0
220
0.0
230
1.0
 70
     8
 71
     3
 72
     8
 73
     4
 74
     0
 42
0.000000001
 43
0.0
 40
0.0
 40
0.0
 40
0.0
 40
0.0
 40
1.0
 40
1.0
 40
1.0
 40
1.0
 10
173.6081274222585
 20
59.25680010309846
 30
0.0
 10
173.8842697971739
 20
59.25680010309846
 30
0.0
 10
174.1081274222585
 20
59.48065772818308
 30
0.0
 10
174.1081274222585
 20
59.75680010309846
 30
0.0
  0
SPLINE
  5
33D
330
1F
100
AcDbEntity
  8
0
  6
Continuous
 62
    18
420
        0
370
    25
100
AcDbSpline
210
0.0
220
0.0
230
1.0
 70
     8
 71
     3
 72
     8
 73
     4
 74
     0
 42
0.000000001
 43
0.0
 40
0.0
 40
0.0
 40
0.0
 40
0.0
 40
1.0
 40
1.0
 40
1.0
 40
1.0
 10
174.1081274222585
 20
72.75680010309846
 30
0.0
 10
174.1081274222585
 20
73.03294247801387
 30
0.0
 10
173.8842697971739
 20
73.25680010309847
 30
0.0
 10
173.6081274222585
 20
73.25680010309847
 30
0.0
  0
SPLINE
  5
33E
330
1F
100
AcDbEntity
  8
0
  6
Continuous
 62
    18
420
        0
370
    25
100
AcDbSpline
210
0.0
220
0.0
230
1.0
 70
     8
 71
     3
 72
     8
 73
     4
 74
     0
 42
0.000000001
 43
0.0
 40
0.0
 40
0.0
 40
0.0
 40
0.0
 40
1.0
 40
1.0
 40
1.0
 40
1.0
 10
179.6581274222585
 20
73.25680010309847
 30
0.0
 10
179.3819850473431
 20
73.25680010309847
 30
0.0
 10
179.1581274222585
 20
73.03294247801387
 30
0.0
 10
179.1581274222585
 20
72.75680010309846
 30
0.0
  0
SPLINE
  5
33F
330
1F
100
AcDbEntity
  8
0
  6
Continuous
 62
    18
420
        0
370
    25
100
AcDbSpline
210
0.0
220
0.0
230
1.0
 70
     8
 71
     3
 72
     8
 73
     4
 74
     0
 42
0.000000001
 43
0.0
 40
0.0
 40
0.0
 40
0.0
 40
0.0
 40
1.0
 40
1.0
 40
1.0
 40
1.0
 10
179.1581274222585
 20
59.75680010309846
 30
0.0
 10
179.1581274222585
 20
59.48065772818308
 30
0.0
 10
179.3819850473431
 20
59.25680010309846
 30
0.0
 10
179.6581274222585
 20
59.25680010309846
 30
0.0
  0
SPLINE
  5
340
330
1F
100
AcDbEntity
  8
0
  6
Continuous
 62
    18
420
        0
370
    25
100
AcDbSpline
210
0.0
220
0.0
230
1.0
 70
     8
 71
     3
 72
     8
 73
     4
 74
     0
 42
0.000000001
 43
0.0
 40
0.0
 40
0.0
 40
0.0
 40
0.0
 40
1.0
 40
1.0
 40
1.0
 40
1.0
 10
192.6581274222585
 20
59.25680010309846
 30
0.0
 10
192.9342697971739
 20
59.25680010309846
 30
0.0
 10
193.1581274222585
 20
59.48065772818305
 30
0.0
 10
193.1581274222585
 20
59.75680010309846
 30
0.0
  0
SPLINE
  5
341
330
1F
100
AcDbEntity
  8
0
  6
Continuous
 62
    18
420
        0
370
    25
100
AcDbSpline
210
0.0
220
0.0
230
1.0
 70
     8
 71
     3
 72
     8
 73
     4
 74
     0
 42
0.000000001
 43
0.0
 40
0.0
 40
0.0
 40
0.0
 40
0.0
 40
1.0
 40
1.0
 40
1.0
 40
1.0
 10
193.1581274222584
 20
72.75680010309846
 30
0.0
 10
193.1581274222584
 20
73.03294247801385
 30
0.0
 10
192.9342697971739
 20
73.25680010309844
 30
0.0
 10
192.6581274222585
 20
73.25680010309844
 30
0.0
  0
SPLINE
  5
342
330
1F
100
AcDbEntity
  8
0
  6
Continuous
 62
    18
420
        0
370
    25
100
AcDbSpline
210
0.0
220
0.0
230
1.0
 70
     8
 71
     3
 72
     8
 73
     4
 74
     0
 42
0.000000001
 43
0.0
 40
0.0
 40
0.0
 40
0.0
 40
0.0
 40
1.0
 40
1.0
 40
1.0
 40
1.0
 10
198.7081274222585
 20
73.25680010309846
 30
0.0
 10
198.4319850473431
 20
73.25680010309846
 30
0.0
 10
198.2081274222585
 20
73.03294247801387
 30
0.0
 10
198.2081274222585
 20
72.75680010309846
 30
0.0
  0
SPLINE
  5
343
330
1F
100
AcDbEntity
  8
0
  6
Continuous
 62
    18
420
        0
370
    25
100
AcDbSpline
210
0.0
220
0.0
230
1.0
 70
     8
 71
     3
 72
     8
 73
     4
 74
     0
 42
0.000000001
 43
0.0
 40
0.0
 40
0.0
 40
0.0
 40
0.0
 40
1.0
 40
1.0
 40
1.0
 40
1.0
 10
198.2081274222585
 20
59.75680010309846
 30
0.0
 10
198.2081274222585
 20
59.48065772818308
 30
0.0
 10
198.4319850473431
 20
59.25680010309847
 30
0.0
 10
198.7081274222585
 20
59.25680010309847
 30
0.0
  0
SPLINE
  5
344
330
1F
100
AcDbEntity
  8
0
  6
Continuous
 62
    18
420
        0
370
    25
100
AcDbSpline
210
0.0
220
0.0
230
1.0
 70
     8
 71
     3
 72
     8
 73
     4
 74
     0
 42
0.000000001
 43
0.0
 40
0.0
 40
0.0
 40
0.0
 40
0.0
 40
1.0
 40
1.0
 40
1.0
 40
1.0
 10
211.7081274222585
 20
59.25680010309846
 30
0.0
 10
211.9842697971739
 20
59.25680010309846
 30
0.0
 10
212.2081274222585
 20
59.48065772818308
 30
0.0
 10
212.2081274222585
 20
59.75680010309846
 30
0.0
  0
SPLINE
  5
345
330
1F
100
AcDbEntity
  8
0
  6
Continuous
 62
    18
420
        0
370
    25
100
AcDbSpline
210
0.0
220
0.0
230
1.0
 70
     8
 71
     3
 72
     8
 73
     4
 74
     0
 42
0.000000001
 43
0.0
 40
0.0
 40
0.0
 40
0.0
 40
0.0
 40
1.0
 40
1.0
 40
1.0
 40
1.0
 10
212.2081274222585
 20
72.75680010309846
 30
0.0
 10
212.2081274222585
 20
73.03294247801387
 30
0.0
 10
211.9842697971739
 20
73.25680010309847
 30
0.0
 10
211.7081274222585
 20
73.25680010309847
 30
0.0
  0
SPLINE
  5
346
330
1F
100
AcDbEntity
  8
0
  6
Continuous
 62
    18
420
        0
370
    25
100
AcDbSpline
210
0.0
220
0.0
230
1.0
 70
     8
 71
     3
 72
     8
 73
     4
 74
     0
 42
0.000000001
 43
0.0
 40
0.0
 40
0.0
 40
0.0
 40
0.0
 40
1.0
 40
1.0
 40
1.0
 40
1.0
 10
217.7581274222585
 20
73.25680010309848
 30
0.0
 10
217.4819850473431
 20
73.25680010309848
 30
0.0
 10
217.2581274222585
 20
73.03294247801387
 30
0.0
 10
217.2581274222585
 20
72.75680010309846
 30
0.0
  0
SPLINE
  5
347
330
1F
100
AcDbEntity
  8
0
  6
Continuous
 62
    18
420
        0
370
    25
100
AcDbSpline
210
0.0
220
0.0
230
1.0
 70
     8
 71
     3
 72
     8
 73
     4
 74
     0
 42
0.000000001
 43
0.0
 40
0.0
 40
0.0
 40
0.0
 40
0.0
 40
1.0
 40
1.0
 40
1.0
 40
1.0
 10
217.2581274222585
 20
59.75680010309846
 30
0.0
 10
217.2581274222585
 20
59.48065772818308
 30
0.0
 10
217.4819850473431
 20
59.25680010309847
 30
0.0
 10
217.7581274222585
 20
59.25680010309847
 30
0.0
  0
SPLINE
  5
348
330
1F
100
AcDbEntity
  8
0
  6
Continuous
 62
    18
420
        0
370
    25
100
AcDbSpline
210
0.0
220
0.0
230
1.0
 70
     8
 71
     3
 72
     8
 73
     4
 74
     0
 42
0.000000001
 43
0.0
 40
0.0
 40
0.0
 40
0.0
 40
0.0
 40
1.0
 40
1.0
 40
1.0
 40
1.0
 10
230.7581274222585
 20
59.25680010309846
 30
0.0
 10
231.0342697971739
 20
59.25680010309846
 30
0.0
 10
231.2581274222585
 20
59.48065772818305
 30
0.0
 10
231.2581274222585
 20
59.75680010309846
 30
0.0
  0
SPLINE
  5
349
330
1F
100
AcDbEntity
  8
0
  6
Continuous
 62
    18
420
        0
370
    25
100
AcDbSpline
210
0.0
220
0.0
230
1.0
 70
     8
 71
     3
 72
     8
 73
     4
 74
     0
 42
0.000000001
 43
0.0
 40
0.0
 40
0.0
 40
0.0
 40
0.0
 40
1.0
 40
1.0
 40
1.0
 40
1.0
 10
231.2581274222584
 20
72.75680010309846
 30
0.0
 10
231.2581274222584
 20
73.03294247801385
 30
0.0
 10
231.0342697971739
 20
73.25680010309844
 30
0.0
 10
230.7581274222585
 20
73.25680010309844
 30
0.0
  0
SPLINE
  5
34A
330
1F
100
AcDbEntity
  8
0
  6
Continuous
 62
    18
420
        0
370
    25
100
AcDbSpline
210
0.0
220
0.0
230
1.0
 70
     8
 71
     3
 72
     8
 73
     4
 74
     0
 42
0.000000001
 43
0.0
 40
0.0
 40
0.0
 40
0.0
 40
0.0
 40
1.0
 40
1.0
 40
1.0
 40
1.0
 10
236.8081274222585
 20
73.25680010309848
 30
0.0
 10
236.5319850473431
 20
73.25680010309848
 30
0.0
 10
236.3081274222585
 20
73.03294247801387
 30
0.0
 10
236.3081274222585
 20
72.75680010309846
 30
0.0
  0
SPLINE
  5
34B
330
1F
100
AcDbEntity
  8
0
  6
Continuous
 62
    18
420
        0
370
    25
100
AcDbSpline
210
0.0
220
0.0
230
1.0
 70
     8
 71
     3
 72
     8
 73
     4
 74
     0
 42
0.000000001
 43
0.0
 40
0.0
 40
0.0
 40
0.0
 40
0.0
 40
1.0
 40
1.0
 40
1.0
 40
1.0
 10
236.3081274222584
 20
59.75680010309846
 30
0.0
 10
236.3081274222584
 20
59.48065772818303
 30
0.0
 10
236.5319850473431
 20
59.25680010309841
 30
0.0
 10
236.8081274222585
 20
59.25680010309841
 30
0.0
  0
SPLINE
  5
34C
330
1F
100
AcDbEntity
  8
0
  6
Continuous
 62
    18
420
        0
370
    25
100
AcDbSpline
210
0.0
220
0.0
230
1.0
 70
     8
 71
     3
 72
     8
 73
     4
 74
     0
 42
0.000000001
 43
0.0
 40
0.0
 40
0.0
 40
0.0
 40
0.0
 40
1.0
 40
1.0
 40
1.0
 40
1.0
 10
249.8081274222585
 20
59.25680010309846
 30
0.0
 10
250.0842697971739
 20
59.25680010309846
 30
0.0
 10
250.3081274222585
 20
59.48065772818305
 30
0.0
 10
250.3081274222585
 20
59.75680010309846
 30
0.0
  0
SPLINE
  5
34D
330
1F
100
AcDbEntity
  8
0
  6
Continuous
 62
    18
420
        0
370
    25
100
AcDbSpline
210
0.0
220
0.0
230
1.0
 70
     8
 71
     3
 72
     8
 73
     4
 74
     0
 42
0.000000001
 43
0.0
 40
0.0
 40
0.0
 40
0.0
 40
0.0
 40
1.0
 40
1.0
 40
1.0
 40
1.0
 10
250.3081274222585
 20
72.75680010309846
 30
0.0
 10
250.3081274222585
 20
73.03294247801387
 30
0.0
 10
250.0842697971738
 20
73.25680010309846
 30
0.0
 10
249.8081274222585
 20
73.25680010309846
 30
0.0
  0
SPLINE
  5
34E
330
1F
100
AcDbEntity
  8
0
  6
Continuous
 62
    18
420
        0
370
    25
100
AcDbSpline
210
0.0
220
0.0
230
1.0
 70
     8
 71
     3
 72
     8
 73
     4
 74
     0
 42
0.000000001
 43
0.0
 40
0.0
 40
0.0
 40
0.0
 40
0.0
 40
1.0
 40
1.0
 40
1.0
 40
1.0
 10
263.0018774222585
 20
73.2568001030985
 30
0.0
 10
262.7257350473431
 20
73.2568001030985
 30
0.0
 10
262.5018774222585
 20
73.03294247801387
 30
0.0
 10
262.5018774222585
 20
72.75680010309846
 30
0.0
  0
SPLINE
  5
34F
330
1F
100
AcDbEntity
  8
0
  6
Continuous
 62
    18
420
        0
370
    25
100
AcDbSpline
210
0.0
220
0.0
230
1.0
 70
     8
 71
     3
 72
     8
 73
     4
 74
     0
 42
0.000000001
 43
0.0
 40
0.0
 40
0.0
 40
0.0
 40
0.0
 40
1.0
 40
1.0
 40
1.0
 40
1.0
 10
262.5018774222585
 20
59.75680010309846
 30
0.0
 10
262.5018774222585
 20
59.48065772818308
 30
0.0
 10
262.7257350473431
 20
59.25680010309846
 30
0.0
 10
263.0018774222585
 20
59.25680010309846
 30
0.0
  0
SPLINE
  5
350
330
1F
100
AcDbEntity
  8
0
  6
Continuous
 62
    18
420
        0
370
    25
100
AcDbSpline
210
0.0
220
0.0
230
1.0
 70
     8
 71
     3
 72
     8
 73
     4
 74
     0
 42
0.000000001
 43
0.0
 40
0.0
 40
0.0
 40
0.0
 40
0.0
 40
1.0
 40
1.0
 40
1.0
 40
1.0
 10
276.0018774222584
 20
59.25680010309847
 30
0.0
 10
276.2780197971738
 20
59.25680010309847
 30
0.0
 10
276.5018774222585
 20
59.48065772818308
 30
0.0
 10
276.5018774222585
 20
59.75680010309846
 30
0.0
  0
SPLINE
  5
351
330
1F
100
AcDbEntity
  8
0
  6
Continuous
 62
    18
420
        0
370
    25
100
AcDbSpline
210
0.0
220
0.0
230
1.0
 70
     8
 71
     3
 72
     8
 73
     4
 74
     0
 42
0.000000001
 43
0.0
 40
0.0
 40
0.0
 40
0.0
 40
0.0
 40
1.0
 40
1.0
 40
1.0
 40
1.0
 10
276.5018774222585
 20
72.75680010309846
 30
0.0
 10
276.5018774222585
 20
73.03294247801387
 30
0.0
 10
276.2780197971739
 20
73.25680010309848
 30
0.0
 10
276.0018774222584
 20
73.25680010309848
 30
0.0
  0
SPLINE
  5
352
330
1F
100
AcDbEntity
  8
0
  6
Continuous
 62
    18
420
        0
370
    25
100
AcDbSpline
210
0.0
220
0.0
230
1.0
 70
     8
 71
     3
 72
     8
 73
     4
 74
     0
 42
0.000000001
 43
0.0
 40
0.0
 40
0.0
 40
0.0
 40
0.0
 40
1.0
 40
1.0
 40
1.0
 40
1.0
 10
258.5018774222585
 20
73.25680010309841
 30
0.0
 10
258.2257350473431
 20
73.25680010309841
 30
0.0
 10
258.0018774222585
 20
73.03294247801384
 30
0.0
 10
258.0018774222585
 20
72.75680010309846
 30
0.0
  0
SPLINE
  5
353
330
1F
100
AcDbEntity
  8
0
  6
Continuous
 62
    18
420
        0
370
    25
100
AcDbSpline
210
0.0
220
0.0
230
1.0
 70
     8
 71
     3
 72
     8
 73
     4
 74
     0
 42
0.000000001
 43
0.0
 40
0.0
 40
0.0
 40
0.0
 40
0.0
 40
1.0
 40
1.0
 40
1.0
 40
1.0
 10
258.0018774222585
 20
59.75680010309846
 30
0.0
 10
258.0018774222585
 20
59.48065772818305
 30
0.0
 10
258.2257350473431
 20
59.25680010309843
 30
0.0
 10
258.5018774222585
 20
59.25680010309843
 30
0.0
  0
SPLINE
  5
354
330
1F
100
AcDbEntity
  8
0
  6
Continuous
 62
    18
420
        0
370
    25
100
AcDbSpline
210
0.0
220
0.0
230
1.0
 70
     8
 71
     3
 72
     8
 73
     4
 74
     0
 42
0.000000001
 43
0.0
 40
0.0
 40
0.0
 40
0.0
 40
0.0
 40
1.0
 40
1.0
 40
1.0
 40
1.0
 10
259.0018774222585
 20
59.25680010309841
 30
0.0
 10
259.2780197971739
 20
59.25680010309841
 30
0.0
 10
259.5018774222585
 20
59.48065772818303
 30
0.0
 10
259.5018774222585
 20
59.75680010309846
 30
0.0
  0
SPLINE
  5
355
330
1F
100
AcDbEntity
  8
0
  6
Continuous
 62
    18
420
        0
370
    25
100
AcDbSpline
210
0.0
220
0.0
230
1.0
 70
     8
 71
     3
 72
     8
 73
     4
 74
     0
 42
0.000000001
 43
0.0
 40
0.0
 40
0.0
 40
0.0
 40
0.0
 40
1.0
 40
1.0
 40
1.0
 40
1.0
 10
259.5018774222585
 20
72.75680010309846
 30
0.0
 10
259.5018774222585
 20
73.03294247801387
 30
0.0
 10
259.2780197971739
 20
73.25680010309848
 30
0.0
 10
259.0018774222585
 20
73.25680010309848
 30
0.0
  0
SPLINE
  5
356
330
1F
100
AcDbEntity
  8
0
  6
Continuous
 62
    18
420
        0
370
    25
100
AcDbSpline
210
0.0
220
0.0
230
1.0
 70
     8
 71
     3
 72
     8
 73
     4
 74
     0
 42
0.000000001
 43
0.0
 40
0.0
 40
0.0
 40
0.0
 40
0.0
 40
1.0
 40
1.0
 40
1.0
 40
1.0
 10
280.0018774222585
 20
73.25680010309856
 30
0.0
 10
279.7257350473431
 20
73.25680010309856
 30
0.0
 10
279.5018774222584
 20
73.03294247801391
 30
0.0
 10
279.5018774222584
 20
72.75680010309846
 30
0.0
  0
SPLINE
  5
357
330
1F
100
AcDbEntity
  8
0
  6
Continuous
 62
    18
420
        0
370
    25
100
AcDbSpline
210
0.0
220
0.0
230
1.0
 70
     8
 71
     3
 72
     8
 73
     4
 74
     0
 42
0.000000001
 43
0.0
 40
0.0
 40
0.0
 40
0.0
 40
0.0
 40
1.0
 40
1.0
 40
1.0
 40
1.0
 10
279.5018774222585
 20
59.75680010309846
 30
0.0
 10
279.5018774222585
 20
59.48065772818308
 30
0.0
 10
279.7257350473431
 20
59.25680010309846
 30
0.0
 10
280.0018774222585
 20
59.25680010309846
 30
0.0
  0
SPLINE
  5
358
330
1F
100
AcDbEntity
  8
0
  6
Continuous
 62
    18
420
        0
370
    25
100
AcDbSpline
210
0.0
220
0.0
230
1.0
 70
     8
 71
     3
 72
     8
 73
     4
 74
     0
 42
0.000000001
 43
0.0
 40
0.0
 40
0.0
 40
0.0
 40
0.0
 40
1.0
 40
1.0
 40
1.0
 40
1.0
 10
280.5018774222585
 20
59.2568001030985
 30
0.0
 10
280.7780197971738
 20
59.2568001030985
 30
0.0
 10
281.0018774222584
 20
59.48065772818309
 30
0.0
 10
281.0018774222584
 20
59.75680010309846
 30
0.0
  0
SPLINE
  5
359
330
1F
100
AcDbEntity
  8
0
  6
Continuous
 62
    18
420
        0
370
    25
100
AcDbSpline
210
0.0
220
0.0
230
1.0
 70
     8
 71
     3
 72
     8
 73
     4
 74
     0
 42
0.000000001
 43
0.0
 40
0.0
 40
0.0
 40
0.0
 40
0.0
 40
1.0
 40
1.0
 40
1.0
 40
1.0
 10
281.0018774222585
 20
72.75680010309846
 30
0.0
 10
281.0018774222585
 20
73.03294247801387
 30
0.0
 10
280.7780197971739
 20
73.25680010309848
 30
0.0
 10
280.5018774222585
 20
73.25680010309848
 30
0.0
  0
SPLINE
  5
35A
330
1F
100
AcDbEntity
  8
0
  6
Continuous
 62
    18
420
        0
370
    25
100
AcDbSpline
210
0.0
220
0.0
230
1.0
 70
     8
 71
     3
 72
     8
 73
     4
 74
     0
 42
0.000000001
 43
0.0
 40
0.0
 40
0.0
 40
0.0
 40
0.0
 40
1.0
 40
1.0
 40
1.0
 40
1.0
 10
22.75812742225848
 20
54.20680010309844
 30
0.0
 10
22.48198504734308
 20
54.20680010309844
 30
0.0
 10
22.25812742225849
 20
53.98294247801384
 30
0.0
 10
22.25812742225849
 20
53.70680010309846
 30
0.0
  0
SPLINE
  5
35B
330
1F
100
AcDbEntity
  8
0
  6
Continuous
 62
    18
420
        0
370
    25
100
AcDbSpline
210
0.0
220
0.0
230
1.0
 70
     8
 71
     3
 72
     8
 73
     4
 74
     0
 42
0.000000001
 43
0.0
 40
0.0
 40
0.0
 40
0.0
 40
0.0
 40
1.0
 40
1.0
 40
1.0
 40
1.0
 10
22.25812742225847
 20
40.70680010309846
 30
0.0
 10
22.25812742225847
 20
40.43065772818308
 30
0.0
 10
22.48198504734306
 20
40.20680010309846
 30
0.0
 10
22.75812742225848
 20
40.20680010309846
 30
0.0
  0
SPLINE
  5
35C
330
1F
100
AcDbEntity
  8
0
  6
Continuous
 62
    18
420
        0
370
    25
100
AcDbSpline
210
0.0
220
0.0
230
1.0
 70
     8
 71
     3
 72
     8
 73
     4
 74
     0
 42
0.000000001
 43
0.0
 40
0.0
 40
0.0
 40
0.0
 40
0.0
 40
1.0
 40
1.0
 40
1.0
 40
1.0
 10
23.25812742225848
 20
40.2068001030984
 30
0.0
 10
23.53426979717391
 20
40.2068001030984
 30
0.0
 10
23.75812742225855
 20
40.43065772818304
 30
0.0
 10
23.75812742225855
 20
40.70680010309846
 30
0.0
  0
SPLINE
  5
35D
330
1F
100
AcDbEntity
  8
0
  6
Continuous
 62
    18
420
        0
370
    25
100
AcDbSpline
210
0.0
220
0.0
230
1.0
 70
     8
 71
     3
 72
     8
 73
     4
 74
     0
 42
0.000000001
 43
0.0
 40
0.0
 40
0.0
 40
0.0
 40
0.0
 40
1.0
 40
1.0
 40
1.0
 40
1.0
 10
23.75812742225855
 20
53.70680010309846
 30
0.0
 10
23.75812742225855
 20
53.98294247801388
 30
0.0
 10
23.53426979717391
 20
54.20680010309852
 30
0.0
 10
23.25812742225848
 20
54.20680010309852
 30
0.0
  0
SPLINE
  5
35E
330
1F
100
AcDbEntity
  8
0
  6
Continuous
 62
    18
420
        0
370
    25
100
AcDbSpline
210
0.0
220
0.0
230
1.0
 70
     8
 71
     3
 72
     8
 73
     4
 74
     0
 42
0.000000001
 43
0.0
 40
0.0
 40
0.0
 40
0.0
 40
0.0
 40
1.0
 40
1.0
 40
1.0
 40
1.0
 10
44.25812742225848
 20
54.2068001030985
 30
0.0
 10
43.98198504734304
 20
54.2068001030985
 30
0.0
 10
43.75812742225843
 20
53.98294247801388
 30
0.0
 10
43.75812742225843
 20
53.70680010309846
 30
0.0
  0
SPLINE
  5
35F
330
1F
100
AcDbEntity
  8
0
  6
Continuous
 62
    18
420
        0
370
    25
100
AcDbSpline
210
0.0
220
0.0
230
1.0
 70
     8
 71
     3
 72
     8
 73
     4
 74
     0
 42
0.000000001
 43
0.0
 40
0.0
 40
0.0
 40
0.0
 40
0.0
 40
1.0
 40
1.0
 40
1.0
 40
1.0
 10
43.75812742225847
 20
40.70680010309846
 30
0.0
 10
43.75812742225847
 20
40.43065772818305
 30
0.0
 10
43.98198504734307
 20
40.20680010309843
 30
0.0
 10
44.25812742225848
 20
40.20680010309843
 30
0.0
  0
SPLINE
  5
360
330
1F
100
AcDbEntity
  8
0
  6
Continuous
 62
    18
420
        0
370
    25
100
AcDbSpline
210
0.0
220
0.0
230
1.0
 70
     8
 71
     3
 72
     8
 73
     4
 74
     0
 42
0.000000001
 43
0.0
 40
0.0
 40
0.0
 40
0.0
 40
0.0
 40
1.0
 40
1.0
 40
1.0
 40
1.0
 10
44.75812742225848
 20
40.20680010309843
 30
0.0
 10
45.03426979717389
 20
40.20680010309843
 30
0.0
 10
45.25812742225849
 20
40.43065772818305
 30
0.0
 10
45.25812742225849
 20
40.70680010309846
 30
0.0
  0
SPLINE
  5
361
330
1F
100
AcDbEntity
  8
0
  6
Continuous
 62
    18
420
        0
370
    25
100
AcDbSpline
210
0.0
220
0.0
230
1.0
 70
     8
 71
     3
 72
     8
 73
     4
 74
     0
 42
0.000000001
 43
0.0
 40
0.0
 40
0.0
 40
0.0
 40
0.0
 40
1.0
 40
1.0
 40
1.0
 40
1.0
 10
45.25812742225847
 20
53.70680010309846
 30
0.0
 10
45.25812742225847
 20
53.98294247801384
 30
0.0
 10
45.03426979717387
 20
54.20680010309846
 30
0.0
 10
44.75812742225848
 20
54.20680010309846
 30
0.0
  0
SPLINE
  5
362
330
1F
100
AcDbEntity
  8
0
  6
Continuous
 62
    18
420
        0
370
    25
100
AcDbSpline
210
0.0
220
0.0
230
1.0
 70
     8
 71
     3
 72
     8
 73
     4
 74
     0
 42
0.000000001
 43
0.0
 40
0.0
 40
0.0
 40
0.0
 40
0.0
 40
1.0
 40
1.0
 40
1.0
 40
1.0
 10
40.75812742225847
 20
53.70680010309846
 30
0.0
 10
40.75812742225847
 20
53.98294247801387
 30
0.0
 10
40.53426979717386
 20
54.20680010309846
 30
0.0
 10
40.25812742225846
 20
54.20680010309846
 30
0.0
  0
SPLINE
  5
363
330
1F
100
AcDbEntity
  8
0
  6
Continuous
 62
    18
420
        0
370
    25
100
AcDbSpline
210
0.0
220
0.0
230
1.0
 70
     8
 71
     3
 72
     8
 73
     4
 74
     0
 42
0.000000001
 43
0.0
 40
0.0
 40
0.0
 40
0.0
 40
0.0
 40
1.0
 40
1.0
 40
1.0
 40
1.0
 10
24.87687742225847
 20
54.20680010309846
 30
0.0
 10
24.60073504734308
 20
54.20680010309846
 30
0.0
 10
24.37687742225847
 20
53.98294247801387
 30
0.0
 10
24.37687742225847
 20
53.70680010309846
 30
0.0
  0
SPLINE
  5
364
330
1F
100
AcDbEntity
  8
0
  6
Continuous
 62
    18
420
        0
370
    25
100
AcDbSpline
210
0.0
220
0.0
230
1.0
 70
     8
 71
     3
 72
     8
 73
     4
 74
     0
 42
0.000000001
 43
0.0
 40
0.0
 40
0.0
 40
0.0
 40
0.0
 40
1.0
 40
1.0
 40
1.0
 40
1.0
 10
24.37687742225847
 20
40.70680010309846
 30
0.0
 10
24.37687742225847
 20
40.43065772818308
 30
0.0
 10
24.60073504734308
 20
40.20680010309846
 30
0.0
 10
24.87687742225847
 20
40.20680010309846
 30
0.0
  0
SPLINE
  5
365
330
1F
100
AcDbEntity
  8
0
  6
Continuous
 62
    18
420
        0
370
    25
100
AcDbSpline
210
0.0
220
0.0
230
1.0
 70
     8
 71
     3
 72
     8
 73
     4
 74
     0
 42
0.000000001
 43
0.0
 40
0.0
 40
0.0
 40
0.0
 40
0.0
 40
1.0
 40
1.0
 40
1.0
 40
1.0
 10
40.25812742225846
 20
40.20680010309846
 30
0.0
 10
40.53426979717386
 20
40.20680010309846
 30
0.0
 10
40.75812742225847
 20
40.43065772818308
 30
0.0
 10
40.75812742225847
 20
40.70680010309846
 30
0.0
  0
SPLINE
  5
366
330
1F
100
AcDbEntity
  8
0
  6
Continuous
 62
    18
420
        0
370
    25
100
AcDbSpline
210
0.0
220
0.0
230
1.0
 70
     8
 71
     3
 72
     8
 73
     4
 74
     0
 42
0.000000001
 43
0.0
 40
0.0
 40
0.0
 40
0.0
 40
0.0
 40
1.0
 40
1.0
 40
1.0
 40
1.0
 10
48.68937742225847
 20
54.20680010309846
 30
0.0
 10
48.41323504734308
 20
54.20680010309846
 30
0.0
 10
48.18937742225847
 20
53.98294247801387
 30
0.0
 10
48.18937742225847
 20
53.70680010309846
 30
0.0
  0
SPLINE
  5
367
330
1F
100
AcDbEntity
  8
0
  6
Continuous
 62
    18
420
        0
370
    25
100
AcDbSpline
210
0.0
220
0.0
230
1.0
 70
     8
 71
     3
 72
     8
 73
     4
 74
     0
 42
0.000000001
 43
0.0
 40
0.0
 40
0.0
 40
0.0
 40
0.0
 40
1.0
 40
1.0
 40
1.0
 40
1.0
 10
48.18937742225849
 20
40.70680010309846
 30
0.0
 10
48.18937742225849
 20
40.43065772818308
 30
0.0
 10
48.41323504734308
 20
40.20680010309847
 30
0.0
 10
48.68937742225847
 20
40.20680010309847
 30
0.0
  0
SPLINE
  5
368
330
1F
100
AcDbEntity
  8
0
  6
Continuous
 62
    18
420
        0
370
    25
100
AcDbSpline
210
0.0
220
0.0
230
1.0
 70
     8
 71
     3
 72
     8
 73
     4
 74
     0
 42
0.000000001
 43
0.0
 40
0.0
 40
0.0
 40
0.0
 40
0.0
 40
1.0
 40
1.0
 40
1.0
 40
1.0
 10
66.45187742225848
 20
40.2068001030984
 30
0.0
 10
66.7280197971739
 20
40.2068001030984
 30
0.0
 10
66.95187742225853
 20
40.43065772818304
 30
0.0
 10
66.95187742225853
 20
40.70680010309846
 30
0.0
  0
SPLINE
  5
369
330
1F
100
AcDbEntity
  8
0
  6
Continuous
 62
    18
420
        0
370
    25
100
AcDbSpline
210
0.0
220
0.0
230
1.0
 70
     8
 71
     3
 72
     8
 73
     4
 74
     0
 42
0.000000001
 43
0.0
 40
0.0
 40
0.0
 40
0.0
 40
0.0
 40
1.0
 40
1.0
 40
1.0
 40
1.0
 10
66.95187742225849
 20
53.70680010309846
 30
0.0
 10
66.95187742225849
 20
53.98294247801387
 30
0.0
 10
66.72801979717389
 20
54.20680010309847
 30
0.0
 10
66.45187742225848
 20
54.20680010309847
 30
0.0
  0
SPLINE
  5
36A
330
1F
100
AcDbEntity
  8
0
  6
Continuous
 62
    18
420
        0
370
    25
100
AcDbSpline
210
0.0
220
0.0
230
1.0
 70
     8
 71
     3
 72
     8
 73
     4
 74
     0
 42
0.000000001
 43
0.0
 40
0.0
 40
0.0
 40
0.0
 40
0.0
 40
1.0
 40
1.0
 40
1.0
 40
1.0
 10
85.50187742225847
 20
40.20680010309842
 30
0.0
 10
85.7780197971739
 20
40.20680010309842
 30
0.0
 10
86.00187742225852
 20
40.43065772818304
 30
0.0
 10
86.00187742225852
 20
40.70680010309846
 30
0.0
  0
SPLINE
  5
36B
330
1F
100
AcDbEntity
  8
0
  6
Continuous
 62
    18
420
        0
370
    25
100
AcDbSpline
210
0.0
220
0.0
230
1.0
 70
     8
 71
     3
 72
     8
 73
     4
 74
     0
 42
0.000000001
 43
0.0
 40
0.0
 40
0.0
 40
0.0
 40
0.0
 40
1.0
 40
1.0
 40
1.0
 40
1.0
 10
86.0018774222585
 20
53.70680010309846
 30
0.0
 10
86.0018774222585
 20
53.98294247801387
 30
0.0
 10
85.77801979717388
 20
54.2068001030985
 30
0.0
 10
85.50187742225847
 20
54.2068001030985
 30
0.0
  0
SPLINE
  5
36C
330
1F
100
AcDbEntity
  8
0
  6
Continuous
 62
    18
420
        0
370
    25
100
AcDbSpline
210
0.0
220
0.0
230
1.0
 70
     8
 71
     3
 72
     8
 73
     4
 74
     0
 42
0.000000001
 43
0.0
 40
0.0
 40
0.0
 40
0.0
 40
0.0
 40
1.0
 40
1.0
 40
1.0
 40
1.0
 10
72.50187742225847
 20
54.20680010309846
 30
0.0
 10
72.22573504734306
 20
54.20680010309846
 30
0.0
 10
72.00187742225846
 20
53.98294247801387
 30
0.0
 10
72.00187742225846
 20
53.70680010309846
 30
0.0
  0
SPLINE
  5
36D
330
1F
100
AcDbEntity
  8
0
  6
Continuous
 62
    18
420
        0
370
    25
100
AcDbSpline
210
0.0
220
0.0
230
1.0
 70
     8
 71
     3
 72
     8
 73
     4
 74
     0
 42
0.000000001
 43
0.0
 40
0.0
 40
0.0
 40
0.0
 40
0.0
 40
1.0
 40
1.0
 40
1.0
 40
1.0
 10
72.00187742225849
 20
40.70680010309846
 30
0.0
 10
72.00187742225849
 20
40.43065772818308
 30
0.0
 10
72.22573504734308
 20
40.20680010309847
 30
0.0
 10
72.50187742225847
 20
40.20680010309847
 30
0.0
  0
SPLINE
  5
36E
330
1F
100
AcDbEntity
  8
0
  6
Continuous
 62
    18
420
        0
370
    25
100
AcDbSpline
210
0.0
220
0.0
230
1.0
 70
     8
 71
     3
 72
     8
 73
     4
 74
     0
 42
0.000000001
 43
0.0
 40
0.0
 40
0.0
 40
0.0
 40
0.0
 40
1.0
 40
1.0
 40
1.0
 40
1.0
 10
77.88312742225845
 20
38.70680010309846
 30
0.0
 10
77.88312742225845
 20
38.43065772818305
 30
0.0
 10
78.10698504734307
 20
38.20680010309844
 30
0.0
 10
78.38312742225847
 20
38.20680010309844
 30
0.0
  0
SPLINE
  5
36F
330
1F
100
AcDbEntity
  8
0
  6
Continuous
 62
    18
420
        0
370
    25
100
AcDbSpline
210
0.0
220
0.0
230
1.0
 70
     8
 71
     3
 72
     8
 73
     4
 74
     0
 42
0.000000001
 43
0.0
 40
0.0
 40
0.0
 40
0.0
 40
0.0
 40
1.0
 40
1.0
 40
1.0
 40
1.0
 10
84.38312742225847
 20
38.20680010309844
 30
0.0
 10
84.65926979717388
 20
38.20680010309844
 30
0.0
 10
84.8831274222585
 20
38.43065772818305
 30
0.0
 10
84.8831274222585
 20
38.70680010309846
 30
0.0
  0
SPLINE
  5
370
330
1F
100
AcDbEntity
  8
0
  6
Continuous
 62
    18
420
        0
370
    25
100
AcDbSpline
210
0.0
220
0.0
230
1.0
 70
     8
 71
     3
 72
     8
 73
     4
 74
     0
 42
0.000000001
 43
0.0
 40
0.0
 40
0.0
 40
0.0
 40
0.0
 40
1.0
 40
1.0
 40
1.0
 40
1.0
 10
85.38312742225848
 20
40.20680010309847
 30
0.0
 10
85.10698504734307
 20
40.20680010309847
 30
0.0
 10
84.88312742225845
 20
39.98294247801388
 30
0.0
 10
84.88312742225845
 20
39.70680010309847
 30
0.0
  0
SPLINE
  5
371
330
1F
100
AcDbEntity
  8
0
  6
Continuous
 62
    18
420
        0
370
    25
100
AcDbSpline
210
0.0
220
0.0
230
1.0
 70
     8
 71
     3
 72
     8
 73
     4
 74
     0
 42
0.000000001
 43
0.0
 40
0.0
 40
0.0
 40
0.0
 40
0.0
 40
1.0
 40
1.0
 40
1.0
 40
1.0
 10
210.6143774222585
 20
54.20680010309842
 30
0.0
 10
210.3382350473431
 20
54.20680010309842
 30
0.0
 10
210.1143774222585
 20
53.98294247801383
 30
0.0
 10
210.1143774222585
 20
53.70680010309846
 30
0.0
  0
SPLINE
  5
372
330
1F
100
AcDbEntity
  8
0
  6
Continuous
 62
    18
420
        0
370
    25
100
AcDbSpline
210
0.0
220
0.0
230
1.0
 70
     8
 71
     3
 72
     8
 73
     4
 74
     0
 42
0.000000001
 43
0.0
 40
0.0
 40
0.0
 40
0.0
 40
0.0
 40
1.0
 40
1.0
 40
1.0
 40
1.0
 10
210.1143774222584
 20
40.70680010309846
 30
0.0
 10
210.1143774222584
 20
40.43065772818305
 30
0.0
 10
210.3382350473431
 20
40.20680010309843
 30
0.0
 10
210.6143774222585
 20
40.20680010309843
 30
0.0
  0
SPLINE
  5
373
330
1F
100
AcDbEntity
  8
0
  6
Continuous
 62
    18
420
        0
370
    25
100
AcDbSpline
210
0.0
220
0.0
230
1.0
 70
     8
 71
     3
 72
     8
 73
     4
 74
     0
 42
0.000000001
 43
0.0
 40
0.0
 40
0.0
 40
0.0
 40
0.0
 40
1.0
 40
1.0
 40
1.0
 40
1.0
 10
228.3768774222584
 20
40.20680010309843
 30
0.0
 10
228.6530197971739
 20
40.20680010309843
 30
0.0
 10
228.8768774222585
 20
40.43065772818305
 30
0.0
 10
228.8768774222585
 20
40.70680010309846
 30
0.0
  0
SPLINE
  5
374
330
1F
100
AcDbEntity
  8
0
  6
Continuous
 62
    18
420
        0
370
    25
100
AcDbSpline
210
0.0
220
0.0
230
1.0
 70
     8
 71
     3
 72
     8
 73
     4
 74
     0
 42
0.000000001
 43
0.0
 40
0.0
 40
0.0
 40
0.0
 40
0.0
 40
1.0
 40
1.0
 40
1.0
 40
1.0
 10
228.8768774222585
 20
53.70680010309846
 30
0.0
 10
228.8768774222585
 20
53.98294247801387
 30
0.0
 10
228.6530197971739
 20
54.20680010309847
 30
0.0
 10
228.3768774222584
 20
54.20680010309847
 30
0.0
  0
SPLINE
  5
375
330
1F
100
AcDbEntity
  8
0
  6
Continuous
 62
    18
420
        0
370
    25
100
AcDbSpline
210
0.0
220
0.0
230
1.0
 70
     8
 71
     3
 72
     8
 73
     4
 74
     0
 42
0.000000001
 43
0.0
 40
0.0
 40
0.0
 40
0.0
 40
0.0
 40
1.0
 40
1.0
 40
1.0
 40
1.0
 10
232.3081274222585
 20
54.20680010309847
 30
0.0
 10
232.0319850473431
 20
54.20680010309847
 30
0.0
 10
231.8081274222585
 20
53.98294247801387
 30
0.0
 10
231.8081274222585
 20
53.70680010309846
 30
0.0
  0
SPLINE
  5
376
330
1F
100
AcDbEntity
  8
0
  6
Continuous
 62
    18
420
        0
370
    25
100
AcDbSpline
210
0.0
220
0.0
230
1.0
 70
     8
 71
     3
 72
     8
 73
     4
 74
     0
 42
0.000000001
 43
0.0
 40
0.0
 40
0.0
 40
0.0
 40
0.0
 40
1.0
 40
1.0
 40
1.0
 40
1.0
 10
231.8081274222585
 20
40.70680010309846
 30
0.0
 10
231.8081274222585
 20
40.43065772818308
 30
0.0
 10
232.0319850473431
 20
40.20680010309846
 30
0.0
 10
232.3081274222585
 20
40.20680010309846
 30
0.0
  0
SPLINE
  5
377
330
1F
100
AcDbEntity
  8
0
  6
Continuous
 62
    18
420
        0
370
    25
100
AcDbSpline
210
0.0
220
0.0
230
1.0
 70
     8
 71
     3
 72
     8
 73
     4
 74
     0
 42
0.000000001
 43
0.0
 40
0.0
 40
0.0
 40
0.0
 40
0.0
 40
1.0
 40
1.0
 40
1.0
 40
1.0
 10
232.8081274222585
 20
40.20680010309846
 30
0.0
 10
233.0842697971739
 20
40.20680010309846
 30
0.0
 10
233.3081274222585
 20
40.43065772818308
 30
0.0
 10
233.3081274222585
 20
40.70680010309846
 30
0.0
  0
SPLINE
  5
378
330
1F
100
AcDbEntity
  8
0
  6
Continuous
 62
    18
420
        0
370
    25
100
AcDbSpline
210
0.0
220
0.0
230
1.0
 70
     8
 71
     3
 72
     8
 73
     4
 74
     0
 42
0.000000001
 43
0.0
 40
0.0
 40
0.0
 40
0.0
 40
0.0
 40
1.0
 40
1.0
 40
1.0
 40
1.0
 10
233.3081274222585
 20
53.70680010309846
 30
0.0
 10
233.3081274222585
 20
53.98294247801384
 30
0.0
 10
233.0842697971739
 20
54.20680010309844
 30
0.0
 10
232.8081274222585
 20
54.20680010309844
 30
0.0
  0
SPLINE
  5
379
330
1F
100
AcDbEntity
  8
0
  6
Continuous
 62
    18
420
        0
370
    25
100
AcDbSpline
210
0.0
220
0.0
230
1.0
 70
     8
 71
     3
 72
     8
 73
     4
 74
     0
 42
0.000000001
 43
0.0
 40
0.0
 40
0.0
 40
0.0
 40
0.0
 40
1.0
 40
1.0
 40
1.0
 40
1.0
 10
253.8081274222585
 20
54.2068001030985
 30
0.0
 10
253.5319850473431
 20
54.2068001030985
 30
0.0
 10
253.3081274222585
 20
53.98294247801387
 30
0.0
 10
253.3081274222585
 20
53.70680010309846
 30
0.0
  0
SPLINE
  5
37A
330
1F
100
AcDbEntity
  8
0
  6
Continuous
 62
    18
420
        0
370
    25
100
AcDbSpline
210
0.0
220
0.0
230
1.0
 70
     8
 71
     3
 72
     8
 73
     4
 74
     0
 42
0.000000001
 43
0.0
 40
0.0
 40
0.0
 40
0.0
 40
0.0
 40
1.0
 40
1.0
 40
1.0
 40
1.0
 10
253.3081274222585
 20
40.70680010309846
 30
0.0
 10
253.3081274222585
 20
40.43065772818305
 30
0.0
 10
253.5319850473431
 20
40.20680010309843
 30
0.0
 10
253.8081274222585
 20
40.20680010309843
 30
0.0
  0
SPLINE
  5
37B
330
1F
100
AcDbEntity
  8
0
  6
Continuous
 62
    18
420
        0
370
    25
100
AcDbSpline
210
0.0
220
0.0
230
1.0
 70
     8
 71
     3
 72
     8
 73
     4
 74
     0
 42
0.000000001
 43
0.0
 40
0.0
 40
0.0
 40
0.0
 40
0.0
 40
1.0
 40
1.0
 40
1.0
 40
1.0
 10
254.3081274222585
 20
40.20680010309837
 30
0.0
 10
254.5842697971739
 20
40.20680010309837
 30
0.0
 10
254.8081274222586
 20
40.43065772818301
 30
0.0
 10
254.8081274222586
 20
40.70680010309846
 30
0.0
  0
SPLINE
  5
37C
330
1F
100
AcDbEntity
  8
0
  6
Continuous
 62
    18
420
        0
370
    25
100
AcDbSpline
210
0.0
220
0.0
230
1.0
 70
     8
 71
     3
 72
     8
 73
     4
 74
     0
 42
0.000000001
 43
0.0
 40
0.0
 40
0.0
 40
0.0
 40
0.0
 40
1.0
 40
1.0
 40
1.0
 40
1.0
 10
254.8081274222585
 20
53.70680010309846
 30
0.0
 10
254.8081274222585
 20
53.98294247801387
 30
0.0
 10
254.5842697971739
 20
54.20680010309847
 30
0.0
 10
254.3081274222585
 20
54.20680010309847
 30
0.0
  0
SPLINE
  5
37D
330
1F
100
AcDbEntity
  8
0
  6
Continuous
 62
    18
420
        0
370
    25
100
AcDbSpline
210
0.0
220
0.0
230
1.0
 70
     8
 71
     3
 72
     8
 73
     4
 74
     0
 42
0.000000001
 43
0.0
 40
0.0
 40
0.0
 40
0.0
 40
0.0
 40
1.0
 40
1.0
 40
1.0
 40
1.0
 10
236.8081274222585
 20
54.20680010309847
 30
0.0
 10
236.5319850473431
 20
54.20680010309847
 30
0.0
 10
236.3081274222585
 20
53.98294247801387
 30
0.0
 10
236.3081274222585
 20
53.70680010309846
 30
0.0
  0
SPLINE
  5
37E
330
1F
100
AcDbEntity
  8
0
  6
Continuous
 62
    18
420
        0
370
    25
100
AcDbSpline
210
0.0
220
0.0
230
1.0
 70
     8
 71
     3
 72
     8
 73
     4
 74
     0
 42
0.000000001
 43
0.0
 40
0.0
 40
0.0
 40
0.0
 40
0.0
 40
1.0
 40
1.0
 40
1.0
 40
1.0
 10
236.3081274222585
 20
40.70680010309846
 30
0.0
 10
236.3081274222585
 20
40.43065772818305
 30
0.0
 10
236.5319850473431
 20
40.20680010309843
 30
0.0
 10
236.8081274222585
 20
40.20680010309843
 30
0.0
  0
SPLINE
  5
37F
330
1F
100
AcDbEntity
  8
0
  6
Continuous
 62
    18
420
        0
370
    25
100
AcDbSpline
210
0.0
220
0.0
230
1.0
 70
     8
 71
     3
 72
     8
 73
     4
 74
     0
 42
0.000000001
 43
0.0
 40
0.0
 40
0.0
 40
0.0
 40
0.0
 40
1.0
 40
1.0
 40
1.0
 40
1.0
 10
252.1893774222584
 20
40.20680010309843
 30
0.0
 10
252.4655197971739
 20
40.20680010309843
 30
0.0
 10
252.6893774222585
 20
40.43065772818305
 30
0.0
 10
252.6893774222585
 20
40.70680010309846
 30
0.0
  0
SPLINE
  5
380
330
1F
100
AcDbEntity
  8
0
  6
Continuous
 62
    18
420
        0
370
    25
100
AcDbSpline
210
0.0
220
0.0
230
1.0
 70
     8
 71
     3
 72
     8
 73
     4
 74
     0
 42
0.000000001
 43
0.0
 40
0.0
 40
0.0
 40
0.0
 40
0.0
 40
1.0
 40
1.0
 40
1.0
 40
1.0
 10
252.6893774222584
 20
53.70680010309846
 30
0.0
 10
252.6893774222584
 20
53.98294247801384
 30
0.0
 10
252.4655197971739
 20
54.20680010309846
 30
0.0
 10
252.1893774222584
 20
54.20680010309846
 30
0.0
  0
SPLINE
  5
381
330
1F
100
AcDbEntity
  8
0
  6
Continuous
 62
    18
420
        0
370
    25
100
AcDbSpline
210
0.0
220
0.0
230
1.0
 70
     8
 71
     3
 72
     8
 73
     4
 74
     0
 42
0.000000001
 43
0.0
 40
0.0
 40
0.0
 40
0.0
 40
0.0
 40
1.0
 40
1.0
 40
1.0
 40
1.0
 10
44.20721642225848
 20
135.0235141030985
 30
0.0
 10
44.06914523480076
 20
135.0235141030985
 30
0.0
 10
43.95721642225843
 20
134.9115852905562
 30
0.0
 10
43.95721642225843
 20
134.7735141030984
 30
0.0
  0
SPLINE
  5
382
330
1F
100
AcDbEntity
  8
0
  6
Continuous
 62
    18
420
        0
370
    25
100
AcDbSpline
210
0.0
220
0.0
230
1.0
 70
     8
 71
     3
 72
     8
 73
     4
 74
     0
 42
0.000000001
 43
0.0
 40
0.0
 40
0.0
 40
0.0
 40
0.0
 40
1.0
 40
1.0
 40
1.0
 40
1.0
 10
43.95721642225845
 20
134.2735141030984
 30
0.0
 10
43.95721642225845
 20
134.1354429156407
 30
0.0
 10
44.06914523480077
 20
134.0235141030984
 30
0.0
 10
44.20721642225848
 20
134.0235141030984
 30
0.0
  0
SPLINE
  5
383
330
1F
100
AcDbEntity
  8
0
  6
Continuous
 62
    18
420
        0
370
    25
100
AcDbSpline
210
0.0
220
0.0
230
1.0
 70
     8
 71
     3
 72
     8
 73
     4
 74
     0
 42
0.000000001
 43
0.0
 40
0.0
 40
0.0
 40
0.0
 40
0.0
 40
1.0
 40
1.0
 40
1.0
 40
1.0
 10
69.40721642225846
 20
134.0235141030984
 30
0.0
 10
69.54528760971618
 20
134.0235141030984
 30
0.0
 10
69.6572164222585
 20
134.1354429156407
 30
0.0
 10
69.6572164222585
 20
134.2735141030984
 30
0.0
  0
SPLINE
  5
384
330
1F
100
AcDbEntity
  8
0
  6
Continuous
 62
    18
420
        0
370
    25
100
AcDbSpline
210
0.0
220
0.0
230
1.0
 70
     8
 71
     3
 72
     8
 73
     4
 74
     0
 42
0.000000001
 43
0.0
 40
0.0
 40
0.0
 40
0.0
 40
0.0
 40
1.0
 40
1.0
 40
1.0
 40
1.0
 10
69.6572164222585
 20
134.7735141030984
 30
0.0
 10
69.6572164222585
 20
134.9115852905562
 30
0.0
 10
69.54528760971618
 20
135.0235141030985
 30
0.0
 10
69.40721642225846
 20
135.0235141030985
 30
0.0
  0
SPLINE
  5
385
330
1F
100
AcDbEntity
  8
0
  6
Continuous
 62
    18
420
        0
370
    25
100
AcDbSpline
210
0.0
220
0.0
230
1.0
 70
     8
 71
     3
 72
     8
 73
     4
 74
     0
 42
0.000000001
 43
0.0
 40
0.0
 40
0.0
 40
0.0
 40
0.0
 40
1.0
 40
1.0
 40
1.0
 40
1.0
 10
333.5498414222585
 20
97.62351410309847
 30
0.0
 10
333.5498414222585
 20
97.76158529055616
 30
0.0
 10
333.4379126097161
 20
97.87351410309847
 30
0.0
 10
333.2998414222585
 20
97.87351410309847
 30
0.0
  0
SPLINE
  5
386
330
1F
100
AcDbEntity
  8
0
  6
Continuous
 62
    18
420
        0
370
    25
100
AcDbSpline
210
0.0
220
0.0
230
1.0
 70
     8
 71
     3
 72
     8
 73
     4
 74
     0
 42
0.000000001
 43
0.0
 40
0.0
 40
0.0
 40
0.0
 40
0.0
 40
1.0
 40
1.0
 40
1.0
 40
1.0
 10
332.7998414222585
 20
97.87351410309853
 30
0.0
 10
332.6617702348008
 20
97.87351410309853
 30
0.0
 10
332.5498414222584
 20
97.76158529055618
 30
0.0
 10
332.5498414222584
 20
97.62351410309847
 30
0.0
  0
SPLINE
  5
387
330
1F
100
AcDbEntity
  8
0
  6
Continuous
 62
    18
420
        0
370
    25
100
AcDbSpline
210
0.0
220
0.0
230
1.0
 70
     8
 71
     3
 72
     8
 73
     4
 74
     0
 42
0.000000001
 43
0.0
 40
0.0
 40
0.0
 40
0.0
 40
0.0
 40
1.0
 40
1.0
 40
1.0
 40
1.0
 10
332.5498414222585
 20
72.42351410309846
 30
0.0
 10
332.5498414222585
 20
72.28544291564076
 30
0.0
 10
332.6617702348008
 20
72.17351410309846
 30
0.0
 10
332.7998414222585
 20
72.17351410309846
 30
0.0
  0
SPLINE
  5
388
330
1F
100
AcDbEntity
  8
0
  6
Continuous
 62
    18
420
        0
370
    25
100
AcDbSpline
210
0.0
220
0.0
230
1.0
 70
     8
 71
     3
 72
     8
 73
     4
 74
     0
 42
0.000000001
 43
0.0
 40
0.0
 40
0.0
 40
0.0
 40
0.0
 40
1.0
 40
1.0
 40
1.0
 40
1.0
 10
333.2998414222585
 20
72.17351410309855
 30
0.0
 10
333.4379126097161
 20
72.17351410309855
 30
0.0
 10
333.5498414222584
 20
72.2854429156408
 30
0.0
 10
333.5498414222584
 20
72.42351410309846
 30
0.0
  0
SPLINE
  5
389
330
1F
100
AcDbEntity
  8
0
  6
Continuous
 62
    18
420
        0
370
    25
100
AcDbSpline
210
0.0
220
0.0
230
1.0
 70
     8
 71
     3
 72
     8
 73
     4
 74
     0
 42
0.000000001
 43
0.0
 40
0.0
 40
0.0
 40
0.0
 40
0.0
 40
1.0
 40
1.0
 40
1.0
 40
1.0
 10
69.40721642225846
 20
35.1235141030984
 30
0.0
 10
69.54528760971618
 20
35.1235141030984
 30
0.0
 10
69.6572164222585
 20
35.23544291564075
 30
0.0
 10
69.6572164222585
 20
35.37351410309847
 30
0.0
  0
SPLINE
  5
38A
330
1F
100
AcDbEntity
  8
0
  6
Continuous
 62
    18
420
        0
370
    25
100
AcDbSpline
210
0.0
220
0.0
230
1.0
 70
     8
 71
     3
 72
     8
 73
     4
 74
     0
 42
0.000000001
 43
0.0
 40
0.0
 40
0.0
 40
0.0
 40
0.0
 40
1.0
 40
1.0
 40
1.0
 40
1.0
 10
69.6572164222585
 20
35.87351410309847
 30
0.0
 10
69.6572164222585
 20
36.0115852905562
 30
0.0
 10
69.54528760971618
 20
36.1235141030985
 30
0.0
 10
69.40721642225846
 20
36.1235141030985
 30
0.0
  0
SPLINE
  5
38B
330
1F
100
AcDbEntity
  8
0
  6
Continuous
 62
    18
420
        0
370
    25
100
AcDbSpline
210
0.0
220
0.0
230
1.0
 70
     8
 71
     3
 72
     8
 73
     4
 74
     0
 42
0.000000001
 43
0.0
 40
0.0
 40
0.0
 40
0.0
 40
0.0
 40
1.0
 40
1.0
 40
1.0
 40
1.0
 10
44.20721642225848
 20
36.12351410309846
 30
0.0
 10
44.06914523480079
 20
36.12351410309846
 30
0.0
 10
43.9572164222585
 20
36.01158529055616
 30
0.0
 10
43.9572164222585
 20
35.87351410309847
 30
0.0
  0
SPLINE
  5
38C
330
1F
100
AcDbEntity
  8
0
  6
Continuous
 62
    18
420
        0
370
    25
100
AcDbSpline
210
0.0
220
0.0
230
1.0
 70
     8
 71
     3
 72
     8
 73
     4
 74
     0
 42
0.000000001
 43
0.0
 40
0.0
 40
0.0
 40
0.0
 40
0.0
 40
1.0
 40
1.0
 40
1.0
 40
1.0
 10
43.95721642225845
 20
35.37351410309847
 30
0.0
 10
43.95721642225845
 20
35.23544291564075
 30
0.0
 10
44.06914523480077
 20
35.12351410309844
 30
0.0
 10
44.20721642225848
 20
35.12351410309844
 30
0.0
  0
SPLINE
  5
38D
330
1F
100
AcDbEntity
  8
0
  6
Continuous
 62
    18
420
        0
370
    25
100
AcDbSpline
210
0.0
220
0.0
230
1.0
 70
     8
 71
     3
 72
     8
 73
     4
 74
     0
 42
0.000000001
 43
0.0
 40
0.0
 40
0.0
 40
0.0
 40
0.0
 40
1.0
 40
1.0
 40
1.0
 40
1.0
 10
318.0981274222585
 20
111.2439307697985
 30
0.0
 10
317.8219850473431
 20
111.2439307697985
 30
0.0
 10
317.5981274222585
 20
111.0200731447138
 30
0.0
 10
317.5981274222585
 20
110.7439307697985
 30
0.0
  0
SPLINE
  5
38E
330
1F
100
AcDbEntity
  8
0
  6
Continuous
 62
    18
420
        0
370
    25
100
AcDbSpline
210
0.0
220
0.0
230
1.0
 70
     8
 71
     3
 72
     8
 73
     4
 74
     0
 42
0.000000001
 43
0.0
 40
0.0
 40
0.0
 40
0.0
 40
0.0
 40
1.0
 40
1.0
 40
1.0
 40
1.0
 10
317.5981274222584
 20
97.69393076979847
 30
0.0
 10
317.5981274222584
 20
97.41778839488302
 30
0.0
 10
317.821985047343
 20
97.19393076979838
 30
0.0
 10
318.0981274222585
 20
97.19393076979838
 30
0.0
  0
SPLINE
  5
38F
330
1F
100
AcDbEntity
  8
0
  6
Continuous
 62
    18
420
        0
370
    25
100
AcDbSpline
210
0.0
220
0.0
230
1.0
 70
     8
 71
     3
 72
     8
 73
     4
 74
     0
 42
0.000000001
 43
0.0
 40
0.0
 40
0.0
 40
0.0
 40
0.0
 40
1.0
 40
1.0
 40
1.0
 40
1.0
 10
331.1481274222585
 20
97.19393076979851
 30
0.0
 10
331.4242697971738
 20
97.19393076979851
 30
0.0
 10
331.6481274222584
 20
97.4177883948831
 30
0.0
 10
331.6481274222584
 20
97.69393076979847
 30
0.0
  0
SPLINE
  5
390
330
1F
100
AcDbEntity
  8
0
  6
Continuous
 62
    18
420
        0
370
    25
100
AcDbSpline
210
0.0
220
0.0
230
1.0
 70
     8
 71
     3
 72
     8
 73
     4
 74
     0
 42
0.000000001
 43
0.0
 40
0.0
 40
0.0
 40
0.0
 40
0.0
 40
1.0
 40
1.0
 40
1.0
 40
1.0
 10
331.6481274222585
 20
110.7439307697985
 30
0.0
 10
331.6481274222585
 20
111.0200731447139
 30
0.0
 10
331.4242697971738
 20
111.2439307697985
 30
0.0
 10
331.1481274222585
 20
111.2439307697985
 30
0.0
  0
SPLINE
  5
391
330
1F
100
AcDbEntity
  8
0
  6
Continuous
 62
    18
420
        0
370
    25
100
AcDbSpline
210
0.0
220
0.0
230
1.0
 70
     8
 71
     3
 72
     8
 73
     4
 74
     0
 42
0.000000001
 43
0.0
 40
0.0
 40
0.0
 40
0.0
 40
0.0
 40
1.0
 40
1.0
 40
1.0
 40
1.0
 10
318.0981274222585
 20
92.20059743649847
 30
0.0
 10
317.8219850473431
 20
92.20059743649847
 30
0.0
 10
317.5981274222585
 20
91.97673981141386
 30
0.0
 10
317.5981274222585
 20
91.70059743649846
 30
0.0
  0
SPLINE
  5
392
330
1F
100
AcDbEntity
  8
0
  6
Continuous
 62
    18
420
        0
370
    25
100
AcDbSpline
210
0.0
220
0.0
230
1.0
 70
     8
 71
     3
 72
     8
 73
     4
 74
     0
 42
0.000000001
 43
0.0
 40
0.0
 40
0.0
 40
0.0
 40
0.0
 40
1.0
 40
1.0
 40
1.0
 40
1.0
 10
317.5981274222584
 20
78.65059743649846
 30
0.0
 10
317.5981274222584
 20
78.37445506158302
 30
0.0
 10
317.821985047343
 20
78.15059743649837
 30
0.0
 10
318.0981274222585
 20
78.15059743649837
 30
0.0
  0
SPLINE
  5
393
330
1F
100
AcDbEntity
  8
0
  6
Continuous
 62
    18
420
        0
370
    25
100
AcDbSpline
210
0.0
220
0.0
230
1.0
 70
     8
 71
     3
 72
     8
 73
     4
 74
     0
 42
0.000000001
 43
0.0
 40
0.0
 40
0.0
 40
0.0
 40
0.0
 40
1.0
 40
1.0
 40
1.0
 40
1.0
 10
331.1481274222585
 20
78.15059743649853
 30
0.0
 10
331.4242697971738
 20
78.15059743649853
 30
0.0
 10
331.6481274222584
 20
78.3744550615831
 30
0.0
 10
331.6481274222584
 20
78.65059743649846
 30
0.0
  0
SPLINE
  5
394
330
1F
100
AcDbEntity
  8
0
  6
Continuous
 62
    18
420
        0
370
    25
100
AcDbSpline
210
0.0
220
0.0
230
1.0
 70
     8
 71
     3
 72
     8
 73
     4
 74
     0
 42
0.000000001
 43
0.0
 40
0.0
 40
0.0
 40
0.0
 40
0.0
 40
1.0
 40
1.0
 40
1.0
 40
1.0
 10
331.6481274222585
 20
91.70059743649846
 30
0.0
 10
331.6481274222585
 20
91.97673981141388
 30
0.0
 10
331.4242697971738
 20
92.20059743649848
 30
0.0
 10
331.1481274222585
 20
92.20059743649848
 30
0.0
  0
SPLINE
  5
395
330
1F
100
AcDbEntity
  8
0
  6
Continuous
 62
    18
420
        0
370
    25
100
AcDbSpline
210
0.0
220
0.0
230
1.0
 70
     8
 71
     3
 72
     8
 73
     4
 74
     0
 42
0.000000001
 43
0.0
 40
0.0
 40
0.0
 40
0.0
 40
0.0
 40
1.0
 40
1.0
 40
1.0
 40
1.0
 10
318.0981274222585
 20
73.15726410309847
 30
0.0
 10
317.8219850473431
 20
73.15726410309847
 30
0.0
 10
317.5981274222585
 20
72.93340647801386
 30
0.0
 10
317.5981274222585
 20
72.65726410309846
 30
0.0
  0
SPLINE
  5
396
330
1F
100
AcDbEntity
  8
0
  6
Continuous
 62
    18
420
        0
370
    25
100
AcDbSpline
210
0.0
220
0.0
230
1.0
 70
     8
 71
     3
 72
     8
 73
     4
 74
     0
 42
0.000000001
 43
0.0
 40
0.0
 40
0.0
 40
0.0
 40
0.0
 40
1.0
 40
1.0
 40
1.0
 40
1.0
 10
317.5981274222584
 20
59.60726410309846
 30
0.0
 10
317.5981274222584
 20
59.33112172818301
 30
0.0
 10
317.821985047343
 20
59.10726410309837
 30
0.0
 10
318.0981274222585
 20
59.10726410309837
 30
0.0
  0
SPLINE
  5
397
330
1F
100
AcDbEntity
  8
0
  6
Continuous
 62
    18
420
        0
370
    25
100
AcDbSpline
210
0.0
220
0.0
230
1.0
 70
     8
 71
     3
 72
     8
 73
     4
 74
     0
 42
0.000000001
 43
0.0
 40
0.0
 40
0.0
 40
0.0
 40
0.0
 40
1.0
 40
1.0
 40
1.0
 40
1.0
 10
331.1481274222585
 20
59.10726410309852
 30
0.0
 10
331.4242697971738
 20
59.10726410309852
 30
0.0
 10
331.6481274222584
 20
59.33112172818309
 30
0.0
 10
331.6481274222584
 20
59.60726410309846
 30
0.0
  0
SPLINE
  5
398
330
1F
100
AcDbEntity
  8
0
  6
Continuous
 62
    18
420
        0
370
    25
100
AcDbSpline
210
0.0
220
0.0
230
1.0
 70
     8
 71
     3
 72
     8
 73
     4
 74
     0
 42
0.000000001
 43
0.0
 40
0.0
 40
0.0
 40
0.0
 40
0.0
 40
1.0
 40
1.0
 40
1.0
 40
1.0
 10
331.6481274222585
 20
72.65726410309846
 30
0.0
 10
331.6481274222585
 20
72.93340647801386
 30
0.0
 10
331.4242697971738
 20
73.15726410309848
 30
0.0
 10
331.1481274222585
 20
73.15726410309848
 30
0.0
  0
SPLINE
  5
399
330
1F
100
AcDbEntity
  8
0
  6
Continuous
 62
    18
420
        0
370
    25
100
AcDbSpline
210
0.0
220
0.0
230
1.0
 70
     8
 71
     3
 72
     8
 73
     4
 74
     0
 42
0.000000001
 43
0.0
 40
0.0
 40
0.0
 40
0.0
 40
0.0
 40
1.0
 40
1.0
 40
1.0
 40
1.0
 10
293.4581274221585
 20
57.37555010309846
 30
0.0
 10
293.4581274221585
 20
57.09940772818307
 30
0.0
 10
293.6819850472431
 20
56.87555010309845
 30
0.0
 10
293.9581274221585
 20
56.87555010309845
 30
0.0
  0
SPLINE
  5
39A
330
1F
100
AcDbEntity
  8
0
  6
Continuous
 62
    18
420
        0
370
    25
100
AcDbSpline
210
0.0
220
0.0
230
1.0
 70
     8
 71
     3
 72
     8
 73
     4
 74
     0
 42
0.000000001
 43
0.0
 40
0.0
 40
0.0
 40
0.0
 40
0.0
 40
1.0
 40
1.0
 40
1.0
 40
1.0
 10
306.9581274221585
 20
56.87555010309845
 30
0.0
 10
307.2342697970739
 20
56.87555010309845
 30
0.0
 10
307.4581274221584
 20
57.09940772818307
 30
0.0
 10
307.4581274221584
 20
57.37555010309846
 30
0.0
  0
SPLINE
  5
39B
330
1F
100
AcDbEntity
  8
0
  6
Continuous
 62
    18
420
        0
370
    25
100
AcDbSpline
210
0.0
220
0.0
230
1.0
 70
     8
 71
     3
 72
     8
 73
     4
 74
     0
 42
0.000000001
 43
0.0
 40
0.0
 40
0.0
 40
0.0
 40
0.0
 40
1.0
 40
1.0
 40
1.0
 40
1.0
 10
307.4581274221584
 20
70.37555010309846
 30
0.0
 10
307.4581274221584
 20
70.65169247801386
 30
0.0
 10
307.2342697970739
 20
70.87555010309846
 30
0.0
 10
306.9581274221585
 20
70.87555010309846
 30
0.0
  0
SPLINE
  5
39C
330
1F
100
AcDbEntity
  8
0
  6
Continuous
 62
    18
420
        0
370
    25
100
AcDbSpline
210
0.0
220
0.0
230
1.0
 70
     8
 71
     3
 72
     8
 73
     4
 74
     0
 42
0.000000001
 43
0.0
 40
0.0
 40
0.0
 40
0.0
 40
0.0
 40
1.0
 40
1.0
 40
1.0
 40
1.0
 10
293.9581274221585
 20
70.87555010309835
 30
0.0
 10
293.6819850472431
 20
70.87555010309835
 30
0.0
 10
293.4581274221586
 20
70.6516924780138
 30
0.0
 10
293.4581274221586
 20
70.37555010309846
 30
0.0
  0
SPLINE
  5
39D
330
1F
100
AcDbEntity
  8
0
  6
Continuous
 62
    18
420
        0
370
    25
100
AcDbSpline
210
0.0
220
0.0
230
1.0
 70
     8
 71
     3
 72
     8
 73
     4
 74
     0
 42
0.000000001
 43
0.0
 40
0.0
 40
0.0
 40
0.0
 40
0.0
 40
1.0
 40
1.0
 40
1.0
 40
1.0
 10
164.5197164222585
 20
135.0235141030985
 30
0.0
 10
164.3816452348008
 20
135.0235141030985
 30
0.0
 10
164.2697164222585
 20
134.9115852905562
 30
0.0
 10
164.2697164222585
 20
134.7735141030984
 30
0.0
  0
SPLINE
  5
39E
330
1F
100
AcDbEntity
  8
0
  6
Continuous
 62
    18
420
        0
370
    25
100
AcDbSpline
210
0.0
220
0.0
230
1.0
 70
     8
 71
     3
 72
     8
 73
     4
 74
     0
 42
0.000000001
 43
0.0
 40
0.0
 40
0.0
 40
0.0
 40
0.0
 40
1.0
 40
1.0
 40
1.0
 40
1.0
 10
164.2697164222585
 20
134.2735141030984
 30
0.0
 10
164.2697164222585
 20
134.1354429156408
 30
0.0
 10
164.3816452348008
 20
134.0235141030984
 30
0.0
 10
164.5197164222585
 20
134.0235141030984
 30
0.0
  0
SPLINE
  5
39F
330
1F
100
AcDbEntity
  8
0
  6
Continuous
 62
    18
420
        0
370
    25
100
AcDbSpline
210
0.0
220
0.0
230
1.0
 70
     8
 71
     3
 72
     8
 73
     4
 74
     0
 42
0.000000001
 43
0.0
 40
0.0
 40
0.0
 40
0.0
 40
0.0
 40
1.0
 40
1.0
 40
1.0
 40
1.0
 10
189.7197164222585
 20
134.0235141030984
 30
0.0
 10
189.8577876097162
 20
134.0235141030984
 30
0.0
 10
189.9697164222585
 20
134.1354429156407
 30
0.0
 10
189.9697164222585
 20
134.2735141030984
 30
0.0
  0
SPLINE
  5
3A0
330
1F
100
AcDbEntity
  8
0
  6
Continuous
 62
    18
420
        0
370
    25
100
AcDbSpline
210
0.0
220
0.0
230
1.0
 70
     8
 71
     3
 72
     8
 73
     4
 74
     0
 42
0.000000001
 43
0.0
 40
0.0
 40
0.0
 40
0.0
 40
0.0
 40
1.0
 40
1.0
 40
1.0
 40
1.0
 10
189.9697164222585
 20
134.7735141030984
 30
0.0
 10
189.9697164222585
 20
134.9115852905562
 30
0.0
 10
189.8577876097162
 20
135.0235141030985
 30
0.0
 10
189.7197164222585
 20
135.0235141030985
 30
0.0
  0
SPLINE
  5
3A1
330
1F
100
AcDbEntity
  8
0
  6
Continuous
 62
    18
420
        0
370
    25
100
AcDbSpline
210
0.0
220
0.0
230
1.0
 70
     8
 71
     3
 72
     8
 73
     4
 74
     0
 42
0.000000001
 43
0.0
 40
0.0
 40
0.0
 40
0.0
 40
0.0
 40
1.0
 40
1.0
 40
1.0
 40
1.0
 10
326.5081274222585
 20
51.32555010309845
 30
0.0
 10
326.5081274222585
 20
51.60169247801389
 30
0.0
 10
326.2842697971739
 20
51.82555010309849
 30
0.0
 10
326.0081274222585
 20
51.82555010309849
 30
0.0
  0
SPLINE
  5
3A2
330
1F
100
AcDbEntity
  8
0
  6
Continuous
 62
    18
420
        0
370
    25
100
AcDbSpline
210
0.0
220
0.0
230
1.0
 70
     8
 71
     3
 72
     8
 73
     4
 74
     0
 42
0.000000001
 43
0.0
 40
0.0
 40
0.0
 40
0.0
 40
0.0
 40
1.0
 40
1.0
 40
1.0
 40
1.0
 10
313.0081274222584
 20
51.82555010309858
 30
0.0
 10
312.731985047343
 20
51.82555010309858
 30
0.0
 10
312.5081274222584
 20
51.60169247801393
 30
0.0
 10
312.5081274222584
 20
51.32555010309845
 30
0.0
  0
SPLINE
  5
3A3
330
1F
100
AcDbEntity
  8
0
  6
Continuous
 62
    18
420
        0
370
    25
100
AcDbSpline
210
0.0
220
0.0
230
1.0
 70
     8
 71
     3
 72
     8
 73
     4
 74
     0
 42
0.000000001
 43
0.0
 40
0.0
 40
0.0
 40
0.0
 40
0.0
 40
1.0
 40
1.0
 40
1.0
 40
1.0
 10
312.5081274222584
 20
38.32555010309846
 30
0.0
 10
312.5081274222584
 20
38.04940772818306
 30
0.0
 10
312.7319850473431
 20
37.82555010309844
 30
0.0
 10
313.0081274222584
 20
37.82555010309844
 30
0.0
  0
SPLINE
  5
3A4
330
1F
100
AcDbEntity
  8
0
  6
Continuous
 62
    18
420
        0
370
    25
100
AcDbSpline
210
0.0
220
0.0
230
1.0
 70
     8
 71
     3
 72
     8
 73
     4
 74
     0
 42
0.000000001
 43
0.0
 40
0.0
 40
0.0
 40
0.0
 40
0.0
 40
1.0
 40
1.0
 40
1.0
 40
1.0
 10
326.0081274222585
 20
37.82555010309835
 30
0.0
 10
326.2842697971739
 20
37.82555010309835
 30
0.0
 10
326.5081274222586
 20
38.049407728183
 30
0.0
 10
326.5081274222586
 20
38.32555010309846
 30
0.0
  0
SPLINE
  5
3A5
330
1F
100
AcDbEntity
  8
0
  6
Continuous
 62
    18
420
        0
370
    25
100
AcDbSpline
210
0.0
220
0.0
230
1.0
 70
     8
 71
     3
 72
     8
 73
     4
 74
     0
 42
0.000000001
 43
0.0
 40
0.0
 40
0.0
 40
0.0
 40
0.0
 40
1.0
 40
1.0
 40
1.0
 40
1.0
 10
307.4581274222585
 20
51.32555010309845
 30
0.0
 10
307.4581274222585
 20
51.60169247801386
 30
0.0
 10
307.2342697971739
 20
51.82555010309846
 30
0.0
 10
306.9581274222584
 20
51.82555010309846
 30
0.0
  0
SPLINE
  5
3A6
330
1F
100
AcDbEntity
  8
0
  6
Continuous
 62
    18
420
        0
370
    25
100
AcDbSpline
210
0.0
220
0.0
230
1.0
 70
     8
 71
     3
 72
     8
 73
     4
 74
     0
 42
0.000000001
 43
0.0
 40
0.0
 40
0.0
 40
0.0
 40
0.0
 40
1.0
 40
1.0
 40
1.0
 40
1.0
 10
293.9581274222585
 20
51.82555010309858
 30
0.0
 10
293.681985047343
 20
51.82555010309858
 30
0.0
 10
293.4581274222584
 20
51.60169247801393
 30
0.0
 10
293.4581274222584
 20
51.32555010309845
 30
0.0
  0
SPLINE
  5
3A7
330
1F
100
AcDbEntity
  8
0
  6
Continuous
 62
    18
420
        0
370
    25
100
AcDbSpline
210
0.0
220
0.0
230
1.0
 70
     8
 71
     3
 72
     8
 73
     4
 74
     0
 42
0.000000001
 43
0.0
 40
0.0
 40
0.0
 40
0.0
 40
0.0
 40
1.0
 40
1.0
 40
1.0
 40
1.0
 10
293.4581274222585
 20
38.32555010309846
 30
0.0
 10
293.4581274222585
 20
38.04940772818306
 30
0.0
 10
293.6819850473431
 20
37.82555010309844
 30
0.0
 10
293.9581274222585
 20
37.82555010309844
 30
0.0
  0
SPLINE
  5
3A8
330
1F
100
AcDbEntity
  8
0
  6
Continuous
 62
    18
420
        0
370
    25
100
AcDbSpline
210
0.0
220
0.0
230
1.0
 70
     8
 71
     3
 72
     8
 73
     4
 74
     0
 42
0.000000001
 43
0.0
 40
0.0
 40
0.0
 40
0.0
 40
0.0
 40
1.0
 40
1.0
 40
1.0
 40
1.0
 10
306.9581274222584
 20
37.82555010309844
 30
0.0
 10
307.2342697971739
 20
37.82555010309844
 30
0.0
 10
307.4581274222585
 20
38.04940772818306
 30
0.0
 10
307.4581274222585
 20
38.32555010309846
 30
0.0
  0
SPLINE
  5
3A9
330
1F
100
AcDbEntity
  8
0
  6
Continuous
 62
    18
420
        0
370
    25
100
AcDbSpline
210
0.0
220
0.0
230
1.0
 70
     8
 71
     3
 72
     8
 73
     4
 74
     0
 42
0.000000001
 43
0.0
 40
0.0
 40
0.0
 40
0.0
 40
0.0
 40
1.0
 40
1.0
 40
1.0
 40
1.0
 10
288.4081274221585
 20
51.32555010309845
 30
0.0
 10
288.4081274221585
 20
51.60169247801386
 30
0.0
 10
288.1842697970739
 20
51.82555010309846
 30
0.0
 10
287.9081274221584
 20
51.82555010309846
 30
0.0
  0
SPLINE
  5
3AA
330
1F
100
AcDbEntity
  8
0
  6
Continuous
 62
    18
420
        0
370
    25
100
AcDbSpline
210
0.0
220
0.0
230
1.0
 70
     8
 71
     3
 72
     8
 73
     4
 74
     0
 42
0.000000001
 43
0.0
 40
0.0
 40
0.0
 40
0.0
 40
0.0
 40
1.0
 40
1.0
 40
1.0
 40
1.0
 10
274.9081274221585
 20
51.82555010309848
 30
0.0
 10
274.6319850472431
 20
51.82555010309848
 30
0.0
 10
274.4081274221584
 20
51.60169247801386
 30
0.0
 10
274.4081274221584
 20
51.32555010309845
 30
0.0
  0
SPLINE
  5
3AB
330
1F
100
AcDbEntity
  8
0
  6
Continuous
 62
    18
420
        0
370
    25
100
AcDbSpline
210
0.0
220
0.0
230
1.0
 70
     8
 71
     3
 72
     8
 73
     4
 74
     0
 42
0.000000001
 43
0.0
 40
0.0
 40
0.0
 40
0.0
 40
0.0
 40
1.0
 40
1.0
 40
1.0
 40
1.0
 10
274.4081274221584
 20
38.32555010309846
 30
0.0
 10
274.4081274221584
 20
38.04940772818303
 30
0.0
 10
274.6319850472431
 20
37.82555010309842
 30
0.0
 10
274.9081274221585
 20
37.82555010309842
 30
0.0
  0
SPLINE
  5
3AC
330
1F
100
AcDbEntity
  8
0
  6
Continuous
 62
    18
420
        0
370
    25
100
AcDbSpline
210
0.0
220
0.0
230
1.0
 70
     8
 71
     3
 72
     8
 73
     4
 74
     0
 42
0.000000001
 43
0.0
 40
0.0
 40
0.0
 40
0.0
 40
0.0
 40
1.0
 40
1.0
 40
1.0
 40
1.0
 10
287.9081274221584
 20
37.82555010309844
 30
0.0
 10
288.1842697970739
 20
37.82555010309844
 30
0.0
 10
288.4081274221585
 20
38.04940772818306
 30
0.0
 10
288.4081274221585
 20
38.32555010309846
 30
0.0
  0
SPLINE
  5
3AD
330
1F
100
AcDbEntity
  8
0
  6
Continuous
 62
    18
420
        0
370
    25
100
AcDbSpline
210
0.0
220
0.0
230
1.0
 70
     8
 71
     3
 72
     8
 73
     4
 74
     0
 42
0.000000001
 43
0.0
 40
0.0
 40
0.0
 40
0.0
 40
0.0
 40
1.0
 40
1.0
 40
1.0
 40
1.0
 10
43.13937742225851
 20
91.80680010309845
 30
0.0
 10
43.13937742225851
 20
92.08294247801388
 30
0.0
 10
42.91551979717387
 20
92.30680010309851
 30
0.0
 10
42.63937742225846
 20
92.30680010309851
 30
0.0
  0
SPLINE
  5
3AE
330
1F
100
AcDbEntity
  8
0
  6
Continuous
 62
    18
420
        0
370
    25
100
AcDbSpline
210
0.0
220
0.0
230
1.0
 70
     8
 71
     3
 72
     8
 73
     4
 74
     0
 42
0.000000001
 43
0.0
 40
0.0
 40
0.0
 40
0.0
 40
0.0
 40
1.0
 40
1.0
 40
1.0
 40
1.0
 10
21.77484142225851
 20
92.55680010309845
 30
0.0
 10
21.77484142225851
 20
92.41872891564078
 30
0.0
 10
21.88677023480081
 20
92.30680010309851
 30
0.0
 10
22.02484142225848
 20
92.30680010309851
 30
0.0
  0
SPLINE
  5
3AF
330
1F
100
AcDbEntity
  8
0
  6
Continuous
 62
    18
420
        0
370
    25
100
AcDbSpline
210
0.0
220
0.0
230
1.0
 70
     8
 71
     3
 72
     8
 73
     4
 74
     0
 42
0.000000001
 43
0.0
 40
0.0
 40
0.0
 40
0.0
 40
0.0
 40
1.0
 40
1.0
 40
1.0
 40
1.0
 10
21.77484142225855
 20
97.62351410309847
 30
0.0
 10
21.77484142225855
 20
97.76158529055618
 30
0.0
 10
21.66291260971622
 20
97.87351410309853
 30
0.0
 10
21.52484142225849
 20
97.87351410309853
 30
0.0
  0
SPLINE
  5
3B0
330
1F
100
AcDbEntity
  8
0
  6
Continuous
 62
    18
420
        0
370
    25
100
AcDbSpline
210
0.0
220
0.0
230
1.0
 70
     8
 71
     3
 72
     8
 73
     4
 74
     0
 42
0.000000001
 43
0.0
 40
0.0
 40
0.0
 40
0.0
 40
0.0
 40
1.0
 40
1.0
 40
1.0
 40
1.0
 10
21.02484142225848
 20
97.87351410309839
 30
0.0
 10
20.88677023480082
 20
97.87351410309839
 30
0.0
 10
20.77484142225856
 20
97.76158529055613
 30
0.0
 10
20.77484142225856
 20
97.62351410309847
 30
0.0
  0
SPLINE
  5
3B1
330
1F
100
AcDbEntity
  8
0
  6
Continuous
 62
    18
420
        0
370
    25
100
AcDbSpline
210
0.0
220
0.0
230
1.0
 70
     8
 71
     3
 72
     8
 73
     4
 74
     0
 42
0.000000001
 43
0.0
 40
0.0
 40
0.0
 40
0.0
 40
0.0
 40
1.0
 40
1.0
 40
1.0
 40
1.0
 10
20.77484142225852
 20
72.42351410309846
 30
0.0
 10
20.77484142225852
 20
72.28544291564079
 30
0.0
 10
20.88677023480082
 20
72.1735141030985
 30
0.0
 10
21.02484142225848
 20
72.1735141030985
 30
0.0
  0
SPLINE
  5
3B2
330
1F
100
AcDbEntity
  8
0
  6
Continuous
 62
    18
420
        0
370
    25
100
AcDbSpline
210
0.0
220
0.0
230
1.0
 70
     8
 71
     3
 72
     8
 73
     4
 74
     0
 42
0.000000001
 43
0.0
 40
0.0
 40
0.0
 40
0.0
 40
0.0
 40
1.0
 40
1.0
 40
1.0
 40
1.0
 10
21.52484142225849
 20
72.17351410309846
 30
0.0
 10
21.66291260971619
 20
72.17351410309846
 30
0.0
 10
21.77484142225851
 20
72.28544291564076
 30
0.0
 10
21.77484142225851
 20
72.42351410309846
 30
0.0
  0
SPLINE
  5
3B3
330
1F
100
AcDbEntity
  8
0
  6
Continuous
 62
    18
420
        0
370
    25
100
AcDbSpline
210
0.0
220
0.0
230
1.0
 70
     8
 71
     3
 72
     8
 73
     4
 74
     0
 42
0.000000001
 43
0.0
 40
0.0
 40
0.0
 40
0.0
 40
0.0
 40
1.0
 40
1.0
 40
1.0
 40
1.0
 10
22.02484142225848
 20
78.30680010309844
 30
0.0
 10
21.88677023480079
 20
78.30680010309844
 30
0.0
 10
21.77484142225849
 20
78.19487129055615
 30
0.0
 10
21.77484142225849
 20
78.05680010309845
 30
0.0
  0
SPLINE
  5
3B4
330
1F
100
AcDbEntity
  8
0
  6
Continuous
 62
    18
420
        0
370
    25
100
AcDbSpline
210
0.0
220
0.0
230
1.0
 70
     8
 71
     3
 72
     8
 73
     4
 74
     0
 42
0.000000001
 43
0.0
 40
0.0
 40
0.0
 40
0.0
 40
0.0
 40
1.0
 40
1.0
 40
1.0
 40
1.0
 10
42.63937742225846
 20
78.3068001030984
 30
0.0
 10
42.91551979717389
 20
78.3068001030984
 30
0.0
 10
43.13937742225853
 20
78.53065772818303
 30
0.0
 10
43.13937742225853
 20
78.80680010309845
 30
0.0
  0
SPLINE
  5
3B5
330
1F
100
AcDbEntity
  8
0
  6
Continuous
 62
    18
420
        0
370
    25
100
AcDbSpline
210
0.0
220
0.0
230
1.0
 70
     8
 71
     3
 72
     8
 73
     4
 74
     0
 42
0.000000001
 43
0.0
 40
0.0
 40
0.0
 40
0.0
 40
0.0
 40
1.0
 40
1.0
 40
1.0
 40
1.0
 10
284.8322164222585
 20
135.0235141030986
 30
0.0
 10
284.6941452348007
 20
135.0235141030986
 30
0.0
 10
284.5822164222583
 20
134.9115852905562
 30
0.0
 10
284.5822164222583
 20
134.7735141030984
 30
0.0
  0
SPLINE
  5
3B6
330
1F
100
AcDbEntity
  8
0
  6
Continuous
 62
    18
420
        0
370
    25
100
AcDbSpline
210
0.0
220
0.0
230
1.0
 70
     8
 71
     3
 72
     8
 73
     4
 74
     0
 42
0.000000001
 43
0.0
 40
0.0
 40
0.0
 40
0.0
 40
0.0
 40
1.0
 40
1.0
 40
1.0
 40
1.0
 10
284.5822164222585
 20
134.2735141030984
 30
0.0
 10
284.5822164222585
 20
134.1354429156408
 30
0.0
 10
284.6941452348008
 20
134.0235141030984
 30
0.0
 10
284.8322164222585
 20
134.0235141030984
 30
0.0
  0
SPLINE
  5
3B7
330
1F
100
AcDbEntity
  8
0
  6
Continuous
 62
    18
420
        0
370
    25
100
AcDbSpline
210
0.0
220
0.0
230
1.0
 70
     8
 71
     3
 72
     8
 73
     4
 74
     0
 42
0.000000001
 43
0.0
 40
0.0
 40
0.0
 40
0.0
 40
0.0
 40
1.0
 40
1.0
 40
1.0
 40
1.0
 10
310.0322164222584
 20
134.0235141030983
 30
0.0
 10
310.1702876097162
 20
134.0235141030983
 30
0.0
 10
310.2822164222586
 20
134.1354429156407
 30
0.0
 10
310.2822164222586
 20
134.2735141030984
 30
0.0
  0
SPLINE
  5
3B8
330
1F
100
AcDbEntity
  8
0
  6
Continuous
 62
    18
420
        0
370
    25
100
AcDbSpline
210
0.0
220
0.0
230
1.0
 70
     8
 71
     3
 72
     8
 73
     4
 74
     0
 42
0.000000001
 43
0.0
 40
0.0
 40
0.0
 40
0.0
 40
0.0
 40
1.0
 40
1.0
 40
1.0
 40
1.0
 10
310.2822164222585
 20
134.7735141030984
 30
0.0
 10
310.2822164222585
 20
134.9115852905562
 30
0.0
 10
310.1702876097162
 20
135.0235141030984
 30
0.0
 10
310.0322164222584
 20
135.0235141030984
 30
0.0
  0
SPLINE
  5
3B9
330
1F
100
AcDbEntity
  8
0
  6
Continuous
 62
    18
420
        0
370
    25
100
AcDbSpline
210
0.0
220
0.0
230
1.0
 70
     8
 71
     3
 72
     8
 73
     4
 74
     0
 42
0.000000001
 43
0.0
 40
0.0
 40
0.0
 40
0.0
 40
0.0
 40
1.0
 40
1.0
 40
1.0
 40
1.0
 10
189.7197164222585
 20
35.12351410309839
 30
0.0
 10
189.8577876097162
 20
35.12351410309839
 30
0.0
 10
189.9697164222585
 20
35.2354429156407
 30
0.0
 10
189.9697164222585
 20
35.37351410309847
 30
0.0
  0
SPLINE
  5
3BA
330
1F
100
AcDbEntity
  8
0
  6
Continuous
 62
    18
420
        0
370
    25
100
AcDbSpline
210
0.0
220
0.0
230
1.0
 70
     8
 71
     3
 72
     8
 73
     4
 74
     0
 42
0.000000001
 43
0.0
 40
0.0
 40
0.0
 40
0.0
 40
0.0
 40
1.0
 40
1.0
 40
1.0
 40
1.0
 10
189.9697164222585
 20
35.87351410309847
 30
0.0
 10
189.9697164222585
 20
36.01158529055616
 30
0.0
 10
189.8577876097162
 20
36.12351410309847
 30
0.0
 10
189.7197164222585
 20
36.12351410309847
 30
0.0
  0
SPLINE
  5
3BB
330
1F
100
AcDbEntity
  8
0
  6
Continuous
 62
    18
420
        0
370
    25
100
AcDbSpline
210
0.0
220
0.0
230
1.0
 70
     8
 71
     3
 72
     8
 73
     4
 74
     0
 42
0.000000001
 43
0.0
 40
0.0
 40
0.0
 40
0.0
 40
0.0
 40
1.0
 40
1.0
 40
1.0
 40
1.0
 10
164.5197164222585
 20
36.12351410309844
 30
0.0
 10
164.3816452348008
 20
36.12351410309844
 30
0.0
 10
164.2697164222585
 20
36.01158529055616
 30
0.0
 10
164.2697164222585
 20
35.87351410309847
 30
0.0
  0
SPLINE
  5
3BC
330
1F
100
AcDbEntity
  8
0
  6
Continuous
 62
    18
420
        0
370
    25
100
AcDbSpline
210
0.0
220
0.0
230
1.0
 70
     8
 71
     3
 72
     8
 73
     4
 74
     0
 42
0.000000001
 43
0.0
 40
0.0
 40
0.0
 40
0.0
 40
0.0
 40
1.0
 40
1.0
 40
1.0
 40
1.0
 10
164.2697164222585
 20
35.37351410309847
 30
0.0
 10
164.2697164222585
 20
35.23544291564076
 30
0.0
 10
164.3816452348008
 20
35.12351410309849
 30
0.0
 10
164.5197164222585
 20
35.12351410309849
 30
0.0
  0
SPLINE
  5
3BD
330
1F
100
AcDbEntity
  8
0
  6
Continuous
 62
    18
420
        0
370
    25
100
AcDbSpline
210
0.0
220
0.0
230
1.0
 70
     8
 71
     3
 72
     8
 73
     4
 74
     0
 42
0.000000001
 43
0.0
 40
0.0
 40
0.0
 40
0.0
 40
0.0
 40
1.0
 40
1.0
 40
1.0
 40
1.0
 10
310.0322164222584
 20
35.12351410309843
 30
0.0
 10
310.1702876097162
 20
35.12351410309843
 30
0.0
 10
310.2822164222585
 20
35.23544291564075
 30
0.0
 10
310.2822164222585
 20
35.37351410309847
 30
0.0
  0
SPLINE
  5
3BE
330
1F
100
AcDbEntity
  8
0
  6
Continuous
 62
    18
420
        0
370
    25
100
AcDbSpline
210
0.0
220
0.0
230
1.0
 70
     8
 71
     3
 72
     8
 73
     4
 74
     0
 42
0.000000001
 43
0.0
 40
0.0
 40
0.0
 40
0.0
 40
0.0
 40
1.0
 40
1.0
 40
1.0
 40
1.0
 10
310.2822164222585
 20
35.87351410309847
 30
0.0
 10
310.2822164222585
 20
36.01158529055616
 30
0.0
 10
310.1702876097161
 20
36.12351410309844
 30
0.0
 10
310.0322164222584
 20
36.12351410309844
 30
0.0
  0
SPLINE
  5
3BF
330
1F
100
AcDbEntity
  8
0
  6
Continuous
 62
    18
420
        0
370
    25
100
AcDbSpline
210
0.0
220
0.0
230
1.0
 70
     8
 71
     3
 72
     8
 73
     4
 74
     0
 42
0.000000001
 43
0.0
 40
0.0
 40
0.0
 40
0.0
 40
0.0
 40
1.0
 40
1.0
 40
1.0
 40
1.0
 10
284.8322164222585
 20
36.12351410309851
 30
0.0
 10
284.6941452348007
 20
36.12351410309851
 30
0.0
 10
284.5822164222584
 20
36.0115852905562
 30
0.0
 10
284.5822164222584
 20
35.87351410309847
 30
0.0
  0
SPLINE
  5
3C0
330
1F
100
AcDbEntity
  8
0
  6
Continuous
 62
    18
420
        0
370
    25
100
AcDbSpline
210
0.0
220
0.0
230
1.0
 70
     8
 71
     3
 72
     8
 73
     4
 74
     0
 42
0.000000001
 43
0.0
 40
0.0
 40
0.0
 40
0.0
 40
0.0
 40
1.0
 40
1.0
 40
1.0
 40
1.0
 10
284.5822164222584
 20
35.37351410309847
 30
0.0
 10
284.5822164222584
 20
35.23544291564075
 30
0.0
 10
284.6941452348007
 20
35.1235141030984
 30
0.0
 10
284.8322164222585
 20
35.1235141030984
 30
0.0
  0
SPLINE
  5
3C1
330
1F
100
AcDbEntity
  8
0
  6
Continuous
 62
    18
420
        0
370
    25
100
AcDbSpline
210
0.0
220
0.0
230
1.0
 70
     8
 71
     3
 72
     8
 73
     4
 74
     0
 42
0.000000001
 43
0.0
 40
0.0
 40
0.0
 40
0.0
 40
0.0
 40
1.0
 40
1.0
 40
1.0
 40
1.0
 10
318.0981274222585
 20
130.2872641030985
 30
0.0
 10
317.821985047343
 20
130.2872641030985
 30
0.0
 10
317.5981274222585
 20
130.0634064780139
 30
0.0
 10
317.5981274222585
 20
129.7872641030985
 30
0.0
  0
SPLINE
  5
3C2
330
1F
100
AcDbEntity
  8
0
  6
Continuous
 62
    18
420
        0
370
    25
100
AcDbSpline
210
0.0
220
0.0
230
1.0
 70
     8
 71
     3
 72
     8
 73
     4
 74
     0
 42
0.000000001
 43
0.0
 40
0.0
 40
0.0
 40
0.0
 40
0.0
 40
1.0
 40
1.0
 40
1.0
 40
1.0
 10
317.5981274222584
 20
116.7372641030985
 30
0.0
 10
317.5981274222584
 20
116.461121728183
 30
0.0
 10
317.821985047343
 20
116.2372641030984
 30
0.0
 10
318.0981274222585
 20
116.2372641030984
 30
0.0
  0
SPLINE
  5
3C3
330
1F
100
AcDbEntity
  8
0
  6
Continuous
 62
    18
420
        0
370
    25
100
AcDbSpline
210
0.0
220
0.0
230
1.0
 70
     8
 71
     3
 72
     8
 73
     4
 74
     0
 42
0.000000001
 43
0.0
 40
0.0
 40
0.0
 40
0.0
 40
0.0
 40
1.0
 40
1.0
 40
1.0
 40
1.0
 10
331.1481274222585
 20
116.2372641030985
 30
0.0
 10
331.4242697971738
 20
116.2372641030985
 30
0.0
 10
331.6481274222584
 20
116.4611217281831
 30
0.0
 10
331.6481274222584
 20
116.7372641030985
 30
0.0
  0
SPLINE
  5
3C4
330
1F
100
AcDbEntity
  8
0
  6
Continuous
 62
    18
420
        0
370
    25
100
AcDbSpline
210
0.0
220
0.0
230
1.0
 70
     8
 71
     3
 72
     8
 73
     4
 74
     0
 42
0.000000001
 43
0.0
 40
0.0
 40
0.0
 40
0.0
 40
0.0
 40
1.0
 40
1.0
 40
1.0
 40
1.0
 10
331.6481274222585
 20
129.7872641030985
 30
0.0
 10
331.6481274222585
 20
130.0634064780139
 30
0.0
 10
331.4242697971738
 20
130.2872641030985
 30
0.0
 10
331.1481274222585
 20
130.2872641030985
 30
0.0
  0
SPLINE
  5
3C5
330
1F
100
AcDbEntity
  8
0
  6
Continuous
 62
    18
420
        0
370
    25
100
AcDbSpline
210
0.0
220
0.0
230
1.0
 70
     8
 71
     3
 72
     8
 73
     4
 74
     0
 42
0.000000001
 43
0.0
 40
0.0
 40
0.0
 40
0.0
 40
0.0
 40
1.0
 40
1.0
 40
1.0
 40
1.0
 10
157.7889943091714
 20
135.8131550653009
 30
0.0
 10
157.3992841569287
 20
137.0682017486508
 30
0.0
 10
156.2380993938493
 20
137.9235141030916
 30
0.0
 10
154.9239395176742
 20
137.9235141030985
 30
0.0
  0
SPLINE
  5
3C6
330
1F
100
AcDbEntity
  8
0
  6
Continuous
 62
    18
420
        0
370
    25
100
AcDbSpline
210
0.0
220
0.0
230
1.0
 70
     8
 71
     3
 72
     8
 73
     4
 74
     0
 42
0.000000001
 43
0.0
 40
0.0
 40
0.0
 40
0.0
 40
0.0
 40
1.0
 40
1.0
 40
1.0
 40
1.0
 10
157.7889943091585
 20
135.7735141030984
 30
0.0
 10
157.7889943091585
 20
135.6354429156408
 30
0.0
 10
157.9009231217008
 20
135.5235141030984
 30
0.0
 10
158.0389943091585
 20
135.5235141030984
 30
0.0
  0
SPLINE
  5
3C7
330
1F
100
AcDbEntity
  8
0
  6
Continuous
 62
    18
420
        0
370
    25
100
AcDbSpline
210
0.0
220
0.0
230
1.0
 70
     8
 71
     3
 72
     8
 73
     4
 74
     0
 42
0.000000001
 43
0.0
 40
0.0
 40
0.0
 40
0.0
 40
0.0
 40
1.0
 40
1.0
 40
1.0
 40
1.0
 10
161.0197164222585
 20
135.5235141030984
 30
0.0
 10
161.1577876097162
 20
135.5235141030984
 30
0.0
 10
161.2697164222585
 20
135.6354429156408
 30
0.0
 10
161.2697164222585
 20
135.7735141030984
 30
0.0
  0
SPLINE
  5
3C8
330
1F
100
AcDbEntity
  8
0
  6
Continuous
 62
    18
420
        0
370
    25
100
AcDbSpline
210
0.0
220
0.0
230
1.0
 70
     8
 71
     3
 72
     8
 73
     4
 74
     0
 42
0.000000001
 43
0.0
 40
0.0
 40
0.0
 40
0.0
 40
0.0
 40
1.0
 40
1.0
 40
1.0
 40
1.0
 10
161.5697164222585
 20
136.286127748894
 30
0.0
 10
161.3875030535594
 20
136.2066033151135
 30
0.0
 10
161.2697164222741
 20
136.0266812638892
 30
0.0
 10
161.2697164222585
 20
135.8278701794378
 30
0.0
  0
SPLINE
  5
3C9
330
1F
100
AcDbEntity
  8
0
  6
Continuous
 62
    18
420
        0
370
    25
100
AcDbSpline
210
0.0
220
0.0
230
1.0
 70
     8
 71
     3
 72
    11
 73
     7
 74
     0
 42
0.000000001
 43
0.0
 40
0.0
 40
0.0
 40
0.0
 40
0.0
 40
1.0
 40
1.0
 40
1.0
 40
2.0
 40
2.0
 40
2.0
 40
2.0
 10
161.569716422289
 20
136.2861277488245
 30
0.0
 10
161.8430364753945
 20
136.4054143994873
 30
0.0
 10
162.0197164223587
 20
136.6752974763722
 30
0.0
 10
162.0197164223587
 20
136.9735141030985
 30
0.0
 10
162.0197164223587
 20
137.2717307298247
 30
0.0
 10
161.8430364753945
 20
137.5416138067096
 30
0.0
 10
161.569716422289
 20
137.6609004573724
 30
0.0
  0
SPLINE
  5
3CA
330
1F
100
AcDbEntity
  8
0
  6
Continuous
 62
    18
420
        0
370
    25
100
AcDbSpline
210
0.0
220
0.0
230
1.0
 70
     8
 71
     3
 72
     8
 73
     4
 74
     0
 42
0.000000001
 43
0.0
 40
0.0
 40
0.0
 40
0.0
 40
0.0
 40
1.0
 40
1.0
 40
1.0
 40
1.0
 10
161.2697164222585
 20
138.1191580268984
 30
0.0
 10
161.2697164222585
 20
137.9203469424327
 30
0.0
 10
161.3875030535464
 20
137.7404248911892
 30
0.0
 10
161.5697164222585
 20
137.6609004574029
 30
0.0
  0
SPLINE
  5
3CB
330
1F
100
AcDbEntity
  8
0
  6
Continuous
 62
    18
420
        0
370
    25
100
AcDbSpline
210
0.0
220
0.0
230
1.0
 70
     8
 71
     3
 72
     8
 73
     4
 74
     0
 42
0.000000001
 43
0.0
 40
0.0
 40
0.0
 40
0.0
 40
0.0
 40
1.0
 40
1.0
 40
1.0
 40
1.0
 10
162.2697164222585
 20
139.4235141030985
 30
0.0
 10
161.7174316724277
 20
139.4235141030985
 30
0.0
 10
161.2697164222585
 20
138.9757988529292
 30
0.0
 10
161.2697164222585
 20
138.4235141030985
 30
0.0
  0
SPLINE
  5
3CC
330
1F
100
AcDbEntity
  8
0
  6
Continuous
 62
    18
420
        0
370
    25
100
AcDbSpline
210
0.0
220
0.0
230
1.0
 70
     8
 71
     3
 72
     8
 73
     4
 74
     0
 42
0.000000001
 43
0.0
 40
0.0
 40
0.0
 40
0.0
 40
0.0
 40
1.0
 40
1.0
 40
1.0
 40
1.0
 10
192.9697164222585
 20
138.423514103102
 30
0.0
 10
192.9697164222566
 20
138.9757988529314
 30
0.0
 10
192.5220011720879
 20
139.4235141030985
 30
0.0
 10
191.9697164222585
 20
139.4235141030985
 30
0.0
  0
SPLINE
  5
3CD
330
1F
100
AcDbEntity
  8
0
  6
Continuous
 62
    18
420
        0
370
    25
100
AcDbSpline
210
0.0
220
0.0
230
1.0
 70
     8
 71
     3
 72
     8
 73
     4
 74
     0
 42
0.000000001
 43
0.0
 40
0.0
 40
0.0
 40
0.0
 40
0.0
 40
1.0
 40
1.0
 40
1.0
 40
1.0
 10
192.6697164222584
 20
137.6609004573029
 30
0.0
 10
192.8519297909908
 20
137.7404248910981
 30
0.0
 10
192.9697164222827
 20
137.9203469423717
 30
0.0
 10
192.9697164222584
 20
138.1191580268595
 30
0.0
  0
SPLINE
  5
3CE
330
1F
100
AcDbEntity
  8
0
  6
Continuous
 62
    18
420
        0
370
    25
100
AcDbSpline
210
0.0
220
0.0
230
1.0
 70
     8
 71
     3
 72
    11
 73
     7
 74
     0
 42
0.000000001
 43
0.0
 40
0.0
 40
0.0
 40
0.0
 40
0.0
 40
1.0
 40
1.0
 40
1.0
 40
2.0
 40
2.0
 40
2.0
 40
2.0
 10
192.6697164222141
 20
137.6609004573225
 30
0.0
 10
192.3963963691697
 20
137.5416138066324
 30
0.0
 10
192.2197164222585
 20
137.2717307297795
 30
0.0
 10
192.2197164222585
 20
136.9735141030985
 30
0.0
 10
192.2197164222585
 20
136.6752974764174
 30
0.0
 10
192.3963963691697
 20
136.4054143995645
 30
0.0
 10
192.6697164222141
 20
136.2861277488745
 30
0.0
  0
SPLINE
  5
3CF
330
1F
100
AcDbEntity
  8
0
  6
Continuous
 62
    18
420
        0
370
    25
100
AcDbSpline
210
0.0
220
0.0
230
1.0
 70
     8
 71
     3
 72
     8
 73
     4
 74
     0
 42
0.000000001
 43
0.0
 40
0.0
 40
0.0
 40
0.0
 40
0.0
 40
1.0
 40
1.0
 40
1.0
 40
1.0
 10
192.9697164222585
 20
135.8278701793985
 30
0.0
 10
192.9697164222585
 20
136.0266812638642
 30
0.0
 10
192.8519297909706
 20
136.2066033151078
 30
0.0
 10
192.6697164222585
 20
136.2861277488941
 30
0.0
  0
SPLINE
  5
3D0
330
1F
100
AcDbEntity
  8
0
  6
Continuous
 62
    18
420
        0
370
    25
100
AcDbSpline
210
0.0
220
0.0
230
1.0
 70
     8
 71
     3
 72
     8
 73
     4
 74
     0
 42
0.000000001
 43
0.0
 40
0.0
 40
0.0
 40
0.0
 40
0.0
 40
1.0
 40
1.0
 40
1.0
 40
1.0
 10
192.9697164222584
 20
135.7735141030984
 30
0.0
 10
192.9697164222584
 20
135.6354429156407
 30
0.0
 10
193.0816452348008
 20
135.5235141030984
 30
0.0
 10
193.2197164222585
 20
135.5235141030984
 30
0.0
  0
SPLINE
  5
3D1
330
1F
100
AcDbEntity
  8
0
  6
Continuous
 62
    18
420
        0
370
    25
100
AcDbSpline
210
0.0
220
0.0
230
1.0
 70
     8
 71
     3
 72
     8
 73
     4
 74
     0
 42
0.000000001
 43
0.0
 40
0.0
 40
0.0
 40
0.0
 40
0.0
 40
1.0
 40
1.0
 40
1.0
 40
1.0
 10
196.2004385353585
 20
135.5235141030984
 30
0.0
 10
196.3385097228162
 20
135.5235141030984
 30
0.0
 10
196.4504385353585
 20
135.6354429156408
 30
0.0
 10
196.4504385353585
 20
135.7735141030984
 30
0.0
  0
SPLINE
  5
3D2
330
1F
100
AcDbEntity
  8
0
  6
Continuous
 62
    18
420
        0
370
    25
100
AcDbSpline
210
0.0
220
0.0
230
1.0
 70
     8
 71
     3
 72
     8
 73
     4
 74
     0
 42
0.000000001
 43
0.0
 40
0.0
 40
0.0
 40
0.0
 40
0.0
 40
1.0
 40
1.0
 40
1.0
 40
1.0
 10
199.3154933268428
 20
137.9235141030987
 30
0.0
 10
198.0013334506676
 20
137.9235141030918
 30
0.0
 10
196.8401486875881
 20
137.0682017486509
 30
0.0
 10
196.4504385353453
 20
135.813155065301
 30
0.0
  0
SPLINE
  5
3D3
330
1F
100
AcDbEntity
  8
0
  6
Continuous
 62
    18
420
        0
370
    25
100
AcDbSpline
210
0.0
220
0.0
230
1.0
 70
     8
 71
     3
 72
     8
 73
     4
 74
     0
 42
0.000000001
 43
0.0
 40
0.0
 40
0.0
 40
0.0
 40
0.0
 40
1.0
 40
1.0
 40
1.0
 40
1.0
 10
243.1623414222584
 20
135.9235141030985
 30
0.0
 10
243.1623414222584
 20
137.02808360276
 30
0.0
 10
242.2669109219201
 20
137.9235141030985
 30
0.0
 10
241.1623414222585
 20
137.9235141030985
 30
0.0
  0
SPLINE
  5
3D4
330
1F
100
AcDbEntity
  8
0
  6
Continuous
 62
    18
420
        0
370
    25
100
AcDbSpline
210
0.0
220
0.0
230
1.0
 70
     8
 71
     3
 72
     8
 73
     4
 74
     0
 42
0.000000001
 43
0.0
 40
0.0
 40
0.0
 40
0.0
 40
0.0
 40
1.0
 40
1.0
 40
1.0
 40
1.0
 10
243.1623414222584
 20
135.7922641032985
 30
0.0
 10
243.1623414222584
 20
134.6876946036369
 30
0.0
 10
244.0577719225969
 20
133.7922641032984
 30
0.0
 10
245.1623414222585
 20
133.7922641032984
 30
0.0
  0
SPLINE
  5
3D5
330
1F
100
AcDbEntity
  8
0
  6
Continuous
 62
    18
420
        0
370
    25
100
AcDbSpline
210
0.0
220
0.0
230
1.0
 70
     8
 71
     3
 72
     8
 73
     4
 74
     0
 42
0.000000001
 43
0.0
 40
0.0
 40
0.0
 40
0.0
 40
0.0
 40
1.0
 40
1.0
 40
1.0
 40
1.0
 10
260.1623414222585
 20
133.7922641032984
 30
0.0
 10
261.26691092192
 20
133.7922641032984
 30
0.0
 10
262.1623414222585
 20
134.6876946036369
 30
0.0
 10
262.1623414222585
 20
135.7922641032985
 30
0.0
  0
SPLINE
  5
3D6
330
1F
100
AcDbEntity
  8
0
  6
Continuous
 62
    18
420
        0
370
    25
100
AcDbSpline
210
0.0
220
0.0
230
1.0
 70
     8
 71
     3
 72
     8
 73
     4
 74
     0
 42
0.000000001
 43
0.0
 40
0.0
 40
0.0
 40
0.0
 40
0.0
 40
1.0
 40
1.0
 40
1.0
 40
1.0
 10
264.1623414222585
 20
137.9235141030985
 30
0.0
 10
263.0577719225969
 20
137.9235141030985
 30
0.0
 10
262.1623414222585
 20
137.02808360276
 30
0.0
 10
262.1623414222585
 20
135.9235141030985
 30
0.0
  0
SPLINE
  5
3D7
330
1F
100
AcDbEntity
  8
0
  6
Continuous
 62
    18
420
        0
370
    25
100
AcDbSpline
210
0.0
220
0.0
230
1.0
 70
     8
 71
     3
 72
     8
 73
     4
 74
     0
 42
0.000000001
 43
0.0
 40
0.0
 40
0.0
 40
0.0
 40
0.0
 40
1.0
 40
1.0
 40
1.0
 40
1.0
 10
278.2189923339176
 20
135.2465910261757
 30
0.0
 10
278.0540285462335
 20
136.7694890556963
 30
0.0
 10
276.7682461175596
 20
137.9235141031092
 30
0.0
 10
275.2364395176376
 20
137.9235141030985
 30
0.0
  0
SPLINE
  5
3D8
330
1F
100
AcDbEntity
  8
0
  6
Continuous
 62
    18
420
        0
370
    25
100
AcDbSpline
210
0.0
220
0.0
230
1.0
 70
     8
 71
     3
 72
     8
 73
     4
 74
     0
 42
0.000000001
 43
0.0
 40
0.0
 40
0.0
 40
0.0
 40
0.0
 40
1.0
 40
1.0
 40
1.0
 40
1.0
 10
278.2189923339369
 20
135.2465910261753
 30
0.0
 10
278.2327393162438
 20
135.1196828570493
 30
0.0
 10
278.3398878519656
 20
135.0235141030984
 30
0.0
 10
278.4675384019585
 20
135.0235141030984
 30
0.0
  0
SPLINE
  5
3D9
330
1F
100
AcDbEntity
  8
0
  6
Continuous
 62
    18
420
        0
370
    25
100
AcDbSpline
210
0.0
220
0.0
230
1.0
 70
     8
 71
     3
 72
     8
 73
     4
 74
     0
 42
0.000000001
 43
0.0
 40
0.0
 40
0.0
 40
0.0
 40
0.0
 40
1.0
 40
1.0
 40
1.0
 40
1.0
 10
281.3322164222585
 20
135.0235141030984
 30
0.0
 10
281.4702876097162
 20
135.0235141030984
 30
0.0
 10
281.5822164222585
 20
135.1354429156407
 30
0.0
 10
281.5822164222585
 20
135.2735141030985
 30
0.0
  0
SPLINE
  5
3DA
330
1F
100
AcDbEntity
  8
0
  6
Continuous
 62
    18
420
        0
370
    25
100
AcDbSpline
210
0.0
220
0.0
230
1.0
 70
     8
 71
     3
 72
     8
 73
     4
 74
     0
 42
0.000000001
 43
0.0
 40
0.0
 40
0.0
 40
0.0
 40
0.0
 40
1.0
 40
1.0
 40
1.0
 40
1.0
 10
281.8822164222585
 20
136.2861277488942
 30
0.0
 10
281.7000030535593
 20
136.2066033151136
 30
0.0
 10
281.5822164222739
 20
136.0266812638893
 30
0.0
 10
281.5822164222583
 20
135.8278701794378
 30
0.0
  0
SPLINE
  5
3DB
330
1F
100
AcDbEntity
  8
0
  6
Continuous
 62
    18
420
        0
370
    25
100
AcDbSpline
210
0.0
220
0.0
230
1.0
 70
     8
 71
     3
 72
    11
 73
     7
 74
     0
 42
0.000000001
 43
0.0
 40
0.0
 40
0.0
 40
0.0
 40
0.0
 40
1.0
 40
1.0
 40
1.0
 40
2.0
 40
2.0
 40
2.0
 40
2.0
 10
281.8822164222889
 20
136.2861277488247
 30
0.0
 10
282.1555364753944
 20
136.4054143994875
 30
0.0
 10
282.3322164223585
 20
136.6752974763723
 30
0.0
 10
282.3322164223585
 20
136.9735141030985
 30
0.0
 10
282.3322164223585
 20
137.2717307298246
 30
0.0
 10
282.1555364753944
 20
137.5416138067094
 30
0.0
 10
281.8822164222889
 20
137.6609004573722
 30
0.0
  0
SPLINE
  5
3DC
330
1F
100
AcDbEntity
  8
0
  6
Continuous
 62
    18
420
        0
370
    25
100
AcDbSpline
210
0.0
220
0.0
230
1.0
 70
     8
 71
     3
 72
     8
 73
     4
 74
     0
 42
0.000000001
 43
0.0
 40
0.0
 40
0.0
 40
0.0
 40
0.0
 40
1.0
 40
1.0
 40
1.0
 40
1.0
 10
281.5822164222585
 20
138.1191580268984
 30
0.0
 10
281.5822164222585
 20
137.9203469424327
 30
0.0
 10
281.7000030535464
 20
137.7404248911892
 30
0.0
 10
281.8822164222585
 20
137.6609004574028
 30
0.0
  0
SPLINE
  5
3DD
330
1F
100
AcDbEntity
  8
0
  6
Continuous
 62
    18
420
        0
370
    25
100
AcDbSpline
210
0.0
220
0.0
230
1.0
 70
     8
 71
     3
 72
     8
 73
     4
 74
     0
 42
0.000000001
 43
0.0
 40
0.0
 40
0.0
 40
0.0
 40
0.0
 40
1.0
 40
1.0
 40
1.0
 40
1.0
 10
282.5822164222585
 20
139.4235141030985
 30
0.0
 10
282.029931672429
 20
139.4235141030985
 30
0.0
 10
281.5822164222603
 20
138.9757988529314
 30
0.0
 10
281.5822164222585
 20
138.423514103102
 30
0.0
  0
SPLINE
  5
3DE
330
1F
100
AcDbEntity
  8
0
  6
Continuous
 62
    18
420
        0
370
    25
100
AcDbSpline
210
0.0
220
0.0
230
1.0
 70
     8
 71
     3
 72
     8
 73
     4
 74
     0
 42
0.000000001
 43
0.0
 40
0.0
 40
0.0
 40
0.0
 40
0.0
 40
1.0
 40
1.0
 40
1.0
 40
1.0
 10
313.2822164222585
 20
138.4235141031089
 30
0.0
 10
313.2822164222527
 20
138.9757988529356
 30
0.0
 10
312.8345011720852
 20
139.4235141030985
 30
0.0
 10
312.2822164222585
 20
139.4235141030985
 30
0.0
  0
SPLINE
  5
3DF
330
1F
100
AcDbEntity
  8
0
  6
Continuous
 62
    18
420
        0
370
    25
100
AcDbSpline
210
0.0
220
0.0
230
1.0
 70
     8
 71
     3
 72
     8
 73
     4
 74
     0
 42
0.000000001
 43
0.0
 40
0.0
 40
0.0
 40
0.0
 40
0.0
 40
1.0
 40
1.0
 40
1.0
 40
1.0
 10
312.9822164222633
 20
137.6609004573051
 30
0.0
 10
313.1644297909939
 20
137.7404248911018
 30
0.0
 10
313.2822164222837
 20
137.9203469423753
 30
0.0
 10
313.2822164222583
 20
138.1191580268622
 30
0.0
  0
SPLINE
  5
3E0
330
1F
100
AcDbEntity
  8
0
  6
Continuous
 62
    18
420
        0
370
    25
100
AcDbSpline
210
0.0
220
0.0
230
1.0
 70
     8
 71
     3
 72
    11
 73
     7
 74
     0
 42
0.000000001
 43
0.0
 40
0.0
 40
0.0
 40
0.0
 40
0.0
 40
1.0
 40
1.0
 40
1.0
 40
2.0
 40
2.0
 40
2.0
 40
2.0
 10
312.9822164223115
 20
137.660900457322
 30
0.0
 10
312.7088963692682
 20
137.5416138066313
 30
0.0
 10
312.5322164223579
 20
137.2717307297788
 30
0.0
 10
312.5322164223579
 20
136.9735141030985
 30
0.0
 10
312.5322164223579
 20
136.6752974764181
 30
0.0
 10
312.7088963692682
 20
136.4054143995657
 30
0.0
 10
312.9822164223115
 20
136.286127748875
 30
0.0
  0
SPLINE
  5
3E1
330
1F
100
AcDbEntity
  8
0
  6
Continuous
 62
    18
420
        0
370
    25
100
AcDbSpline
210
0.0
220
0.0
230
1.0
 70
     8
 71
     3
 72
     8
 73
     4
 74
     0
 42
0.000000001
 43
0.0
 40
0.0
 40
0.0
 40
0.0
 40
0.0
 40
1.0
 40
1.0
 40
1.0
 40
1.0
 10
313.2822164222607
 20
135.8278701831073
 30
0.0
 10
313.2822164207859
 20
136.0266812662277
 30
0.0
 10
313.1644297897384
 20
136.2066033156479
 30
0.0
 10
312.9822164222593
 20
136.286127748896
 30
0.0
  0
SPLINE
  5
3E2
330
1F
100
AcDbEntity
  8
0
  6
Continuous
 62
    18
420
        0
370
    25
100
AcDbSpline
210
0.0
220
0.0
230
1.0
 70
     8
 71
     3
 72
    11
 73
     7
 74
     0
 42
0.000000001
 43
0.0
 40
0.0
 40
0.0
 40
0.0
 40
0.0
 40
1.0
 40
1.0
 40
1.0
 40
2.0
 40
2.0
 40
2.0
 40
2.0
 10
313.2822164222589
 20
135.2735141067985
 30
0.0
 10
313.2822164222589
 20
135.2072099843352
 30
0.0
 10
313.3085556323529
 20
135.1436215061075
 30
0.0
 10
313.3554397269692
 20
135.096737411495
 30
0.0
 10
313.4023238215855
 20
135.0498533168825
 30
0.0
 10
313.4659122998153
 20
135.0235141067935
 30
0.0
 10
313.5322164222786
 20
135.0235141067989
 30
0.0
  0
SPLINE
  5
3E3
330
1F
100
AcDbEntity
  8
0
  6
Continuous
 62
    18
420
        0
370
    25
100
AcDbSpline
210
0.0
220
0.0
230
1.0
 70
     8
 71
     3
 72
     8
 73
     4
 74
     0
 42
0.000000001
 43
0.0
 40
0.0
 40
0.0
 40
0.0
 40
0.0
 40
1.0
 40
1.0
 40
1.0
 40
1.0
 10
316.3968944425397
 20
135.0235141067985
 30
0.0
 10
316.5245449925382
 20
135.0235141067889
 30
0.0
 10
316.6316935282701
 20
135.11968286074
 30
0.0
 10
316.6454405105796
 20
135.2465910298715
 30
0.0
  0
SPLINE
  5
3E4
330
1F
100
AcDbEntity
  8
0
  6
Continuous
 62
    18
420
        0
370
    25
100
AcDbSpline
210
0.0
220
0.0
230
1.0
 70
     8
 71
     3
 72
     8
 73
     4
 74
     0
 42
0.000000001
 43
0.0
 40
0.0
 40
0.0
 40
0.0
 40
0.0
 40
1.0
 40
1.0
 40
1.0
 40
1.0
 10
319.6279933268585
 20
137.9235141067985
 30
0.0
 10
318.0961867269424
 20
137.9235141067985
 30
0.0
 10
316.8104042982796
 20
136.7694890593854
 30
0.0
 10
316.6454405105988
 20
135.2465910298705
 30
0.0
  0
SPLINE
  5
3E5
330
1F
100
AcDbEntity
  8
0
  6
Continuous
 62
    18
420
        0
370
    25
100
AcDbSpline
210
0.0
220
0.0
230
1.0
 70
     8
 71
     3
 72
    11
 73
     7
 74
     0
 42
0.000000001
 43
0.0
 40
0.0
 40
0.0
 40
0.0
 40
0.0
 40
1.0
 40
1.0
 40
1.0
 40
2.0
 40
2.0
 40
2.0
 40
2.0
 10
336.4498414222598
 20
134.9235141030809
 30
0.0
 10
336.4498414232457
 20
135.7191635732395
 30
0.0
 10
336.1337709025883
 20
136.4822253128878
 30
0.0
 10
335.5711617671427
 20
137.0448344490354
 30
0.0
 10
335.0085526316971
 20
137.6074435851831
 30
0.0
 10
334.2454908924432
 20
137.9235141067929
 30
0.0
 10
333.4498414222847
 20
137.9235141067998
 30
0.0
  0
SPLINE
  5
3E6
330
1F
100
AcDbEntity
  8
0
  6
Continuous
 62
    18
420
        0
370
    25
100
AcDbSpline
210
0.0
220
0.0
230
1.0
 70
     8
 71
     3
 72
     8
 73
     4
 74
     0
 42
0.000000001
 43
0.0
 40
0.0
 40
0.0
 40
0.0
 40
0.0
 40
1.0
 40
1.0
 40
1.0
 40
1.0
 10
336.1998414222585
 20
133.9735141033984
 30
0.0
 10
336.3379126097162
 20
133.9735141033984
 30
0.0
 10
336.4498414222585
 20
134.0854429159407
 30
0.0
 10
336.4498414222585
 20
134.2235141033985
 30
0.0
  0
SPLINE
  5
3E7
330
1F
100
AcDbEntity
  8
0
  6
Continuous
 62
    18
420
        0
370
    25
100
AcDbSpline
210
0.0
220
0.0
230
1.0
 70
     8
 71
     3
 72
     8
 73
     4
 74
     0
 42
0.000000001
 43
0.0
 40
0.0
 40
0.0
 40
0.0
 40
0.0
 40
1.0
 40
1.0
 40
1.0
 40
1.0
 10
335.5498414223585
 20
133.9735141033985
 30
0.0
 10
335.4117702349008
 20
133.9735141033985
 30
0.0
 10
335.2998414223584
 20
133.8615852908562
 30
0.0
 10
335.2998414223584
 20
133.7235141033985
 30
0.0
  0
SPLINE
  5
3E8
330
1F
100
AcDbEntity
  8
0
  6
Continuous
 62
    18
420
        0
370
    25
100
AcDbSpline
210
0.0
220
0.0
230
1.0
 70
     8
 71
     3
 72
     8
 73
     4
 74
     0
 42
0.000000001
 43
0.0
 40
0.0
 40
0.0
 40
0.0
 40
0.0
 40
1.0
 40
1.0
 40
1.0
 40
1.0
 10
335.0498414223585
 20
104.2367381914984
 30
0.0
 10
335.1879126098162
 20
104.2367381914984
 30
0.0
 10
335.2998414223586
 20
104.3486670040407
 30
0.0
 10
335.2998414223586
 20
104.4867381914985
 30
0.0
  0
SPLINE
  5
3E9
330
1F
100
AcDbEntity
  8
0
  6
Continuous
 62
    18
420
        0
370
    25
100
AcDbSpline
210
0.0
220
0.0
230
1.0
 70
     8
 71
     3
 72
     8
 73
     4
 74
     0
 42
0.000000001
 43
0.0
 40
0.0
 40
0.0
 40
0.0
 40
0.0
 40
1.0
 40
1.0
 40
1.0
 40
1.0
 10
333.7729183453397
 20
104.2367381915205
 30
0.0
 10
333.6460101762118
 20
104.2229912092156
 30
0.0
 10
333.5498414222586
 20
104.1158426734929
 30
0.0
 10
333.5498414222586
 20
103.9881921234985
 30
0.0
  0
SPLINE
  5
3EA
330
1F
100
AcDbEntity
  8
0
  6
Continuous
 62
    18
420
        0
370
    25
100
AcDbSpline
210
0.0
220
0.0
230
1.0
 70
     8
 71
     3
 72
     8
 73
     4
 74
     0
 42
0.000000001
 43
0.0
 40
0.0
 40
0.0
 40
0.0
 40
0.0
 40
1.0
 40
1.0
 40
1.0
 40
1.0
 10
333.5498414222584
 20
101.1235141030985
 30
0.0
 10
333.5498414222584
 20
100.9854429156407
 30
0.0
 10
333.6617702348007
 20
100.8735141030984
 30
0.0
 10
333.7998414222585
 20
100.8735141030984
 30
0.0
  0
SPLINE
  5
3EB
330
1F
100
AcDbEntity
  8
0
  6
Continuous
 62
    18
420
        0
370
    25
100
AcDbSpline
210
0.0
220
0.0
230
1.0
 70
     8
 71
     3
 72
     8
 73
     4
 74
     0
 42
0.000000001
 43
0.0
 40
0.0
 40
0.0
 40
0.0
 40
0.0
 40
1.0
 40
1.0
 40
1.0
 40
1.0
 10
334.816811144254
 20
100.5735141030984
 30
0.0
 10
334.7372867104677
 20
100.7557274718105
 30
0.0
 10
334.5573646592242
 20
100.8735141030984
 30
0.0
 10
334.3585535747584
 20
100.8735141030984
 30
0.0
  0
SPLINE
  5
3EC
330
1F
100
AcDbEntity
  8
0
  6
Continuous
 62
    18
420
        0
370
    25
100
AcDbSpline
210
0.0
220
0.0
230
1.0
 70
     8
 71
     3
 72
    11
 73
     7
 74
     0
 42
0.000000001
 43
0.0
 40
0.0
 40
0.0
 40
0.0
 40
0.0
 40
1.0
 40
1.0
 40
1.0
 40
2.0
 40
2.0
 40
2.0
 40
2.0
 10
334.8168111442847
 20
100.573514103068
 30
0.0
 10
334.9360977949475
 20
100.3001940499626
 30
0.0
 10
335.2059808718323
 20
100.1235141029984
 30
0.0
 10
335.5041974985585
 20
100.1235141029984
 30
0.0
 10
335.8024141252847
 20
100.1235141029984
 30
0.0
 10
336.0722972021694
 20
100.3001940499626
 30
0.0
 10
336.1915838528323
 20
100.573514103068
 30
0.0
  0
SPLINE
  5
3ED
330
1F
100
AcDbEntity
  8
0
  6
Continuous
 62
    18
420
        0
370
    25
100
AcDbSpline
210
0.0
220
0.0
230
1.0
 70
     8
 71
     3
 72
     8
 73
     4
 74
     0
 42
0.000000001
 43
0.0
 40
0.0
 40
0.0
 40
0.0
 40
0.0
 40
1.0
 40
1.0
 40
1.0
 40
1.0
 10
336.6498414223585
 20
100.8735141030985
 30
0.0
 10
336.4510303378927
 20
100.8735141030985
 30
0.0
 10
336.2711082866491
 20
100.7557274718106
 30
0.0
 10
336.1915838528628
 20
100.5735141030985
 30
0.0
  0
SPLINE
  5
3EE
330
1F
100
AcDbEntity
  8
0
  6
Continuous
 62
    18
420
        0
370
    25
100
AcDbSpline
210
0.0
220
0.0
230
1.0
 70
     8
 71
     3
 72
     8
 73
     4
 74
     0
 42
0.000000001
 43
0.0
 40
0.0
 40
0.0
 40
0.0
 40
0.0
 40
1.0
 40
1.0
 40
1.0
 40
1.0
 10
337.9498414223584
 20
99.87351410309847
 30
0.0
 10
337.9498414223584
 20
100.4257988529292
 30
0.0
 10
337.5021261721892
 20
100.8735141030984
 30
0.0
 10
336.9498414223585
 20
100.8735141030984
 30
0.0
  0
SPLINE
  5
3EF
330
1F
100
AcDbEntity
  8
0
  6
Continuous
 62
    18
420
        0
370
    25
100
AcDbSpline
210
0.0
220
0.0
230
1.0
 70
     8
 71
     3
 72
     8
 73
     4
 74
     0
 42
0.000000001
 43
0.0
 40
0.0
 40
0.0
 40
0.0
 40
0.0
 40
1.0
 40
1.0
 40
1.0
 40
1.0
 10
336.9498414223585
 20
69.17351410309846
 30
0.0
 10
337.5021261721893
 20
69.17351410309846
 30
0.0
 10
337.9498414223585
 20
69.62122935326767
 30
0.0
 10
337.9498414223585
 20
70.17351410309847
 30
0.0
  0
SPLINE
  5
3F0
330
1F
100
AcDbEntity
  8
0
  6
Continuous
 62
    18
420
        0
370
    25
100
AcDbSpline
210
0.0
220
0.0
230
1.0
 70
     8
 71
     3
 72
     8
 73
     4
 74
     0
 42
0.000000001
 43
0.0
 40
0.0
 40
0.0
 40
0.0
 40
0.0
 40
1.0
 40
1.0
 40
1.0
 40
1.0
 10
336.1915838528629
 20
69.47351410309848
 30
0.0
 10
336.2711082866492
 20
69.29130073438638
 30
0.0
 10
336.4510303378927
 20
69.17351410309847
 30
0.0
 10
336.6498414223585
 20
69.17351410309847
 30
0.0
  0
SPLINE
  5
3F1
330
1F
100
AcDbEntity
  8
0
  6
Continuous
 62
    18
420
        0
370
    25
100
AcDbSpline
210
0.0
220
0.0
230
1.0
 70
     8
 71
     3
 72
    11
 73
     7
 74
     0
 42
0.000000001
 43
0.0
 40
0.0
 40
0.0
 40
0.0
 40
0.0
 40
1.0
 40
1.0
 40
1.0
 40
2.0
 40
2.0
 40
2.0
 40
2.0
 10
336.1915838528322
 20
69.47351410312885
 30
0.0
 10
336.0722972021694
 20
69.74683415623434
 30
0.0
 10
335.8024141252846
 20
69.92351410319846
 30
0.0
 10
335.5041974985585
 20
69.92351410319846
 30
0.0
 10
335.2059808718323
 20
69.92351410319846
 30
0.0
 10
334.9360977949475
 20
69.74683415623434
 30
0.0
 10
334.8168111442847
 20
69.47351410312885
 30
0.0
  0
SPLINE
  5
3F2
330
1F
100
AcDbEntity
  8
0
  6
Continuous
 62
    18
420
        0
370
    25
100
AcDbSpline
210
0.0
220
0.0
230
1.0
 70
     8
 71
     3
 72
     8
 73
     4
 74
     0
 42
0.000000001
 43
0.0
 40
0.0
 40
0.0
 40
0.0
 40
0.0
 40
1.0
 40
1.0
 40
1.0
 40
1.0
 10
334.3585535747584
 20
69.1735141030984
 30
0.0
 10
334.5573646592242
 20
69.1735141030984
 30
0.0
 10
334.7372867104678
 20
69.29130073438633
 30
0.0
 10
334.8168111442541
 20
69.47351410309845
 30
0.0
  0
SPLINE
  5
3F3
330
1F
100
AcDbEntity
  8
0
  6
Continuous
 62
    18
420
        0
370
    25
100
AcDbSpline
210
0.0
220
0.0
230
1.0
 70
     8
 71
     3
 72
     8
 73
     4
 74
     0
 42
0.000000001
 43
0.0
 40
0.0
 40
0.0
 40
0.0
 40
0.0
 40
1.0
 40
1.0
 40
1.0
 40
1.0
 10
333.7998414222585
 20
69.17351410309846
 30
0.0
 10
333.6617702348008
 20
69.17351410309846
 30
0.0
 10
333.5498414222585
 20
69.06158529055617
 30
0.0
 10
333.5498414222585
 20
68.92351410309846
 30
0.0
  0
SPLINE
  5
3F4
330
1F
100
AcDbEntity
  8
0
  6
Continuous
 62
    18
420
        0
370
    25
100
AcDbSpline
210
0.0
220
0.0
230
1.0
 70
     8
 71
     3
 72
     8
 73
     4
 74
     0
 42
0.000000001
 43
0.0
 40
0.0
 40
0.0
 40
0.0
 40
0.0
 40
1.0
 40
1.0
 40
1.0
 40
1.0
 10
333.5498414222583
 20
65.82728261539846
 30
0.0
 10
333.5498414222583
 20
65.6892114279407
 30
0.0
 10
333.6617702348007
 20
65.57728261539835
 30
0.0
 10
333.7998414222585
 20
65.57728261539835
 30
0.0
  0
SPLINE
  5
3F5
330
1F
100
AcDbEntity
  8
0
  6
Continuous
 62
    18
420
        0
370
    25
100
AcDbSpline
210
0.0
220
0.0
230
1.0
 70
     8
 71
     3
 72
     8
 73
     4
 74
     0
 42
0.000000001
 43
0.0
 40
0.0
 40
0.0
 40
0.0
 40
0.0
 40
1.0
 40
1.0
 40
1.0
 40
1.0
 10
334.7998414223588
 20
65.34815383069846
 30
0.0
 10
334.7998414223588
 20
65.44755937293066
 30
0.0
 10
334.7409481067157
 20
65.537520398552
 30
0.0
 10
334.6498414223606
 20
65.57728261544567
 30
0.0
  0
SPLINE
  5
3F6
330
1F
100
AcDbEntity
  8
0
  6
Continuous
 62
    18
420
        0
370
    25
100
AcDbSpline
210
0.0
220
0.0
230
1.0
 70
     8
 71
     3
 72
     8
 73
     4
 74
     0
 42
0.000000001
 43
0.0
 40
0.0
 40
0.0
 40
0.0
 40
0.0
 40
1.0
 40
1.0
 40
1.0
 40
1.0
 10
334.5498414223584
 20
61.12351410329852
 30
0.0
 10
334.6879126098161
 20
61.12351410329852
 30
0.0
 10
334.7998414223584
 20
61.23544291584079
 30
0.0
 10
334.7998414223584
 20
61.37351410329846
 30
0.0
  0
SPLINE
  5
3F7
330
1F
100
AcDbEntity
  8
0
  6
Continuous
 62
    18
420
        0
370
    25
100
AcDbSpline
210
0.0
220
0.0
230
1.0
 70
     8
 71
     3
 72
     8
 73
     4
 74
     0
 42
0.000000001
 43
0.0
 40
0.0
 40
0.0
 40
0.0
 40
0.0
 40
1.0
 40
1.0
 40
1.0
 40
1.0
 10
333.0498414223585
 20
61.12351410329852
 30
0.0
 10
332.9117702349008
 20
61.12351410329852
 30
0.0
 10
332.7998414223584
 20
61.0115852907562
 30
0.0
 10
332.7998414223584
 20
60.87351410329845
 30
0.0
  0
SPLINE
  5
3F8
330
1F
100
AcDbEntity
  8
0
  6
Continuous
 62
    18
420
        0
370
    25
100
AcDbSpline
210
0.0
220
0.0
230
1.0
 70
     8
 71
     3
 72
     8
 73
     4
 74
     0
 42
0.000000001
 43
0.0
 40
0.0
 40
0.0
 40
0.0
 40
0.0
 40
1.0
 40
1.0
 40
1.0
 40
1.0
 10
332.7998414223586
 20
42.17351410329846
 30
0.0
 10
332.7998414223586
 20
42.03544291584078
 30
0.0
 10
332.9117702349008
 20
41.92351410329849
 30
0.0
 10
333.0498414223585
 20
41.92351410329849
 30
0.0
  0
SPLINE
  5
3F9
330
1F
100
AcDbEntity
  8
0
  6
Continuous
 62
    18
420
        0
370
    25
100
AcDbSpline
210
0.0
220
0.0
230
1.0
 70
     8
 71
     3
 72
     8
 73
     4
 74
     0
 42
0.000000001
 43
0.0
 40
0.0
 40
0.0
 40
0.0
 40
0.0
 40
1.0
 40
1.0
 40
1.0
 40
1.0
 10
334.7998414223585
 20
41.67351410329847
 30
0.0
 10
334.7998414223585
 20
41.81158529075617
 30
0.0
 10
334.6879126098162
 20
41.92351410329849
 30
0.0
 10
334.5498414223584
 20
41.92351410329849
 30
0.0
  0
SPLINE
  5
3FA
330
1F
100
AcDbEntity
  8
0
  6
Continuous
 62
    18
420
        0
370
    25
100
AcDbSpline
210
0.0
220
0.0
230
1.0
 70
     8
 71
     3
 72
    11
 73
     7
 74
     0
 42
0.000000001
 43
0.0
 40
0.0
 40
0.0
 40
0.0
 40
0.0
 40
1.0
 40
1.0
 40
1.0
 40
2.0
 40
2.0
 40
2.0
 40
2.0
 10
334.7998414223587
 20
36.32351410309889
 30
0.0
 10
334.7998414223586
 20
36.25720998063899
 30
0.0
 10
334.8261806324499
 20
36.1936215024142
 30
0.0
 10
334.8730647270618
 20
36.14673740780214
 30
0.0
 10
334.9199488216738
 20
36.09985331319007
 30
0.0
 10
334.9835372998986
 20
36.07351410309869
 30
0.0
 10
335.0498414223585
 20
36.07351410309869
 30
0.0
  0
SPLINE
  5
3FB
330
1F
100
AcDbEntity
  8
0
  6
Continuous
 62
    18
420
        0
370
    25
100
AcDbSpline
210
0.0
220
0.0
230
1.0
 70
     8
 71
     3
 72
     8
 73
     4
 74
     0
 42
0.000000001
 43
0.0
 40
0.0
 40
0.0
 40
0.0
 40
0.0
 40
1.0
 40
1.0
 40
1.0
 40
1.0
 10
336.4498414222585
 20
35.82351410309845
 30
0.0
 10
336.4498414222585
 20
35.96158529055617
 30
0.0
 10
336.3379126097162
 20
36.07351410309849
 30
0.0
 10
336.1998414222585
 20
36.07351410309849
 30
0.0
  0
SPLINE
  5
3FC
330
1F
100
AcDbEntity
  8
0
  6
Continuous
 62
    18
420
        0
370
    25
100
AcDbSpline
210
0.0
220
0.0
230
1.0
 70
     8
 71
     3
 72
    11
 73
     7
 74
     0
 42
0.000000001
 43
0.0
 40
0.0
 40
0.0
 40
0.0
 40
0.0
 40
1.0
 40
1.0
 40
1.0
 40
2.0
 40
2.0
 40
2.0
 40
2.0
 10
333.4277320387559
 20
32.02351410313616
 30
0.0
 10
334.2448438744394
 20
32.01703701959936
 30
0.0
 10
335.029241399268
 20
32.34415079719372
 30
0.0
 10
335.5996474062236
 20
32.92925821626666
 30
0.0
 10
336.1700534131792
 20
33.51436563533962
 30
0.0
 10
336.4771050100364
 20
34.30683154458529
 30
0.0
 10
336.4498414222813
 20
35.1235141031158
 30
0.0
  0
SPLINE
  5
3FD
330
1F
100
AcDbEntity
  8
0
  6
Continuous
 62
    18
420
        0
370
    25
100
AcDbSpline
210
0.0
220
0.0
230
1.0
 70
     8
 71
     3
 72
     8
 73
     4
 74
     0
 42
0.000000001
 43
0.0
 40
0.0
 40
0.0
 40
0.0
 40
0.0
 40
1.0
 40
1.0
 40
1.0
 40
1.0
 10
316.6322164223019
 20
34.79274096973953
 30
0.0
 10
316.7522428244561
 20
33.23670333310554
 30
0.0
 10
318.0452503914765
 20
32.03259047653425
 30
0.0
 10
319.6058839433655
 20
32.02351410316167
 30
0.0
  0
SPLINE
  5
3FE
330
1F
100
AcDbEntity
  8
0
  6
Continuous
 62
    18
420
        0
370
    25
100
AcDbSpline
210
0.0
220
0.0
230
1.0
 70
     8
 71
     3
 72
     8
 73
     4
 74
     0
 42
0.000000001
 43
0.0
 40
0.0
 40
0.0
 40
0.0
 40
0.0
 40
1.0
 40
1.0
 40
1.0
 40
1.0
 10
316.6322164222549
 20
34.79274096967795
 30
0.0
 10
316.6221712507045
 20
34.92296785908455
 30
0.0
 10
316.5135706001868
 20
35.02351410309851
 30
0.0
 10
316.3829568635585
 20
35.02351410309851
 30
0.0
  0
SPLINE
  5
3FF
330
1F
100
AcDbEntity
  8
0
  6
Continuous
 62
    18
420
        0
370
    25
100
AcDbSpline
210
0.0
220
0.0
230
1.0
 70
     8
 71
     3
 72
     8
 73
     4
 74
     0
 42
0.000000001
 43
0.0
 40
0.0
 40
0.0
 40
0.0
 40
0.0
 40
1.0
 40
1.0
 40
1.0
 40
1.0
 10
313.5322164222584
 20
35.02351410309851
 30
0.0
 10
313.3941452348008
 20
35.02351410309851
 30
0.0
 10
313.2822164222584
 20
34.91158529055619
 30
0.0
 10
313.2822164222584
 20
34.77351410309846
 30
0.0
  0
SPLINE
  5
400
330
1F
100
AcDbEntity
  8
0
  6
Continuous
 62
    18
420
        0
370
    25
100
AcDbSpline
210
0.0
220
0.0
230
1.0
 70
     8
 71
     3
 72
     8
 73
     4
 74
     0
 42
0.000000001
 43
0.0
 40
0.0
 40
0.0
 40
0.0
 40
0.0
 40
1.0
 40
1.0
 40
1.0
 40
1.0
 10
312.9853172677045
 20
33.76055947288779
 30
0.0
 10
313.1664310988028
 20
33.84106813482609
 30
0.0
 10
313.2828925028864
 20
34.02095760465259
 30
0.0
 10
313.2822164222904
 20
34.21915802689543
 30
0.0
  0
SPLINE
  5
401
330
1F
100
AcDbEntity
  8
0
  6
Continuous
 62
    18
420
        0
370
    25
100
AcDbSpline
210
0.0
220
0.0
230
1.0
 70
     8
 71
     3
 72
    11
 73
     7
 74
     0
 42
0.000000001
 43
0.0
 40
0.0
 40
0.0
 40
0.0
 40
0.0
 40
1.0
 40
1.0
 40
1.0
 40
2.0
 40
2.0
 40
2.0
 40
2.0
 10
312.9853172677244
 20
33.76055947290956
 30
0.0
 10
312.7117957959483
 20
33.64173539744218
 30
0.0
 10
312.5346595120664
 20
33.37215161501007
 30
0.0
 10
312.5341549873871
 20
33.07393541510113
 30
0.0
 10
312.5336504627076
 20
32.77571921519221
 30
0.0
 10
312.70987356697
 20
32.5055376163703
 30
0.0
 10
312.9829914190026
 20
32.38578873188958
 30
0.0
  0
SPLINE
  5
402
330
1F
100
AcDbEntity
  8
0
  6
Continuous
 62
    18
420
        0
370
    25
100
AcDbSpline
210
0.0
220
0.0
230
1.0
 70
     8
 71
     3
 72
     8
 73
     4
 74
     0
 42
0.000000001
 43
0.0
 40
0.0
 40
0.0
 40
0.0
 40
0.0
 40
1.0
 40
1.0
 40
1.0
 40
1.0
 10
313.2822164222583
 20
31.92787017939845
 30
0.0
 10
313.2822164222583
 20
32.12637425847346
 30
0.0
 10
313.1647888200621
 20
32.30607942022695
 30
0.0
 10
312.9829914189623
 20
32.38578873187093
 30
0.0
  0
SPLINE
  5
403
330
1F
100
AcDbEntity
  8
0
  6
Continuous
 62
    18
420
        0
370
    25
100
AcDbSpline
210
0.0
220
0.0
230
1.0
 70
     8
 71
     3
 72
     8
 73
     4
 74
     0
 42
0.000000001
 43
0.0
 40
0.0
 40
0.0
 40
0.0
 40
0.0
 40
1.0
 40
1.0
 40
1.0
 40
1.0
 10
312.2822164222585
 20
30.62351410309834
 30
0.0
 10
312.8345011720893
 20
30.62351410309834
 30
0.0
 10
313.2822164222586
 20
31.0712293532676
 30
0.0
 10
313.2822164222586
 20
31.62351410309846
 30
0.0
  0
SPLINE
  5
404
330
1F
100
AcDbEntity
  8
0
  6
Continuous
 62
    18
420
        0
370
    25
100
AcDbSpline
210
0.0
220
0.0
230
1.0
 70
     8
 71
     3
 72
     8
 73
     4
 74
     0
 42
0.000000001
 43
0.0
 40
0.0
 40
0.0
 40
0.0
 40
0.0
 40
1.0
 40
1.0
 40
1.0
 40
1.0
 10
281.5751954223583
 20
31.62351410309846
 30
0.0
 10
281.5751954223583
 20
31.07122935326758
 30
0.0
 10
282.0229106725276
 20
30.6235141030983
 30
0.0
 10
282.5751954223584
 20
30.6235141030983
 30
0.0
  0
SPLINE
  5
405
330
1F
100
AcDbEntity
  8
0
  6
Continuous
 62
    18
420
        0
370
    25
100
AcDbSpline
210
0.0
220
0.0
230
1.0
 70
     8
 71
     3
 72
     8
 73
     4
 74
     0
 42
0.000000001
 43
0.0
 40
0.0
 40
0.0
 40
0.0
 40
0.0
 40
1.0
 40
1.0
 40
1.0
 40
1.0
 10
281.8744204256537
 20
32.38578873187075
 30
0.0
 10
281.6926230245543
 20
32.30607942022655
 30
0.0
 10
281.5751954223584
 20
32.12637425847322
 30
0.0
 10
281.5751954223584
 20
31.92787017939845
 30
0.0
  0
SPLINE
  5
406
330
1F
100
AcDbEntity
  8
0
  6
Continuous
 62
    18
420
        0
370
    25
100
AcDbSpline
210
0.0
220
0.0
230
1.0
 70
     8
 71
     3
 72
    11
 73
     7
 74
     0
 42
0.000000001
 43
0.0
 40
0.0
 40
0.0
 40
0.0
 40
0.0
 40
1.0
 40
1.0
 40
1.0
 40
2.0
 40
2.0
 40
2.0
 40
2.0
 10
281.8744204256143
 20
32.38578873188958
 30
0.0
 10
282.1475382776469
 20
32.50553761637028
 30
0.0
 10
282.3237613819093
 20
32.77571921519218
 30
0.0
 10
282.3232568572299
 20
33.07393541510113
 30
0.0
 10
282.3227523325505
 20
33.37215161501008
 30
0.0
 10
282.1456160486687
 20
33.64173539744218
 30
0.0
 10
281.8720945768926
 20
33.76055947290959
 30
0.0
  0
SPLINE
  5
407
330
1F
100
AcDbEntity
  8
0
  6
Continuous
 62
    18
420
        0
370
    25
100
AcDbSpline
210
0.0
220
0.0
230
1.0
 70
     8
 71
     3
 72
     8
 73
     4
 74
     0
 42
0.000000001
 43
0.0
 40
0.0
 40
0.0
 40
0.0
 40
0.0
 40
1.0
 40
1.0
 40
1.0
 40
1.0
 10
281.5751954223264
 20
34.21915802689543
 30
0.0
 10
281.5745193417305
 20
34.02095760465254
 30
0.0
 10
281.690980745814
 20
33.84106813482599
 30
0.0
 10
281.8720945769124
 20
33.76055947288769
 30
0.0
  0
SPLINE
  5
408
330
1F
100
AcDbEntity
  8
0
  6
Continuous
 62
    18
420
        0
370
    25
100
AcDbSpline
210
0.0
220
0.0
230
1.0
 70
     8
 71
     3
 72
     8
 73
     4
 74
     0
 42
0.000000001
 43
0.0
 40
0.0
 40
0.0
 40
0.0
 40
0.0
 40
1.0
 40
1.0
 40
1.0
 40
1.0
 10
281.5751954222584
 20
34.77351410309846
 30
0.0
 10
281.5751954222584
 20
34.91158529055613
 30
0.0
 10
281.4632666097161
 20
35.02351410309839
 30
0.0
 10
281.3251954222584
 20
35.02351410309839
 30
0.0
  0
SPLINE
  5
409
330
1F
100
AcDbEntity
  8
0
  6
Continuous
 62
    18
420
        0
370
    25
100
AcDbSpline
210
0.0
220
0.0
230
1.0
 70
     8
 71
     3
 72
     8
 73
     4
 74
     0
 42
0.000000001
 43
0.0
 40
0.0
 40
0.0
 40
0.0
 40
0.0
 40
1.0
 40
1.0
 40
1.0
 40
1.0
 10
278.4675384019585
 20
35.02351410309869
 30
0.0
 10
278.3620085344236
 20
35.02351410309869
 30
0.0
 10
278.2678438204243
 20
34.95724931215737
 30
0.0
 10
278.23221642229
 20
34.85791532278763
 30
0.0
  0
SPLINE
  5
40A
330
1F
100
AcDbEntity
  8
0
  6
Continuous
 62
    18
420
        0
370
    25
100
AcDbSpline
210
0.0
220
0.0
230
1.0
 70
     8
 71
     3
 72
     8
 73
     4
 74
     0
 42
0.000000001
 43
0.0
 40
0.0
 40
0.0
 40
0.0
 40
0.0
 40
1.0
 40
1.0
 40
1.0
 40
1.0
 10
275.2439958241475
 20
32.12351410309921
 30
0.0
 10
276.7979196859776
 20
32.12351366499058
 30
0.0
 10
278.0946429947704
 20
33.31009333030531
 30
0.0
 10
278.232216422235
 20
34.85791532279046
 30
0.0
  0
SPLINE
  5
40B
330
1F
100
AcDbEntity
  8
0
  6
Continuous
 62
    18
420
        0
370
    25
100
AcDbSpline
210
0.0
220
0.0
230
1.0
 70
     8
 71
     3
 72
     8
 73
     4
 74
     0
 42
0.000000001
 43
0.0
 40
0.0
 40
0.0
 40
0.0
 40
0.0
 40
1.0
 40
1.0
 40
1.0
 40
1.0
 10
268.1123414222585
 20
32.37351410309847
 30
0.0
 10
268.1123414222585
 20
32.23544291564076
 30
0.0
 10
268.2242702348008
 20
32.12351410309849
 30
0.0
 10
268.3623414222585
 20
32.12351410309849
 30
0.0
  0
SPLINE
  5
40C
330
1F
100
AcDbEntity
  8
0
  6
Continuous
 62
    18
420
        0
370
    25
100
AcDbSpline
210
0.0
220
0.0
230
1.0
 70
     8
 71
     3
 72
     8
 73
     4
 74
     0
 42
0.000000001
 43
0.0
 40
0.0
 40
0.0
 40
0.0
 40
0.0
 40
1.0
 40
1.0
 40
1.0
 40
1.0
 10
268.1123414222585
 20
33.02351410289847
 30
0.0
 10
268.1123414222585
 20
33.16158529035616
 30
0.0
 10
268.0004126097162
 20
33.27351410289843
 30
0.0
 10
267.8623414222585
 20
33.27351410289843
 30
0.0
  0
SPLINE
  5
40D
330
1F
100
AcDbEntity
  8
0
  6
Continuous
 62
    18
420
        0
370
    25
100
AcDbSpline
210
0.0
220
0.0
230
1.0
 70
     8
 71
     3
 72
     8
 73
     4
 74
     0
 42
0.000000001
 43
0.0
 40
0.0
 40
0.0
 40
0.0
 40
0.0
 40
1.0
 40
1.0
 40
1.0
 40
1.0
 10
237.4623414222584
 20
33.27351410289849
 30
0.0
 10
237.3242702348007
 20
33.27351410289849
 30
0.0
 10
237.2123414222584
 20
33.16158529035617
 30
0.0
 10
237.2123414222584
 20
33.02351410289847
 30
0.0
  0
SPLINE
  5
40E
330
1F
100
AcDbEntity
  8
0
  6
Continuous
 62
    18
420
        0
370
    25
100
AcDbSpline
210
0.0
220
0.0
230
1.0
 70
     8
 71
     3
 72
     8
 73
     4
 74
     0
 42
0.000000001
 43
0.0
 40
0.0
 40
0.0
 40
0.0
 40
0.0
 40
1.0
 40
1.0
 40
1.0
 40
1.0
 10
236.9623414222584
 20
32.12351410309839
 30
0.0
 10
237.1004126097162
 20
32.12351410309839
 30
0.0
 10
237.2123414222586
 20
32.23544291564072
 30
0.0
 10
237.2123414222586
 20
32.37351410309847
 30
0.0
  0
SPLINE
  5
40F
330
1F
100
AcDbEntity
  8
0
  6
Continuous
 62
    18
420
        0
370
    25
100
AcDbSpline
210
0.0
220
0.0
230
1.0
 70
     8
 71
     3
 72
     8
 73
     4
 74
     0
 42
0.000000001
 43
0.0
 40
0.0
 40
0.0
 40
0.0
 40
0.0
 40
1.0
 40
1.0
 40
1.0
 40
1.0
 10
196.3354964761011
 20
34.8004371800056
 30
0.0
 10
196.5004602652865
 20
33.27753913669963
 30
0.0
 10
197.7862427148863
 20
32.12351408455503
 30
0.0
 10
199.3180493286753
 20
32.12351410309849
 30
0.0
  0
SPLINE
  5
410
330
1F
100
AcDbEntity
  8
0
  6
Continuous
 62
    18
420
        0
370
    25
100
AcDbSpline
210
0.0
220
0.0
230
1.0
 70
     8
 71
     3
 72
     8
 73
     4
 74
     0
 42
0.000000001
 43
0.0
 40
0.0
 40
0.0
 40
0.0
 40
0.0
 40
1.0
 40
1.0
 40
1.0
 40
1.0
 10
196.3354964760799
 20
34.80043718002288
 30
0.0
 10
196.3217494937724
 20
34.92734534914835
 30
0.0
 10
196.2146009580508
 20
35.02351410309846
 30
0.0
 10
196.0869504080585
 20
35.02351410309846
 30
0.0
  0
SPLINE
  5
411
330
1F
100
AcDbEntity
  8
0
  6
Continuous
 62
    18
420
        0
370
    25
100
AcDbSpline
210
0.0
220
0.0
230
1.0
 70
     8
 71
     3
 72
     8
 73
     4
 74
     0
 42
0.000000001
 43
0.0
 40
0.0
 40
0.0
 40
0.0
 40
0.0
 40
1.0
 40
1.0
 40
1.0
 40
1.0
 10
193.2197164222585
 20
35.02351410309846
 30
0.0
 10
193.081645234801
 20
35.02351410309846
 30
0.0
 10
192.9697164222587
 20
34.91158529055645
 30
0.0
 10
192.9697164222584
 20
34.7735141030989
 30
0.0
  0
SPLINE
  5
412
330
1F
100
AcDbEntity
  8
0
  6
Continuous
 62
    18
420
        0
370
    25
100
AcDbSpline
210
0.0
220
0.0
230
1.0
 70
     8
 71
     3
 72
     8
 73
     4
 74
     0
 42
0.000000001
 43
0.0
 40
0.0
 40
0.0
 40
0.0
 40
0.0
 40
1.0
 40
1.0
 40
1.0
 40
1.0
 10
192.66971642226
 20
33.76090045740587
 30
0.0
 10
192.8519297909704
 20
33.8404248911925
 30
0.0
 10
192.9697164222567
 20
34.02034694243505
 30
0.0
 10
192.9697164222564
 20
34.21915802689934
 30
0.0
  0
SPLINE
  5
413
330
1F
100
AcDbEntity
  8
0
  6
Continuous
 62
    18
420
        0
370
    25
100
AcDbSpline
210
0.0
220
0.0
230
1.0
 70
     8
 71
     3
 72
    11
 73
     7
 74
     0
 42
0.000000001
 43
0.0
 40
0.0
 40
0.0
 40
0.0
 40
0.0
 40
1.0
 40
1.0
 40
1.0
 40
2.0
 40
2.0
 40
2.0
 40
2.0
 10
192.6697164222607
 20
33.76090045732364
 30
0.0
 10
192.3963963692013
 20
33.64161380664576
 30
0.0
 10
192.2197164222758
 20
33.37173072978777
 30
0.0
 10
192.219716422276
 20
33.07351410309781
 30
0.0
 10
192.2197164222763
 20
32.77529747640784
 30
0.0
 10
192.3963963692023
 20
32.50541439955015
 30
0.0
 10
192.6697164222619
 20
32.38612774887272
 30
0.0
  0
SPLINE
  5
414
330
1F
100
AcDbEntity
  8
0
  6
Continuous
 62
    18
420
        0
370
    25
100
AcDbSpline
210
0.0
220
0.0
230
1.0
 70
     8
 71
     3
 72
     8
 73
     4
 74
     0
 42
0.000000001
 43
0.0
 40
0.0
 40
0.0
 40
0.0
 40
0.0
 40
1.0
 40
1.0
 40
1.0
 40
1.0
 10
192.969716422258
 20
31.92787017939845
 30
0.0
 10
192.969716422258
 20
32.12668126386339
 30
0.0
 10
192.851929790971
 20
32.30660331510634
 30
0.0
 10
192.6697164222599
 20
32.38612774889295
 30
0.0
  0
SPLINE
  5
415
330
1F
100
AcDbEntity
  8
0
  6
Continuous
 62
    18
420
        0
370
    25
100
AcDbSpline
210
0.0
220
0.0
230
1.0
 70
     8
 71
     3
 72
    11
 73
     7
 74
     0
 42
0.000000001
 43
0.0
 40
0.0
 40
0.0
 40
0.0
 40
0.0
 40
1.0
 40
1.0
 40
1.0
 40
2.0
 40
2.0
 40
2.0
 40
2.0
 10
191.9626954222724
 20
30.62351410307545
 30
0.0
 10
192.2291220335075
 20
30.62164347570842
 30
0.0
 10
192.4852796157874
 20
30.7261705423591
 30
0.0
 10
192.6743365326345
 20
30.91390471775937
 30
0.0
 10
192.8633934494817
 20
31.1016388931596
 30
0.0
 10
192.9697164222063
 20
31.35705627724498
 30
0.0
 10
192.9697164222063
 20
31.62348945539846
 30
0.0
  0
SPLINE
  5
416
330
1F
100
AcDbEntity
  8
0
  6
Continuous
 62
    18
420
        0
370
    25
100
AcDbSpline
210
0.0
220
0.0
230
1.0
 70
     8
 71
     3
 72
    11
 73
     7
 74
     0
 42
0.000000001
 43
0.0
 40
0.0
 40
0.0
 40
0.0
 40
0.0
 40
1.0
 40
1.0
 40
1.0
 40
2.0
 40
2.0
 40
2.0
 40
2.0
 10
161.2626954223106
 20
31.62348945539846
 30
0.0
 10
161.2626954223106
 20
31.35705627724498
 30
0.0
 10
161.3690183950353
 20
31.1016388931596
 30
0.0
 10
161.5580753118824
 20
30.91390471775935
 30
0.0
 10
161.7471322287296
 20
30.72617054235909
 30
0.0
 10
162.0032898110094
 20
30.6216434757084
 30
0.0
 10
162.2697164222445
 20
30.62351410307541
 30
0.0
  0
SPLINE
  5
417
330
1F
100
AcDbEntity
  8
0
  6
Continuous
 62
    18
420
        0
370
    25
100
AcDbSpline
210
0.0
220
0.0
230
1.0
 70
     8
 71
     3
 72
     8
 73
     4
 74
     0
 42
0.000000001
 43
0.0
 40
0.0
 40
0.0
 40
0.0
 40
0.0
 40
1.0
 40
1.0
 40
1.0
 40
1.0
 10
161.5626954223558
 20
32.3861277488937
 30
0.0
 10
161.380482053645
 20
32.30660331510683
 30
0.0
 10
161.2626954223581
 20
32.12668126386411
 30
0.0
 10
161.2626954223577
 20
31.92787017939933
 30
0.0
  0
SPLINE
  5
418
330
1F
100
AcDbEntity
  8
0
  6
Continuous
 62
    18
420
        0
370
    25
100
AcDbSpline
210
0.0
220
0.0
230
1.0
 70
     8
 71
     3
 72
    11
 73
     7
 74
     0
 42
0.000000001
 43
0.0
 40
0.0
 40
0.0
 40
0.0
 40
0.0
 40
1.0
 40
1.0
 40
1.0
 40
2.0
 40
2.0
 40
2.0
 40
2.0
 10
161.5626954223538
 20
32.38612774887217
 30
0.0
 10
161.8360154754141
 20
32.50541439954931
 30
0.0
 10
162.0126954223407
 20
32.77529747640732
 30
0.0
 10
162.012695422341
 20
33.07351410309781
 30
0.0
 10
162.0126954223412
 20
33.37173072978828
 30
0.0
 10
161.8360154754151
 20
33.64161380664663
 30
0.0
 10
161.562695422355
 20
33.76090045732425
 30
0.0
  0
SPLINE
  5
419
330
1F
100
AcDbEntity
  8
0
  6
Continuous
 62
    18
420
        0
370
    25
100
AcDbSpline
210
0.0
220
0.0
230
1.0
 70
     8
 71
     3
 72
     8
 73
     4
 74
     0
 42
0.000000001
 43
0.0
 40
0.0
 40
0.0
 40
0.0
 40
0.0
 40
1.0
 40
1.0
 40
1.0
 40
1.0
 10
161.2626954223584
 20
34.21915802689759
 30
0.0
 10
161.2626954223588
 20
34.02034694243373
 30
0.0
 10
161.3804820536448
 20
33.8404248911917
 30
0.0
 10
161.5626954223545
 20
33.76090045740457
 30
0.0
  0
SPLINE
  5
41A
330
1F
100
AcDbEntity
  8
0
  6
Continuous
 62
    18
420
        0
370
    25
100
AcDbSpline
210
0.0
220
0.0
230
1.0
 70
     8
 71
     3
 72
     8
 73
     4
 74
     0
 42
0.000000001
 43
0.0
 40
0.0
 40
0.0
 40
0.0
 40
0.0
 40
1.0
 40
1.0
 40
1.0
 40
1.0
 10
161.2626954223585
 20
34.7735141030989
 30
0.0
 10
161.2626954223582
 20
34.91158529055643
 30
0.0
 10
161.150766609816
 20
35.02351410309846
 30
0.0
 10
161.0126954223585
 20
35.02351410309846
 30
0.0
  0
SPLINE
  5
41B
330
1F
100
AcDbEntity
  8
0
  6
Continuous
 62
    18
420
        0
370
    25
100
AcDbSpline
210
0.0
220
0.0
230
1.0
 70
     8
 71
     3
 72
     8
 73
     4
 74
     0
 42
0.000000001
 43
0.0
 40
0.0
 40
0.0
 40
0.0
 40
0.0
 40
1.0
 40
1.0
 40
1.0
 40
1.0
 10
158.1524825180585
 20
35.02351410309846
 30
0.0
 10
158.0248319358646
 20
35.02351410309846
 30
0.0
 10
157.9176833839718
 20
34.92734530203603
 30
0.0
 10
157.903936440964
 20
34.80043709626364
 30
0.0
  0
SPLINE
  5
41C
330
1F
100
AcDbEntity
  8
0
  6
Continuous
 62
    18
420
        0
370
    25
100
AcDbSpline
210
0.0
220
0.0
230
1.0
 70
     8
 71
     3
 72
     8
 73
     4
 74
     0
 42
0.000000001
 43
0.0
 40
0.0
 40
0.0
 40
0.0
 40
0.0
 40
1.0
 40
1.0
 40
1.0
 40
1.0
 10
154.9239395176832
 20
32.12351410305649
 30
0.0
 10
156.4547690797038
 20
32.12481837124783
 30
0.0
 10
157.7390783258145
 20
33.27850981446757
 30
0.0
 10
157.9039364409913
 20
34.80043709621667
 30
0.0
  0
SPLINE
  5
41D
330
1F
100
AcDbEntity
  8
0
  6
Continuous
 62
    18
420
        0
370
    25
100
AcDbSpline
210
0.0
220
0.0
230
1.0
 70
     8
 71
     3
 72
     8
 73
     4
 74
     0
 42
0.000000001
 43
0.0
 40
0.0
 40
0.0
 40
0.0
 40
0.0
 40
1.0
 40
1.0
 40
1.0
 40
1.0
 10
117.1123414223571
 20
32.37351410309803
 30
0.0
 10
117.1123414223573
 20
32.23544291564042
 30
0.0
 10
117.2242702348991
 20
32.12351410309806
 30
0.0
 10
117.3623414223567
 20
32.12351410309711
 30
0.0
  0
SPLINE
  5
41E
330
1F
100
AcDbEntity
  8
0
  6
Continuous
 62
    18
420
        0
370
    25
100
AcDbSpline
210
0.0
220
0.0
230
1.0
 70
     8
 71
     3
 72
    11
 73
     7
 74
     0
 42
0.000000001
 43
0.0
 40
0.0
 40
0.0
 40
0.0
 40
0.0
 40
1.0
 40
1.0
 40
1.0
 40
2.0
 40
2.0
 40
2.0
 40
2.0
 10
117.1123414223578
 20
33.52351410289891
 30
0.0
 10
117.1123414223577
 20
33.58981822535878
 30
0.0
 10
117.0860022122662
 20
33.65340670358344
 30
0.0
 10
117.039118117654
 20
33.70029079819527
 30
0.0
 10
116.9922340230419
 20
33.7471748928071
 30
0.0
 10
116.928645544817
 20
33.77351410289818
 30
0.0
 10
116.8623414223572
 20
33.77351410289783
 30
0.0
  0
SPLINE
  5
41F
330
1F
100
AcDbEntity
  8
0
  6
Continuous
 62
    18
420
        0
370
    25
100
AcDbSpline
210
0.0
220
0.0
230
1.0
 70
     8
 71
     3
 72
    11
 73
     7
 74
     0
 42
0.000000001
 43
0.0
 40
0.0
 40
0.0
 40
0.0
 40
0.0
 40
1.0
 40
1.0
 40
1.0
 40
2.0
 40
2.0
 40
2.0
 40
2.0
 10
111.2623414223581
 20
34.02351410289802
 30
0.0
 10
111.2623414223582
 20
33.95720998043781
 30
0.0
 10
111.2886806324499
 20
33.89362150221284
 30
0.0
 10
111.3355647270624
 20
33.84673740760081
 30
0.0
 10
111.3824488216748
 20
33.79985331298877
 30
0.0
 10
111.4460372999
 20
33.77351410289766
 30
0.0
 10
111.5123414223602
 20
33.77351410289812
 30
0.0
  0
SPLINE
  5
420
330
1F
100
AcDbEntity
  8
0
  6
Continuous
 62
    18
420
        0
370
    25
100
AcDbSpline
210
0.0
220
0.0
230
1.0
 70
     8
 71
     3
 72
     8
 73
     4
 74
     0
 42
0.000000001
 43
0.0
 40
0.0
 40
0.0
 40
0.0
 40
0.0
 40
1.0
 40
1.0
 40
1.0
 40
1.0
 10
111.2623414223585
 20
35.52351410289846
 30
0.0
 10
111.2623414223585
 20
35.66158529035617
 30
0.0
 10
111.1504126098162
 20
35.77351410289849
 30
0.0
 10
111.0123414223585
 20
35.77351410289849
 30
0.0
  0
SPLINE
  5
421
330
1F
100
AcDbEntity
  8
0
  6
Continuous
 62
    18
420
        0
370
    25
100
AcDbSpline
210
0.0
220
0.0
230
1.0
 70
     8
 71
     3
 72
     8
 73
     4
 74
     0
 42
0.000000001
 43
0.0
 40
0.0
 40
0.0
 40
0.0
 40
0.0
 40
1.0
 40
1.0
 40
1.0
 40
1.0
 10
92.29911733405848
 20
35.77351410289845
 30
0.0
 10
92.1610461466008
 20
35.77351410289845
 30
0.0
 10
92.0491173340585
 20
35.66158529035614
 30
0.0
 10
92.0491173340585
 20
35.52351410289846
 30
0.0
  0
SPLINE
  5
422
330
1F
100
AcDbEntity
  8
0
  6
Continuous
 62
    18
420
        0
370
    25
100
AcDbSpline
210
0.0
220
0.0
230
1.0
 70
     8
 71
     3
 72
    11
 73
     7
 74
     0
 42
0.000000001
 43
0.0
 40
0.0
 40
0.0
 40
0.0
 40
0.0
 40
1.0
 40
1.0
 40
1.0
 40
2.0
 40
2.0
 40
2.0
 40
2.0
 10
91.79911733405672
 20
33.77351410289802
 30
0.0
 10
91.86542145651701
 20
33.77351410289756
 30
0.0
 10
91.92900993474233
 20
33.79985331298876
 30
0.0
 10
91.9758940293548
 20
33.84673740760088
 30
0.0
 10
92.02277812396727
 20
33.89362150221304
 30
0.0
 10
92.0491173340589
 20
33.95720998043818
 30
0.0
 10
92.0491173340589
 20
34.02351410289846
 30
0.0
  0
SPLINE
  5
423
330
1F
100
AcDbEntity
  8
0
  6
Continuous
 62
    18
420
        0
370
    25
100
AcDbSpline
210
0.0
220
0.0
230
1.0
 70
     8
 71
     3
 72
     8
 73
     4
 74
     0
 42
0.000000001
 43
0.0
 40
0.0
 40
0.0
 40
0.0
 40
0.0
 40
1.0
 40
1.0
 40
1.0
 40
1.0
 10
86.44911733405628
 20
33.7735141028982
 30
0.0
 10
86.31104614659908
 20
33.773514102897
 30
0.0
 10
86.19911733405802
 20
33.66158529035435
 30
0.0
 10
86.19911733405874
 20
33.52351410289715
 30
0.0
  0
SPLINE
  5
424
330
1F
100
AcDbEntity
  8
0
  6
Continuous
 62
    18
420
        0
370
    25
100
AcDbSpline
210
0.0
220
0.0
230
1.0
 70
     8
 71
     3
 72
     8
 73
     4
 74
     0
 42
0.000000001
 43
0.0
 40
0.0
 40
0.0
 40
0.0
 40
0.0
 40
1.0
 40
1.0
 40
1.0
 40
1.0
 10
85.94911733405586
 20
32.1235141030984
 30
0.0
 10
86.0871885215088
 20
32.12351410309697
 30
0.0
 10
86.19911733405034
 20
32.23544291563067
 30
0.0
 10
86.19911733405853
 20
32.37351410308362
 30
0.0
  0
SPLINE
  5
425
330
1F
100
AcDbEntity
  8
0
  6
Continuous
 62
    18
420
        0
370
    25
100
AcDbSpline
210
0.0
220
0.0
230
1.0
 70
     8
 71
     3
 72
     8
 73
     4
 74
     0
 42
0.000000001
 43
0.0
 40
0.0
 40
0.0
 40
0.0
 40
0.0
 40
1.0
 40
1.0
 40
1.0
 40
1.0
 10
76.0072164222988
 20
34.80043718002641
 30
0.0
 10
76.17218020997959
 20
33.27753915051147
 30
0.0
 10
77.4579626386424
 20
32.12351410309844
 30
0.0
 10
78.98976923855848
 20
32.12351410309844
 30
0.0
  0
SPLINE
  5
426
330
1F
100
AcDbEntity
  8
0
  6
Continuous
 62
    18
420
        0
370
    25
100
AcDbSpline
210
0.0
220
0.0
230
1.0
 70
     8
 71
     3
 72
     8
 73
     4
 74
     0
 42
0.000000001
 43
0.0
 40
0.0
 40
0.0
 40
0.0
 40
0.0
 40
1.0
 40
1.0
 40
1.0
 40
1.0
 10
76.00721642225977
 20
34.80043718002074
 30
0.0
 10
75.99417124344868
 20
34.92248051785252
 30
0.0
 10
75.8944601785532
 20
35.01700308467774
 30
0.0
 10
75.77189444256318
 20
35.02351410307465
 30
0.0
  0
SPLINE
  5
427
330
1F
100
AcDbEntity
  8
0
  6
Continuous
 62
    18
420
        0
370
    25
100
AcDbSpline
210
0.0
220
0.0
230
1.0
 70
     8
 71
     3
 72
     8
 73
     4
 74
     0
 42
0.000000001
 43
0.0
 40
0.0
 40
0.0
 40
0.0
 40
0.0
 40
1.0
 40
1.0
 40
1.0
 40
1.0
 10
72.90721642225846
 20
35.02351410309846
 30
0.0
 10
72.76914523480076
 20
35.02351410309846
 30
0.0
 10
72.65721642225844
 20
34.91158529055618
 30
0.0
 10
72.65721642225844
 20
34.77351410309846
 30
0.0
  0
SPLINE
  5
428
330
1F
100
AcDbEntity
  8
0
  6
Continuous
 62
    18
420
        0
370
    25
100
AcDbSpline
210
0.0
220
0.0
230
1.0
 70
     8
 71
     3
 72
     8
 73
     4
 74
     0
 42
0.000000001
 43
0.0
 40
0.0
 40
0.0
 40
0.0
 40
0.0
 40
1.0
 40
1.0
 40
1.0
 40
1.0
 10
72.35721642226139
 20
33.76090045740484
 30
0.0
 10
72.53942979097155
 20
33.8404248911918
 30
0.0
 10
72.65721642225783
 20
34.02034694243423
 30
0.0
 10
72.65721642225783
 20
34.21915802689847
 30
0.0
  0
SPLINE
  5
429
330
1F
100
AcDbEntity
  8
0
  6
Continuous
 62
    18
420
        0
370
    25
100
AcDbSpline
210
0.0
220
0.0
230
1.0
 70
     8
 71
     3
 72
    11
 73
     7
 74
     0
 42
0.000000001
 43
0.0
 40
0.0
 40
0.0
 40
0.0
 40
0.0
 40
1.0
 40
1.0
 40
1.0
 40
2.0
 40
2.0
 40
2.0
 40
2.0
 10
72.35721642226206
 20
33.76090045732387
 30
0.0
 10
72.08389636920212
 20
33.6416138066463
 30
0.0
 10
71.90721642227611
 20
33.37173072978811
 30
0.0
 10
71.90721642227636
 20
33.07351410309781
 30
0.0
 10
71.90721642227662
 20
32.77529747640747
 30
0.0
 10
72.08389636920312
 20
32.50541439954958
 30
0.0
 10
72.35721642226325
 20
32.38612774887252
 30
0.0
  0
SPLINE
  5
42A
330
1F
100
AcDbEntity
  8
0
  6
Continuous
 62
    18
420
        0
370
    25
100
AcDbSpline
210
0.0
220
0.0
230
1.0
 70
     8
 71
     3
 72
     8
 73
     4
 74
     0
 42
0.000000001
 43
0.0
 40
0.0
 40
0.0
 40
0.0
 40
0.0
 40
1.0
 40
1.0
 40
1.0
 40
1.0
 10
72.65721642225861
 20
31.92787017939933
 30
0.0
 10
72.65721642225826
 20
32.12668126386355
 30
0.0
 10
72.53942979097187
 20
32.30660331510585
 30
0.0
 10
72.3572164222617
 20
32.38612774889279
 30
0.0
  0
SPLINE
  5
42B
330
1F
100
AcDbEntity
  8
0
  6
Continuous
 62
    18
420
        0
370
    25
100
AcDbSpline
210
0.0
220
0.0
230
1.0
 70
     8
 71
     3
 72
    11
 73
     7
 74
     0
 42
0.000000001
 43
0.0
 40
0.0
 40
0.0
 40
0.0
 40
0.0
 40
1.0
 40
1.0
 40
1.0
 40
2.0
 40
2.0
 40
2.0
 40
2.0
 10
71.65019542237245
 20
30.62351410307548
 30
0.0
 10
71.91662203360752
 20
30.62164347570848
 30
0.0
 10
72.17277961588734
 20
30.72617054235916
 30
0.0
 10
72.36183653273447
 20
30.91390471775941
 30
0.0
 10
72.5508934495816
 20
31.10163889315965
 30
0.0
 10
72.6572164223063
 20
31.35705627724502
 30
0.0
 10
72.6572164223063
 20
31.62348945539846
 30
0.0
  0
SPLINE
  5
42C
330
1F
100
AcDbEntity
  8
0
  6
Continuous
 62
    18
420
        0
370
    25
100
AcDbSpline
210
0.0
220
0.0
230
1.0
 70
     8
 71
     3
 72
    11
 73
     7
 74
     0
 42
0.000000001
 43
0.0
 40
0.0
 40
0.0
 40
0.0
 40
0.0
 40
1.0
 40
1.0
 40
1.0
 40
2.0
 40
2.0
 40
2.0
 40
2.0
 10
40.95019542231077
 20
31.62348945539846
 30
0.0
 10
40.95019542231077
 20
31.35705627724505
 30
0.0
 10
41.05651839503545
 20
31.1016388931597
 30
0.0
 10
41.24557531188256
 20
30.91390471775948
 30
0.0
 10
41.43463222872966
 20
30.72617054235928
 30
0.0
 10
41.69078981100943
 20
30.62164347570862
 30
0.0
 10
41.95721642224447
 20
30.62351410307565
 30
0.0
  0
SPLINE
  5
42D
330
1F
100
AcDbEntity
  8
0
  6
Continuous
 62
    18
420
        0
370
    25
100
AcDbSpline
210
0.0
220
0.0
230
1.0
 70
     8
 71
     3
 72
     8
 73
     4
 74
     0
 42
0.000000001
 43
0.0
 40
0.0
 40
0.0
 40
0.0
 40
0.0
 40
1.0
 40
1.0
 40
1.0
 40
1.0
 10
41.25019542235645
 20
32.38612774889435
 30
0.0
 10
41.06798205364538
 20
32.30660331510775
 30
0.0
 10
40.95019542235808
 20
32.12668126386511
 30
0.0
 10
40.95019542235737
 20
31.92787017940022
 30
0.0
  0
SPLINE
  5
42E
330
1F
100
AcDbEntity
  8
0
  6
Continuous
 62
    18
420
        0
370
    25
100
AcDbSpline
210
0.0
220
0.0
230
1.0
 70
     8
 71
     3
 72
    11
 73
     7
 74
     0
 42
0.000000001
 43
0.0
 40
0.0
 40
0.0
 40
0.0
 40
0.0
 40
1.0
 40
1.0
 40
1.0
 40
2.0
 40
2.0
 40
2.0
 40
2.0
 10
41.25019542235636
 20
32.38612774887294
 30
0.0
 10
41.52351547541568
 20
32.50541439955079
 30
0.0
 10
41.70019542234126
 20
32.77529747640858
 30
0.0
 10
41.70019542234126
 20
33.07351410309847
 30
0.0
 10
41.70019542234126
 20
33.37173072978834
 30
0.0
 10
41.52351547541568
 20
33.64161380664615
 30
0.0
 10
41.25019542235636
 20
33.76090045732401
 30
0.0
  0
SPLINE
  5
42F
330
1F
100
AcDbEntity
  8
0
  6
Continuous
 62
    18
420
        0
370
    25
100
AcDbSpline
210
0.0
220
0.0
230
1.0
 70
     8
 71
     3
 72
     8
 73
     4
 74
     0
 42
0.000000001
 43
0.0
 40
0.0
 40
0.0
 40
0.0
 40
0.0
 40
1.0
 40
1.0
 40
1.0
 40
1.0
 10
40.95019542236081
 20
34.21915802689934
 30
0.0
 10
40.95019542236044
 20
34.02034694243451
 30
0.0
 10
41.06798205364748
 20
33.84042489119159
 30
0.0
 10
41.25019542235861
 20
33.76090045740536
 30
0.0
  0
SPLINE
  5
430
330
1F
100
AcDbEntity
  8
0
  6
Continuous
 62
    18
420
        0
370
    25
100
AcDbSpline
210
0.0
220
0.0
230
1.0
 70
     8
 71
     3
 72
     8
 73
     4
 74
     0
 42
0.000000001
 43
0.0
 40
0.0
 40
0.0
 40
0.0
 40
0.0
 40
1.0
 40
1.0
 40
1.0
 40
1.0
 10
40.95019542235848
 20
34.77351410309846
 30
0.0
 10
40.95019542235848
 20
34.91158529055618
 30
0.0
 10
40.83826660981618
 20
35.02351410309846
 30
0.0
 10
40.70019542235848
 20
35.02351410309846
 30
0.0
  0
SPLINE
  5
431
330
1F
100
AcDbEntity
  8
0
  6
Continuous
 62
    18
420
        0
370
    25
100
AcDbSpline
210
0.0
220
0.0
230
1.0
 70
     8
 71
     3
 72
     8
 73
     4
 74
     0
 42
0.000000001
 43
0.0
 40
0.0
 40
0.0
 40
0.0
 40
0.0
 40
1.0
 40
1.0
 40
1.0
 40
1.0
 10
37.855762490279
 20
35.02351410309818
 30
0.0
 10
37.72811194027712
 20
35.02351410310867
 30
0.0
 10
37.62096340454292
 20
34.92734534915331
 30
0.0
 10
37.60721642223678
 20
34.80043718001806
 30
0.0
  0
SPLINE
  5
432
330
1F
100
AcDbEntity
  8
0
  6
Continuous
 62
    18
420
        0
370
    25
100
AcDbSpline
210
0.0
220
0.0
230
1.0
 70
     8
 71
     3
 72
     8
 73
     4
 74
     0
 42
0.000000001
 43
0.0
 40
0.0
 40
0.0
 40
0.0
 40
0.0
 40
1.0
 40
1.0
 40
1.0
 40
1.0
 10
34.62466360605847
 20
32.12351410309901
 30
0.0
 10
36.15647020597224
 20
32.12351410309901
 30
0.0
 10
37.4422526346338
 20
33.2775391505089
 30
0.0
 10
37.60721642231701
 20
34.80043718002126
 30
0.0
  0
SPLINE
  5
433
330
1F
100
AcDbEntity
  8
0
  6
Continuous
 62
    18
420
        0
370
    25
100
AcDbSpline
210
0.0
220
0.0
230
1.0
 70
     8
 71
     3
 72
    11
 73
     7
 74
     0
 42
0.000000001
 43
0.0
 40
0.0
 40
0.0
 40
0.0
 40
0.0
 40
1.0
 40
1.0
 40
1.0
 40
2.0
 40
2.0
 40
2.0
 40
2.0
 10
17.87484142220008
 20
35.1235141031238
 30
0.0
 10
17.87483366982879
 20
34.32556810474249
 30
0.0
 10
18.19271883399295
 20
33.56049543710591
 30
0.0
 10
18.75819133615224
 20
32.99750461507189
 30
0.0
 10
19.32366383831155
 20
32.43451379303791
 30
0.0
 10
20.0901272645096
 20
32.11999673362624
 30
0.0
 10
20.88806551055663
 20
32.12351410312618
 30
0.0
  0
SPLINE
  5
434
330
1F
100
AcDbEntity
  8
0
  6
Continuous
 62
    18
420
        0
370
    25
100
AcDbSpline
210
0.0
220
0.0
230
1.0
 70
     8
 71
     3
 72
     8
 73
     4
 74
     0
 42
0.000000001
 43
0.0
 40
0.0
 40
0.0
 40
0.0
 40
0.0
 40
1.0
 40
1.0
 40
1.0
 40
1.0
 10
18.12484142215845
 20
36.07351410309847
 30
0.0
 10
17.98677023470075
 20
36.07351410309847
 30
0.0
 10
17.87484142215845
 20
35.96158529055617
 30
0.0
 10
17.87484142215845
 20
35.82351410309845
 30
0.0
  0
SPLINE
  5
435
330
1F
100
AcDbEntity
  8
0
  6
Continuous
 62
    18
420
        0
370
    25
100
AcDbSpline
210
0.0
220
0.0
230
1.0
 70
     8
 71
     3
 72
     8
 73
     4
 74
     0
 42
0.000000001
 43
0.0
 40
0.0
 40
0.0
 40
0.0
 40
0.0
 40
1.0
 40
1.0
 40
1.0
 40
1.0
 10
19.27484142215846
 20
36.07351410309847
 30
0.0
 10
19.41291260961616
 20
36.07351410309847
 30
0.0
 10
19.52484142215846
 20
36.18544291564076
 30
0.0
 10
19.52484142215846
 20
36.32351410309845
 30
0.0
  0
SPLINE
  5
436
330
1F
100
AcDbEntity
  8
0
  6
Continuous
 62
    18
420
        0
370
    25
100
AcDbSpline
210
0.0
220
0.0
230
1.0
 70
     8
 71
     3
 72
     8
 73
     4
 74
     0
 42
0.000000001
 43
0.0
 40
0.0
 40
0.0
 40
0.0
 40
0.0
 40
1.0
 40
1.0
 40
1.0
 40
1.0
 10
19.77484142215846
 20
41.92351410329847
 30
0.0
 10
19.63677023470076
 20
41.92351410329847
 30
0.0
 10
19.52484142215846
 20
41.81158529075617
 30
0.0
 10
19.52484142215846
 20
41.67351410329847
 30
0.0
  0
SPLINE
  5
437
330
1F
100
AcDbEntity
  8
0
  6
Continuous
 62
    18
420
        0
370
    25
100
AcDbSpline
210
0.0
220
0.0
230
1.0
 70
     8
 71
     3
 72
     8
 73
     4
 74
     0
 42
0.000000001
 43
0.0
 40
0.0
 40
0.0
 40
0.0
 40
0.0
 40
1.0
 40
1.0
 40
1.0
 40
1.0
 10
21.27484142225849
 20
41.92351410329847
 30
0.0
 10
21.41291260971619
 20
41.92351410329847
 30
0.0
 10
21.52484142225849
 20
42.03544291584078
 30
0.0
 10
21.52484142225849
 20
42.17351410329846
 30
0.0
  0
SPLINE
  5
438
330
1F
100
AcDbEntity
  8
0
  6
Continuous
 62
    18
420
        0
370
    25
100
AcDbSpline
210
0.0
220
0.0
230
1.0
 70
     8
 71
     3
 72
     8
 73
     4
 74
     0
 42
0.000000001
 43
0.0
 40
0.0
 40
0.0
 40
0.0
 40
0.0
 40
1.0
 40
1.0
 40
1.0
 40
1.0
 10
21.52484142225849
 20
60.87351410329845
 30
0.0
 10
21.52484142225849
 20
61.01158529075616
 30
0.0
 10
21.41291260971619
 20
61.12351410329846
 30
0.0
 10
21.27484142225849
 20
61.12351410329846
 30
0.0
  0
SPLINE
  5
439
330
1F
100
AcDbEntity
  8
0
  6
Continuous
 62
    18
420
        0
370
    25
100
AcDbSpline
210
0.0
220
0.0
230
1.0
 70
     8
 71
     3
 72
     8
 73
     4
 74
     0
 42
0.000000001
 43
0.0
 40
0.0
 40
0.0
 40
0.0
 40
0.0
 40
1.0
 40
1.0
 40
1.0
 40
1.0
 10
19.52484142215846
 20
61.37351410329846
 30
0.0
 10
19.52484142215846
 20
61.23544291584078
 30
0.0
 10
19.63677023470076
 20
61.12351410329846
 30
0.0
 10
19.77484142215846
 20
61.12351410329846
 30
0.0
  0
SPLINE
  5
43A
330
1F
100
AcDbEntity
  8
0
  6
Continuous
 62
    18
420
        0
370
    25
100
AcDbSpline
210
0.0
220
0.0
230
1.0
 70
     8
 71
     3
 72
     8
 73
     4
 74
     0
 42
0.000000001
 43
0.0
 40
0.0
 40
0.0
 40
0.0
 40
0.0
 40
1.0
 40
1.0
 40
1.0
 40
1.0
 10
19.67484142215844
 20
65.6525011916463
 30
0.0
 10
19.58373473780238
 20
65.61273897475314
 30
0.0
 10
19.52484142215842
 20
65.52277794913135
 30
0.0
 10
19.52484142215842
 20
65.42337240689847
 30
0.0
  0
SPLINE
  5
43B
330
1F
100
AcDbEntity
  8
0
  6
Continuous
 62
    18
420
        0
370
    25
100
AcDbSpline
210
0.0
220
0.0
230
1.0
 70
     8
 71
     3
 72
     8
 73
     4
 74
     0
 42
0.000000001
 43
0.0
 40
0.0
 40
0.0
 40
0.0
 40
0.0
 40
1.0
 40
1.0
 40
1.0
 40
1.0
 10
20.102496262555
 20
65.80183192838653
 30
0.0
 10
19.95638501680657
 20
65.76290363085513
 30
0.0
 10
19.8134259924609
 20
65.7129844567704
 30
0.0
 10
19.67484142215959
 20
65.65250119166959
 30
0.0
  0
SPLINE
  5
43C
330
1F
100
AcDbEntity
  8
0
  6
Continuous
 62
    18
420
        0
370
    25
100
AcDbSpline
210
0.0
220
0.0
230
1.0
 70
     8
 71
     3
 72
     8
 73
     4
 74
     0
 42
0.000000001
 43
0.0
 40
0.0
 40
0.0
 40
0.0
 40
0.0
 40
1.0
 40
1.0
 40
1.0
 40
1.0
 10
20.10249626255416
 20
65.80183192838724
 30
0.0
 10
20.20529780978259
 20
65.83542582205334
 30
0.0
 10
20.27484142215753
 20
65.9313142049835
 30
0.0
 10
20.27484142215847
 20
66.03946552399628
 30
0.0
  0
SPLINE
  5
43D
330
1F
100
AcDbEntity
  8
0
  6
Continuous
 62
    18
420
        0
370
    25
100
AcDbSpline
210
0.0
220
0.0
230
1.0
 70
     8
 71
     3
 72
     8
 73
     4
 74
     0
 42
0.000000001
 43
0.0
 40
0.0
 40
0.0
 40
0.0
 40
0.0
 40
1.0
 40
1.0
 40
1.0
 40
1.0
 10
19.51222777641987
 20
69.47351410319682
 30
0.0
 10
19.59175221018265
 20
69.29130073443191
 30
0.0
 10
19.77167426145374
 20
69.17351410309838
 30
0.0
 10
19.97048534595846
 20
69.17351410309838
 30
0.0
  0
SPLINE
  5
43E
330
1F
100
AcDbEntity
  8
0
  6
Continuous
 62
    18
420
        0
370
    25
100
AcDbSpline
210
0.0
220
0.0
230
1.0
 70
     8
 71
     3
 72
    11
 73
     7
 74
     0
 42
0.000000001
 43
0.0
 40
0.0
 40
0.0
 40
0.0
 40
0.0
 40
1.0
 40
1.0
 40
1.0
 40
2.0
 40
2.0
 40
2.0
 40
2.0
 10
19.51222777636107
 20
69.47351410319204
 30
0.0
 10
19.39294112565145
 20
69.74683415622786
 30
0.0
 10
19.12305804878586
 20
69.92351410311987
 30
0.0
 10
18.82484142210481
 20
69.92351410309853
 30
0.0
 10
18.52662479542375
 20
69.92351410307718
 30
0.0
 10
18.25674171858344
 20
69.74683415614658
 30
0.0
 10
18.13745506791295
 20
69.47351410309366
 30
0.0
  0
SPLINE
  5
43F
330
1F
100
AcDbEntity
  8
0
  6
Continuous
 62
    18
420
        0
370
    25
100
AcDbSpline
210
0.0
220
0.0
230
1.0
 70
     8
 71
     3
 72
     8
 73
     4
 74
     0
 42
0.000000001
 43
0.0
 40
0.0
 40
0.0
 40
0.0
 40
0.0
 40
1.0
 40
1.0
 40
1.0
 40
1.0
 10
17.67919749845848
 20
69.17351410309843
 30
0.0
 10
17.87800858292486
 20
69.17351410309843
 30
0.0
 10
18.05793063416888
 20
69.29130073438708
 30
0.0
 10
18.1374550679548
 20
69.47351410310007
 30
0.0
  0
SPLINE
  5
440
330
1F
100
AcDbEntity
  8
0
  6
Continuous
 62
    18
420
        0
370
    25
100
AcDbSpline
210
0.0
220
0.0
230
1.0
 70
     8
 71
     3
 72
     8
 73
     4
 74
     0
 42
0.000000001
 43
0.0
 40
0.0
 40
0.0
 40
0.0
 40
0.0
 40
1.0
 40
1.0
 40
1.0
 40
1.0
 10
16.37484142215849
 20
70.17351410309847
 30
0.0
 10
16.37484142215849
 20
69.62122935326768
 30
0.0
 10
16.82255667232769
 20
69.17351410309848
 30
0.0
 10
17.37484142215846
 20
69.17351410309848
 30
0.0
  0
SPLINE
  5
441
330
1F
100
AcDbEntity
  8
0
  6
Continuous
 62
    18
420
        0
370
    25
100
AcDbSpline
210
0.0
220
0.0
230
1.0
 70
     8
 71
     3
 72
    11
 73
     7
 74
     0
 42
0.000000001
 43
0.0
 40
0.0
 40
0.0
 40
0.0
 40
0.0
 40
1.0
 40
1.0
 40
1.0
 40
2.0
 40
2.0
 40
2.0
 40
2.0
 10
17.37484142219378
 20
100.8735141030927
 30
0.0
 10
17.09135364089064
 20
100.8749354794337
 30
0.0
 10
16.82058443741115
 20
100.7559660727245
 30
0.0
 10
16.62988752256847
 20
100.5461994664013
 30
0.0
 10
16.43919060772579
 20
100.3364328600781
 30
0.0
 10
16.34648872444958
 20
100.0555840713631
 30
0.0
 10
16.37484142219294
 20
99.77351410311132
 30
0.0
  0
SPLINE
  5
442
330
1F
100
AcDbEntity
  8
0
  6
Continuous
 62
    18
420
        0
370
    25
100
AcDbSpline
210
0.0
220
0.0
230
1.0
 70
     8
 71
     3
 72
     8
 73
     4
 74
     0
 42
0.000000001
 43
0.0
 40
0.0
 40
0.0
 40
0.0
 40
0.0
 40
1.0
 40
1.0
 40
1.0
 40
1.0
 10
18.13745506795414
 20
100.5735141030985
 30
0.0
 10
18.05793063416784
 20
100.7557274718106
 30
0.0
 10
17.87800858292426
 20
100.8735141030985
 30
0.0
 10
17.67919749845848
 20
100.8735141030985
 30
0.0
  0
SPLINE
  5
443
330
1F
100
AcDbEntity
  8
0
  6
Continuous
 62
    18
420
        0
370
    25
100
AcDbSpline
210
0.0
220
0.0
230
1.0
 70
     8
 71
     3
 72
    11
 73
     7
 74
     0
 42
0.000000001
 43
0.0
 40
0.0
 40
0.0
 40
0.0
 40
0.0
 40
1.0
 40
1.0
 40
1.0
 40
2.0
 40
2.0
 40
2.0
 40
2.0
 10
18.1374550679345
 20
100.5735141030541
 30
0.0
 10
18.25674171862455
 20
100.3001940500098
 30
0.0
 10
18.52662479547745
 20
100.1235141030985
 30
0.0
 10
18.82484142215848
 20
100.1235141030985
 30
0.0
 10
19.1230580488395
 20
100.1235141030985
 30
0.0
 10
19.3929411256924
 20
100.3001940500098
 30
0.0
 10
19.51222777638245
 20
100.5735141030541
 30
0.0
  0
SPLINE
  5
444
330
1F
100
AcDbEntity
  8
0
  6
Continuous
 62
    18
420
        0
370
    25
100
AcDbSpline
210
0.0
220
0.0
230
1.0
 70
     8
 71
     3
 72
     8
 73
     4
 74
     0
 42
0.000000001
 43
0.0
 40
0.0
 40
0.0
 40
0.0
 40
0.0
 40
1.0
 40
1.0
 40
1.0
 40
1.0
 10
19.97048534585936
 20
100.8735141030984
 30
0.0
 10
19.77167426139268
 20
100.8735141030988
 30
0.0
 10
19.59175221014826
 20
100.7557274718101
 30
0.0
 10
19.51222777636224
 20
100.5735141030968
 30
0.0
  0
SPLINE
  5
445
330
1F
100
AcDbEntity
  8
0
  6
Continuous
 62
    18
420
        0
370
    25
100
AcDbSpline
210
0.0
220
0.0
230
1.0
 70
     8
 71
     3
 72
     8
 73
     4
 74
     0
 42
0.000000001
 43
0.0
 40
0.0
 40
0.0
 40
0.0
 40
0.0
 40
1.0
 40
1.0
 40
1.0
 40
1.0
 10
20.52484142211391
 20
100.8735141030998
 30
0.0
 10
20.66291244277834
 20
100.8735143389557
 30
0.0
 10
20.77484099503339
 20
100.9854430823902
 30
0.0
 10
20.77484099505747
 20
101.1235141030548
 30
0.0
  0
SPLINE
  5
446
330
1F
100
AcDbEntity
  8
0
  6
Continuous
 62
    18
420
        0
370
    25
100
AcDbSpline
210
0.0
220
0.0
230
1.0
 70
     8
 71
     3
 72
    11
 73
     7
 74
     0
 42
0.000000001
 43
0.0
 40
0.0
 40
0.0
 40
0.0
 40
0.0
 40
1.0
 40
1.0
 40
1.0
 40
2.0
 40
2.0
 40
2.0
 40
2.0
 10
20.77484099505749
 20
103.9951962778535
 30
0.0
 10
20.7748409950694
 20
104.061500400321
 30
0.0
 10
20.74850178498335
 20
104.1250888785571
 30
0.0
 10
20.70161769037014
 20
104.1719729731787
 30
0.0
 10
20.65473359575693
 20
104.2188570678002
 30
0.0
 10
20.59114511752552
 20
104.2451962778976
 30
0.0
 10
20.52484099505803
 20
104.2451962778975
 30
0.0
  0
SPLINE
  5
447
330
1F
100
AcDbEntity
  8
0
  6
Continuous
 62
    18
420
        0
370
    25
100
AcDbSpline
210
0.0
220
0.0
230
1.0
 70
     8
 71
     3
 72
     8
 73
     4
 74
     0
 42
0.000000001
 43
0.0
 40
0.0
 40
0.0
 40
0.0
 40
0.0
 40
1.0
 40
1.0
 40
1.0
 40
1.0
 10
19.02484142215843
 20
104.4951962778985
 30
0.0
 10
19.02484142215843
 20
104.3571250904407
 30
0.0
 10
19.13677023470075
 20
104.2451962778985
 30
0.0
 10
19.27484142215846
 20
104.2451962778985
 30
0.0
  0
SPLINE
  5
448
330
1F
100
AcDbEntity
  8
0
  6
Continuous
 62
    18
420
        0
370
    25
100
AcDbSpline
210
0.0
220
0.0
230
1.0
 70
     8
 71
     3
 72
     8
 73
     4
 74
     0
 42
0.000000001
 43
0.0
 40
0.0
 40
0.0
 40
0.0
 40
0.0
 40
1.0
 40
1.0
 40
1.0
 40
1.0
 10
19.02484142215847
 20
133.7235141032985
 30
0.0
 10
19.02484142215847
 20
133.8615852907562
 30
0.0
 10
18.91291260961617
 20
133.9735141032985
 30
0.0
 10
18.77484142215847
 20
133.9735141032985
 30
0.0
  0
SPLINE
  5
449
330
1F
100
AcDbEntity
  8
0
  6
Continuous
 62
    18
420
        0
370
    25
100
AcDbSpline
210
0.0
220
0.0
230
1.0
 70
     8
 71
     3
 72
     8
 73
     4
 74
     0
 42
0.000000001
 43
0.0
 40
0.0
 40
0.0
 40
0.0
 40
0.0
 40
1.0
 40
1.0
 40
1.0
 40
1.0
 10
17.87484142215845
 20
134.2235141032985
 30
0.0
 10
17.87484142215845
 20
134.0854429158408
 30
0.0
 10
17.98677023470075
 20
133.9735141032985
 30
0.0
 10
18.12484142215845
 20
133.9735141032985
 30
0.0
  0
SPLINE
  5
44A
330
1F
100
AcDbEntity
  8
0
  6
Continuous
 62
    18
420
        0
370
    25
100
AcDbSpline
210
0.0
220
0.0
230
1.0
 70
     8
 71
     3
 72
     8
 73
     4
 74
     0
 42
0.000000001
 43
0.0
 40
0.0
 40
0.0
 40
0.0
 40
0.0
 40
1.0
 40
1.0
 40
1.0
 40
1.0
 10
20.87484142215845
 20
137.9235141030985
 30
0.0
 10
19.21798717266605
 20
137.9235141030985
 30
0.0
 10
17.87484142215843
 20
136.5803683525909
 30
0.0
 10
17.87484142215843
 20
134.9235141030985
 30
0.0
  0
SPLINE
  5
44B
330
1F
100
AcDbEntity
  8
0
  6
Continuous
 62
    18
420
        0
370
    25
100
AcDbSpline
210
0.0
220
0.0
230
1.0
 70
     8
 71
     3
 72
     8
 73
     4
 74
     0
 42
0.000000001
 43
0.0
 40
0.0
 40
0.0
 40
0.0
 40
0.0
 40
1.0
 40
1.0
 40
1.0
 40
1.0
 10
37.49577219611221
 20
135.7485141031011
 30
0.0
 10
37.12751460314824
 20
137.0360018721572
 30
0.0
 10
35.95055803755454
 20
137.9235141030845
 30
0.0
 10
34.61143951768989
 20
137.9235141030985
 30
0.0
  0
SPLINE
  5
44C
330
1F
100
AcDbEntity
  8
0
  6
Continuous
 62
    18
420
        0
370
    25
100
AcDbSpline
210
0.0
220
0.0
230
1.0
 70
     8
 71
     3
 72
     8
 73
     4
 74
     0
 42
0.000000001
 43
0.0
 40
0.0
 40
0.0
 40
0.0
 40
0.0
 40
1.0
 40
1.0
 40
1.0
 40
1.0
 10
37.4957721960816
 20
135.7485141031009
 30
0.0
 10
37.50861120902093
 20
135.6207675372935
 30
0.0
 10
37.61612892595264
 20
135.5235141030985
 30
0.0
 10
37.74451905535847
 20
135.5235141030985
 30
0.0
  0
SPLINE
  5
44D
330
1F
100
AcDbEntity
  8
0
  6
Continuous
 62
    18
420
        0
370
    25
100
AcDbSpline
210
0.0
220
0.0
230
1.0
 70
     8
 71
     3
 72
     8
 73
     4
 74
     0
 42
0.000000001
 43
0.0
 40
0.0
 40
0.0
 40
0.0
 40
0.0
 40
1.0
 40
1.0
 40
1.0
 40
1.0
 10
40.70721642225848
 20
135.5235141030984
 30
0.0
 10
40.8452876097162
 20
135.5235141030984
 30
0.0
 10
40.95721642225854
 20
135.6354429156407
 30
0.0
 10
40.95721642225854
 20
135.7735141030984
 30
0.0
  0
SPLINE
  5
44E
330
1F
100
AcDbEntity
  8
0
  6
Continuous
 62
    18
420
        0
370
    25
100
AcDbSpline
210
0.0
220
0.0
230
1.0
 70
     8
 71
     3
 72
     8
 73
     4
 74
     0
 42
0.000000001
 43
0.0
 40
0.0
 40
0.0
 40
0.0
 40
0.0
 40
1.0
 40
1.0
 40
1.0
 40
1.0
 10
41.25721642225855
 20
136.2861277488939
 30
0.0
 10
41.07500305355956
 20
136.2066033151134
 30
0.0
 10
40.95721642227422
 20
136.0266812638892
 30
0.0
 10
40.95721642225862
 20
135.8278701794378
 30
0.0
  0
SPLINE
  5
44F
330
1F
100
AcDbEntity
  8
0
  6
Continuous
 62
    18
420
        0
370
    25
100
AcDbSpline
210
0.0
220
0.0
230
1.0
 70
     8
 71
     3
 72
    11
 73
     7
 74
     0
 42
0.000000001
 43
0.0
 40
0.0
 40
0.0
 40
0.0
 40
0.0
 40
1.0
 40
1.0
 40
1.0
 40
2.0
 40
2.0
 40
2.0
 40
2.0
 10
41.25721642228887
 20
136.2861277488247
 30
0.0
 10
41.53053647539436
 20
136.4054143994875
 30
0.0
 10
41.70721642235847
 20
136.6752974763723
 30
0.0
 10
41.70721642235847
 20
136.9735141030985
 30
0.0
 10
41.70721642235847
 20
137.2717307298246
 30
0.0
 10
41.53053647539436
 20
137.5416138067094
 30
0.0
 10
41.25721642228887
 20
137.6609004573722
 30
0.0
  0
SPLINE
  5
450
330
1F
100
AcDbEntity
  8
0
  6
Continuous
 62
    18
420
        0
370
    25
100
AcDbSpline
210
0.0
220
0.0
230
1.0
 70
     8
 71
     3
 72
     8
 73
     4
 74
     0
 42
0.000000001
 43
0.0
 40
0.0
 40
0.0
 40
0.0
 40
0.0
 40
1.0
 40
1.0
 40
1.0
 40
1.0
 10
40.95721642225852
 20
138.1191580268984
 30
0.0
 10
40.95721642225852
 20
137.9203469424327
 30
0.0
 10
41.07500305354642
 20
137.7404248911892
 30
0.0
 10
41.25721642225851
 20
137.6609004574029
 30
0.0
  0
SPLINE
  5
451
330
1F
100
AcDbEntity
  8
0
  6
Continuous
 62
    18
420
        0
370
    25
100
AcDbSpline
210
0.0
220
0.0
230
1.0
 70
     8
 71
     3
 72
     8
 73
     4
 74
     0
 42
0.000000001
 43
0.0
 40
0.0
 40
0.0
 40
0.0
 40
0.0
 40
1.0
 40
1.0
 40
1.0
 40
1.0
 10
41.95721642225847
 20
139.4235141030984
 30
0.0
 10
41.40493167242769
 20
139.4235141030984
 30
0.0
 10
40.9572164222585
 20
138.9757988529292
 30
0.0
 10
40.9572164222585
 20
138.4235141030985
 30
0.0
  0
SPLINE
  5
452
330
1F
100
AcDbEntity
  8
0
  6
Continuous
 62
    18
420
        0
370
    25
100
AcDbSpline
210
0.0
220
0.0
230
1.0
 70
     8
 71
     3
 72
     8
 73
     4
 74
     0
 42
0.000000001
 43
0.0
 40
0.0
 40
0.0
 40
0.0
 40
0.0
 40
1.0
 40
1.0
 40
1.0
 40
1.0
 10
72.65721642225843
 20
138.4235141030985
 30
0.0
 10
72.65721642225843
 20
138.9757988529292
 30
0.0
 10
72.20950117208925
 20
139.4235141030984
 30
0.0
 10
71.65721642225846
 20
139.4235141030984
 30
0.0
  0
SPLINE
  5
453
330
1F
100
AcDbEntity
  8
0
  6
Continuous
 62
    18
420
        0
370
    25
100
AcDbSpline
210
0.0
220
0.0
230
1.0
 70
     8
 71
     3
 72
     8
 73
     4
 74
     0
 42
0.000000001
 43
0.0
 40
0.0
 40
0.0
 40
0.0
 40
0.0
 40
1.0
 40
1.0
 40
1.0
 40
1.0
 10
72.35721642225859
 20
137.6609004573025
 30
0.0
 10
72.53942979097083
 20
137.7404248910889
 30
0.0
 10
72.65721642225883
 20
137.9203469423326
 30
0.0
 10
72.65721642225883
 20
138.1191580267985
 30
0.0
  0
SPLINE
  5
454
330
1F
100
AcDbEntity
  8
0
  6
Continuous
 62
    18
420
        0
370
    25
100
AcDbSpline
210
0.0
220
0.0
230
1.0
 70
     8
 71
     3
 72
    11
 73
     7
 74
     0
 42
0.000000001
 43
0.0
 40
0.0
 40
0.0
 40
0.0
 40
0.0
 40
1.0
 40
1.0
 40
1.0
 40
2.0
 40
2.0
 40
2.0
 40
2.0
 10
72.35721642221412
 20
137.6609004573224
 30
0.0
 10
72.0838963691698
 20
137.5416138066324
 30
0.0
 10
71.90721642225853
 20
137.2717307297795
 30
0.0
 10
71.90721642225853
 20
136.9735141030985
 30
0.0
 10
71.90721642225853
 20
136.6752974764175
 30
0.0
 10
72.0838963691698
 20
136.4054143995646
 30
0.0
 10
72.35721642221412
 20
136.2861277488745
 30
0.0
  0
SPLINE
  5
455
330
1F
100
AcDbEntity
  8
0
  6
Continuous
 62
    18
420
        0
370
    25
100
AcDbSpline
210
0.0
220
0.0
230
1.0
 70
     8
 71
     3
 72
     8
 73
     4
 74
     0
 42
0.000000001
 43
0.0
 40
0.0
 40
0.0
 40
0.0
 40
0.0
 40
1.0
 40
1.0
 40
1.0
 40
1.0
 10
72.65721642225847
 20
135.8278701793985
 30
0.0
 10
72.65721642225847
 20
136.0266812638642
 30
0.0
 10
72.53942979097056
 20
136.2066033151078
 30
0.0
 10
72.35721642225845
 20
136.2861277488941
 30
0.0
  0
SPLINE
  5
456
330
1F
100
AcDbEntity
  8
0
  6
Continuous
 62
    18
420
        0
370
    25
100
AcDbSpline
210
0.0
220
0.0
230
1.0
 70
     8
 71
     3
 72
     8
 73
     4
 74
     0
 42
0.000000001
 43
0.0
 40
0.0
 40
0.0
 40
0.0
 40
0.0
 40
1.0
 40
1.0
 40
1.0
 40
1.0
 10
72.65721642225843
 20
135.2735141030985
 30
0.0
 10
72.65721642225843
 20
135.1354429156407
 30
0.0
 10
72.76914523480075
 20
135.0235141030984
 30
0.0
 10
72.90721642225846
 20
135.0235141030984
 30
0.0
  0
SPLINE
  5
457
330
1F
100
AcDbEntity
  8
0
  6
Continuous
 62
    18
420
        0
370
    25
100
AcDbSpline
210
0.0
220
0.0
230
1.0
 70
     8
 71
     3
 72
     8
 73
     4
 74
     0
 42
0.000000001
 43
0.0
 40
0.0
 40
0.0
 40
0.0
 40
0.0
 40
1.0
 40
1.0
 40
1.0
 40
1.0
 10
75.77189444253926
 20
135.0235141030985
 30
0.0
 10
75.8995449925376
 20
135.0235141030887
 30
0.0
 10
76.00669352826955
 20
135.1196828570394
 30
0.0
 10
76.0204405105795
 20
135.2465910261706
 30
0.0
  0
SPLINE
  5
458
330
1F
100
AcDbEntity
  8
0
  6
Continuous
 62
    18
420
        0
370
    25
100
AcDbSpline
210
0.0
220
0.0
230
1.0
 70
     8
 71
     3
 72
     8
 73
     4
 74
     0
 42
0.000000001
 43
0.0
 40
0.0
 40
0.0
 40
0.0
 40
0.0
 40
1.0
 40
1.0
 40
1.0
 40
1.0
 10
79.00299332685846
 20
137.9235141030985
 30
0.0
 10
77.4711867269424
 20
137.9235141030985
 30
0.0
 10
76.1854042982796
 20
136.7694890556854
 30
0.0
 10
76.02044051059882
 20
135.2465910261705
 30
0.0
  0
SPLINE
  5
459
330
1F
100
AcDbEntity
  8
0
  6
Continuous
 62
    18
420
        0
370
    25
100
AcDbSpline
210
0.0
220
0.0
230
1.0
 70
     8
 71
     3
 72
     8
 73
     4
 74
     0
 42
0.000000001
 43
0.0
 40
0.0
 40
0.0
 40
0.0
 40
0.0
 40
1.0
 40
1.0
 40
1.0
 40
1.0
 10
92.16234142225846
 20
135.9235141030985
 30
0.0
 10
92.16234142225846
 20
137.02808360276
 30
0.0
 10
91.26691092192004
 20
137.9235141030985
 30
0.0
 10
90.16234142225846
 20
137.9235141030985
 30
0.0
  0
SPLINE
  5
45A
330
1F
100
AcDbEntity
  8
0
  6
Continuous
 62
    18
420
        0
370
    25
100
AcDbSpline
210
0.0
220
0.0
230
1.0
 70
     8
 71
     3
 72
     8
 73
     4
 74
     0
 42
0.000000001
 43
0.0
 40
0.0
 40
0.0
 40
0.0
 40
0.0
 40
1.0
 40
1.0
 40
1.0
 40
1.0
 10
92.16234142225846
 20
135.7922641032985
 30
0.0
 10
92.16234142225846
 20
134.6876946036369
 30
0.0
 10
93.05777192259688
 20
133.7922641032985
 30
0.0
 10
94.16234142225846
 20
133.7922641032985
 30
0.0
  0
SPLINE
  5
45B
330
1F
100
AcDbEntity
  8
0
  6
Continuous
 62
    18
420
        0
370
    25
100
AcDbSpline
210
0.0
220
0.0
230
1.0
 70
     8
 71
     3
 72
     8
 73
     4
 74
     0
 42
0.000000001
 43
0.0
 40
0.0
 40
0.0
 40
0.0
 40
0.0
 40
1.0
 40
1.0
 40
1.0
 40
1.0
 10
109.1623414222585
 20
133.7922641032985
 30
0.0
 10
110.2669109219201
 20
133.7922641032985
 30
0.0
 10
111.1623414222585
 20
134.6876946036369
 30
0.0
 10
111.1623414222585
 20
135.7922641032985
 30
0.0
  0
SPLINE
  5
45C
330
1F
100
AcDbEntity
  8
0
  6
Continuous
 62
    18
420
        0
370
    25
100
AcDbSpline
210
0.0
220
0.0
230
1.0
 70
     8
 71
     3
 72
     8
 73
     4
 74
     0
 42
0.000000001
 43
0.0
 40
0.0
 40
0.0
 40
0.0
 40
0.0
 40
1.0
 40
1.0
 40
1.0
 40
1.0
 10
113.1623414222585
 20
137.9235141030985
 30
0.0
 10
112.0577719225969
 20
137.9235141030985
 30
0.0
 10
111.1623414222585
 20
137.02808360276
 30
0.0
 10
111.1623414222585
 20
135.9235141030985
 30
0.0
  0
SPLINE
  5
45D
330
1F
100
AcDbEntity
  8
0
  6
Continuous
 62
    18
420
        0
370
    25
100
AcDbSpline
210
0.0
220
0.0
230
1.0
 70
     8
 71
     3
 72
     8
 73
     4
 74
     0
 42
0.000000001
 43
0.0
 40
0.0
 40
0.0
 40
0.0
 40
0.0
 40
1.0
 40
1.0
 40
1.0
 40
1.0
 10
46.13937742225847
 20
78.80680010309845
 30
0.0
 10
46.13937742225847
 20
78.53065772818307
 30
0.0
 10
46.36323504734309
 20
78.30680010309847
 30
0.0
 10
46.63937742225848
 20
78.30680010309847
 30
0.0
  0
SPLINE
  5
45E
330
1F
100
AcDbEntity
  8
0
  6
Continuous
 62
    18
420
        0
370
    25
100
AcDbSpline
210
0.0
220
0.0
230
1.0
 70
     8
 71
     3
 72
     8
 73
     4
 74
     0
 42
0.000000001
 43
0.0
 40
0.0
 40
0.0
 40
0.0
 40
0.0
 40
1.0
 40
1.0
 40
1.0
 40
1.0
 10
47.13937742225846
 20
78.30680010309847
 30
0.0
 10
47.41551979717385
 20
78.30680010309847
 30
0.0
 10
47.63937742225847
 20
78.53065772818307
 30
0.0
 10
47.63937742225847
 20
78.80680010309845
 30
0.0
  0
SPLINE
  5
45F
330
1F
100
AcDbEntity
  8
0
  6
Continuous
 62
    18
420
        0
370
    25
100
AcDbSpline
210
0.0
220
0.0
230
1.0
 70
     8
 71
     3
 72
     8
 73
     4
 74
     0
 42
0.000000001
 43
0.0
 40
0.0
 40
0.0
 40
0.0
 40
0.0
 40
1.0
 40
1.0
 40
1.0
 40
1.0
 10
50.90984142215846
 20
83.52351410309848
 30
0.0
 10
51.46212617198925
 20
83.52351410309848
 30
0.0
 10
51.90984142215846
 20
83.97122935326767
 30
0.0
 10
51.90984142215846
 20
84.52351410309846
 30
0.0
  0
SPLINE
  5
460
330
1F
100
AcDbEntity
  8
0
  6
Continuous
 62
    18
420
        0
370
    25
100
AcDbSpline
210
0.0
220
0.0
230
1.0
 70
     8
 71
     3
 72
     8
 73
     4
 74
     0
 42
0.000000001
 43
0.0
 40
0.0
 40
0.0
 40
0.0
 40
0.0
 40
1.0
 40
1.0
 40
1.0
 40
1.0
 10
51.90984142215846
 20
86.27351410309846
 30
0.0
 10
51.90984142215846
 20
86.82579885292925
 30
0.0
 10
51.46212617198925
 20
87.27351410309845
 30
0.0
 10
50.90984142215846
 20
87.27351410309845
 30
0.0
  0
SPLINE
  5
461
330
1F
100
AcDbEntity
  8
0
  6
Continuous
 62
    18
420
        0
370
    25
100
AcDbSpline
210
0.0
220
0.0
230
1.0
 70
     8
 71
     3
 72
     8
 73
     4
 74
     0
 42
0.000000001
 43
0.0
 40
0.0
 40
0.0
 40
0.0
 40
0.0
 40
1.0
 40
1.0
 40
1.0
 40
1.0
 10
47.63937742225847
 20
91.80680010309845
 30
0.0
 10
47.63937742225847
 20
92.08294247801388
 30
0.0
 10
47.41551979717387
 20
92.30680010309848
 30
0.0
 10
47.13937742225846
 20
92.30680010309848
 30
0.0
  0
SPLINE
  5
462
330
1F
100
AcDbEntity
  8
0
  6
Continuous
 62
    18
420
        0
370
    25
100
AcDbSpline
210
0.0
220
0.0
230
1.0
 70
     8
 71
     3
 72
     8
 73
     4
 74
     0
 42
0.000000001
 43
0.0
 40
0.0
 40
0.0
 40
0.0
 40
0.0
 40
1.0
 40
1.0
 40
1.0
 40
1.0
 10
46.63937742225848
 20
92.30680010309848
 30
0.0
 10
46.36323504734307
 20
92.30680010309848
 30
0.0
 10
46.13937742225847
 20
92.08294247801388
 30
0.0
 10
46.13937742225847
 20
91.80680010309845
 30
0.0
  0
SPLINE
  5
463
330
1F
100
AcDbEntity
  8
0
  6
Continuous
 62
    18
420
        0
370
    25
100
AcDbSpline
210
0.0
220
0.0
230
1.0
 70
     8
 71
     3
 72
     8
 73
     4
 74
     0
 42
0.000000001
 43
0.0
 40
0.0
 40
0.0
 40
0.0
 40
0.0
 40
1.0
 40
1.0
 40
1.0
 40
1.0
 10
46.13937742222881
 20
87.27102842614634
 30
0.0
 10
45.61574137785144
 20
87.23403899206367
 30
0.0
 10
45.20984142235849
 20
86.79845498091704
 30
0.0
 10
45.20984142235849
 20
86.27351410309846
 30
0.0
  0
SPLINE
  5
464
330
1F
100
AcDbEntity
  8
0
  6
Continuous
 62
    18
420
        0
370
    25
100
AcDbSpline
210
0.0
220
0.0
230
1.0
 70
     8
 71
     3
 72
     8
 73
     4
 74
     0
 42
0.000000001
 43
0.0
 40
0.0
 40
0.0
 40
0.0
 40
0.0
 40
1.0
 40
1.0
 40
1.0
 40
1.0
 10
45.20984142235845
 20
84.52351410309846
 30
0.0
 10
45.20984142235845
 20
83.99857322527986
 30
0.0
 10
45.61574137785142
 20
83.5629892141332
 30
0.0
 10
46.13937742222881
 20
83.52599978005054
 30
0.0
  0
SPLINE
  5
465
330
1F
100
AcDbEntity
  8
0
  6
Continuous
 62
    18
420
        0
370
    25
100
AcDbSpline
210
0.0
220
0.0
230
1.0
 70
     8
 71
     3
 72
     8
 73
     4
 74
     0
 42
0.000000001
 43
0.0
 40
0.0
 40
0.0
 40
0.0
 40
0.0
 40
1.0
 40
1.0
 40
1.0
 40
1.0
 10
205.4773774222585
 20
38.20680010309844
 30
0.0
 10
205.7535197971739
 20
38.20680010309844
 30
0.0
 10
205.9773774222585
 20
38.43065772818306
 30
0.0
 10
205.9773774222585
 20
38.70680010309846
 30
0.0
  0
SPLINE
  5
466
330
1F
100
AcDbEntity
  8
0
  6
Continuous
 62
    18
420
        0
370
    25
100
AcDbSpline
210
0.0
220
0.0
230
1.0
 70
     8
 71
     3
 72
     8
 73
     4
 74
     0
 42
0.000000001
 43
0.0
 40
0.0
 40
0.0
 40
0.0
 40
0.0
 40
1.0
 40
1.0
 40
1.0
 40
1.0
 10
205.9773774222585
 20
53.70680010309846
 30
0.0
 10
205.9773774222585
 20
53.98294247801387
 30
0.0
 10
205.7535197971739
 20
54.20680010309847
 30
0.0
 10
205.4773774222585
 20
54.20680010309847
 30
0.0
  0
SPLINE
  5
467
330
1F
100
AcDbEntity
  8
0
  6
Continuous
 62
    18
420
        0
370
    25
100
AcDbSpline
210
0.0
220
0.0
230
1.0
 70
     8
 71
     3
 72
     8
 73
     4
 74
     0
 42
0.000000001
 43
0.0
 40
0.0
 40
0.0
 40
0.0
 40
0.0
 40
1.0
 40
1.0
 40
1.0
 40
1.0
 10
182.0393774222585
 20
54.20680010309842
 30
0.0
 10
181.7632350473431
 20
54.20680010309842
 30
0.0
 10
181.5393774222585
 20
53.98294247801383
 30
0.0
 10
181.5393774222585
 20
53.70680010309846
 30
0.0
  0
SPLINE
  5
468
330
1F
100
AcDbEntity
  8
0
  6
Continuous
 62
    18
420
        0
370
    25
100
AcDbSpline
210
0.0
220
0.0
230
1.0
 70
     8
 71
     3
 72
     8
 73
     4
 74
     0
 42
0.000000001
 43
0.0
 40
0.0
 40
0.0
 40
0.0
 40
0.0
 40
1.0
 40
1.0
 40
1.0
 40
1.0
 10
181.0393774222585
 20
53.20680010309844
 30
0.0
 10
181.3155197971739
 20
53.20680010309844
 30
0.0
 10
181.5393774222585
 20
53.43065772818306
 30
0.0
 10
181.5393774222585
 20
53.70680010309846
 30
0.0
  0
SPLINE
  5
469
330
1F
100
AcDbEntity
  8
0
  6
Continuous
 62
    18
420
        0
370
    25
100
AcDbSpline
210
0.0
220
0.0
230
1.0
 70
     8
 71
     3
 72
     8
 73
     4
 74
     0
 42
0.000000001
 43
0.0
 40
0.0
 40
0.0
 40
0.0
 40
0.0
 40
1.0
 40
1.0
 40
1.0
 40
1.0
 10
168.8706274222585
 20
53.20680010309847
 30
0.0
 10
168.5944850473431
 20
53.20680010309847
 30
0.0
 10
168.3706274222585
 20
52.98294247801385
 30
0.0
 10
168.3706274222585
 20
52.70680010309846
 30
0.0
  0
SPLINE
  5
46A
330
1F
100
AcDbEntity
  8
0
  6
Continuous
 62
    18
420
        0
370
    25
100
AcDbSpline
210
0.0
220
0.0
230
1.0
 70
     8
 71
     3
 72
     8
 73
     4
 74
     0
 42
0.000000001
 43
0.0
 40
0.0
 40
0.0
 40
0.0
 40
0.0
 40
1.0
 40
1.0
 40
1.0
 40
1.0
 10
168.3706274222585
 20
38.70680010309846
 30
0.0
 10
168.3706274222585
 20
38.43065772818306
 30
0.0
 10
168.5944850473431
 20
38.20680010309847
 30
0.0
 10
168.8706274222585
 20
38.20680010309847
 30
0.0
  0
SPLINE
  5
46B
330
1F
100
AcDbEntity
  8
0
  6
Continuous
 62
    18
420
        0
370
    25
100
AcDbSpline
210
0.0
220
0.0
230
1.0
 70
     8
 71
     3
 72
     8
 73
     4
 74
     0
 42
0.000000001
 43
0.0
 40
0.0
 40
0.0
 40
0.0
 40
0.0
 40
1.0
 40
1.0
 40
1.0
 40
1.0
 10
179.6013774222585
 20
38.20680010309847
 30
0.0
 10
179.8775197971739
 20
38.20680010309847
 30
0.0
 10
180.1013774222585
 20
38.43065772818306
 30
0.0
 10
180.1013774222585
 20
38.70680010309846
 30
0.0
  0
SPLINE
  5
46C
330
1F
100
AcDbEntity
  8
0
  6
Continuous
 62
    18
420
        0
370
    25
100
AcDbSpline
210
0.0
220
0.0
230
1.0
 70
     8
 71
     3
 72
     8
 73
     4
 74
     0
 42
0.000000001
 43
0.0
 40
0.0
 40
0.0
 40
0.0
 40
0.0
 40
1.0
 40
1.0
 40
1.0
 40
1.0
 10
180.6013774222585
 20
40.20680010309847
 30
0.0
 10
180.3252350473431
 20
40.20680010309847
 30
0.0
 10
180.1013774222585
 20
39.98294247801385
 30
0.0
 10
180.1013774222585
 20
39.70680010309847
 30
0.0
  0
SPLINE
  5
46D
330
1F
100
AcDbEntity
  8
0
  6
Continuous
 62
    18
420
        0
370
    25
100
AcDbSpline
210
0.0
220
0.0
230
1.0
 70
     8
 71
     3
 72
     8
 73
     4
 74
     0
 42
0.000000001
 43
0.0
 40
0.0
 40
0.0
 40
0.0
 40
0.0
 40
1.0
 40
1.0
 40
1.0
 40
1.0
 10
192.1831274222585
 20
39.70680010309847
 30
0.0
 10
192.1831274222585
 20
39.98294247801385
 30
0.0
 10
191.9592697971739
 20
40.20680010309847
 30
0.0
 10
191.6831274222585
 20
40.20680010309847
 30
0.0
  0
SPLINE
  5
46E
330
1F
100
AcDbEntity
  8
0
  6
Continuous
 62
    18
420
        0
370
    25
100
AcDbSpline
210
0.0
220
0.0
230
1.0
 70
     8
 71
     3
 72
     8
 73
     4
 74
     0
 42
0.000000001
 43
0.0
 40
0.0
 40
0.0
 40
0.0
 40
0.0
 40
1.0
 40
1.0
 40
1.0
 40
1.0
 10
90.67062742225846
 20
54.2068001030985
 30
0.0
 10
90.39448504734305
 20
54.2068001030985
 30
0.0
 10
90.17062742225843
 20
53.98294247801387
 30
0.0
 10
90.17062742225843
 20
53.70680010309846
 30
0.0
  0
SPLINE
  5
46F
330
1F
100
AcDbEntity
  8
0
  6
Continuous
 62
    18
420
        0
370
    25
100
AcDbSpline
210
0.0
220
0.0
230
1.0
 70
     8
 71
     3
 72
     8
 73
     4
 74
     0
 42
0.000000001
 43
0.0
 40
0.0
 40
0.0
 40
0.0
 40
0.0
 40
1.0
 40
1.0
 40
1.0
 40
1.0
 10
90.17062742225845
 20
38.70680010309846
 30
0.0
 10
90.17062742225845
 20
38.43065772818305
 30
0.0
 10
90.39448504734305
 20
38.20680010309844
 30
0.0
 10
90.67062742225846
 20
38.20680010309844
 30
0.0
  0
SPLINE
  5
470
330
1F
100
AcDbEntity
  8
0
  6
Continuous
 62
    18
420
        0
370
    25
100
AcDbSpline
210
0.0
220
0.0
230
1.0
 70
     8
 71
     3
 72
     8
 73
     4
 74
     0
 42
0.000000001
 43
0.0
 40
0.0
 40
0.0
 40
0.0
 40
0.0
 40
1.0
 40
1.0
 40
1.0
 40
1.0
 10
108.1638774222585
 20
38.20680010309843
 30
0.0
 10
108.4400197971739
 20
38.20680010309843
 30
0.0
 10
108.6638774222585
 20
38.43065772818305
 30
0.0
 10
108.6638774222585
 20
38.70680010309846
 30
0.0
  0
SPLINE
  5
471
330
1F
100
AcDbEntity
  8
0
  6
Continuous
 62
    18
420
        0
370
    25
100
AcDbSpline
210
0.0
220
0.0
230
1.0
 70
     8
 71
     3
 72
     8
 73
     4
 74
     0
 42
0.000000001
 43
0.0
 40
0.0
 40
0.0
 40
0.0
 40
0.0
 40
1.0
 40
1.0
 40
1.0
 40
1.0
 10
109.1638774222585
 20
40.20680010309846
 30
0.0
 10
108.8877350473431
 20
40.20680010309846
 30
0.0
 10
108.6638774222585
 20
39.98294247801385
 30
0.0
 10
108.6638774222585
 20
39.70680010309847
 30
0.0
  0
SPLINE
  5
472
330
1F
100
AcDbEntity
  8
0
  6
Continuous
 62
    18
420
        0
370
    25
100
AcDbSpline
210
0.0
220
0.0
230
1.0
 70
     8
 71
     3
 72
     8
 73
     4
 74
     0
 42
0.000000001
 43
0.0
 40
0.0
 40
0.0
 40
0.0
 40
0.0
 40
1.0
 40
1.0
 40
1.0
 40
1.0
 10
120.7456274222585
 20
39.70680010309847
 30
0.0
 10
120.7456274222585
 20
39.98294247801385
 30
0.0
 10
120.5217697971739
 20
40.20680010309846
 30
0.0
 10
120.2456274222585
 20
40.20680010309846
 30
0.0
  0
SPLINE
  5
473
330
1F
100
AcDbEntity
  8
0
  6
Continuous
 62
    18
420
        0
370
    25
100
AcDbSpline
210
0.0
220
0.0
230
1.0
 70
     8
 71
     3
 72
     8
 73
     4
 74
     0
 42
0.000000001
 43
0.0
 40
0.0
 40
0.0
 40
0.0
 40
0.0
 40
1.0
 40
1.0
 40
1.0
 40
1.0
 10
120.7456274222585
 20
38.70680010309846
 30
0.0
 10
120.7456274222585
 20
38.43065772818306
 30
0.0
 10
120.9694850473431
 20
38.20680010309844
 30
0.0
 10
121.2456274222585
 20
38.20680010309844
 30
0.0
  0
SPLINE
  5
474
330
1F
100
AcDbEntity
  8
0
  6
Continuous
 62
    18
420
        0
370
    25
100
AcDbSpline
210
0.0
220
0.0
230
1.0
 70
     8
 71
     3
 72
     8
 73
     4
 74
     0
 42
0.000000001
 43
0.0
 40
0.0
 40
0.0
 40
0.0
 40
0.0
 40
1.0
 40
1.0
 40
1.0
 40
1.0
 10
132.0398774222585
 20
38.20680010309847
 30
0.0
 10
132.3160197971739
 20
38.20680010309847
 30
0.0
 10
132.5398774222585
 20
38.43065772818306
 30
0.0
 10
132.5398774222585
 20
38.70680010309846
 30
0.0
  0
SPLINE
  5
475
330
1F
100
AcDbEntity
  8
0
  6
Continuous
 62
    18
420
        0
370
    25
100
AcDbSpline
210
0.0
220
0.0
230
1.0
 70
     8
 71
     3
 72
     8
 73
     4
 74
     0
 42
0.000000001
 43
0.0
 40
0.0
 40
0.0
 40
0.0
 40
0.0
 40
1.0
 40
1.0
 40
1.0
 40
1.0
 10
133.0398774222585
 20
40.20680010309847
 30
0.0
 10
132.7637350473431
 20
40.20680010309847
 30
0.0
 10
132.5398774222585
 20
39.98294247801388
 30
0.0
 10
132.5398774222585
 20
39.70680010309847
 30
0.0
  0
SPLINE
  5
476
330
1F
100
AcDbEntity
  8
0
  6
Continuous
 62
    18
420
        0
370
    25
100
AcDbSpline
210
0.0
220
0.0
230
1.0
 70
     8
 71
     3
 72
     8
 73
     4
 74
     0
 42
0.000000001
 43
0.0
 40
0.0
 40
0.0
 40
0.0
 40
0.0
 40
1.0
 40
1.0
 40
1.0
 40
1.0
 10
161.7018774222585
 20
40.20680010309847
 30
0.0
 10
161.9780197971739
 20
40.20680010309847
 30
0.0
 10
162.2018774222585
 20
40.43065772818308
 30
0.0
 10
162.2018774222585
 20
40.70680010309846
 30
0.0
  0
SPLINE
  5
477
330
1F
100
AcDbEntity
  8
0
  6
Continuous
 62
    18
420
        0
370
    25
100
AcDbSpline
210
0.0
220
0.0
230
1.0
 70
     8
 71
     3
 72
     8
 73
     4
 74
     0
 42
0.000000001
 43
0.0
 40
0.0
 40
0.0
 40
0.0
 40
0.0
 40
1.0
 40
1.0
 40
1.0
 40
1.0
 10
162.2018774222585
 20
53.70680010309846
 30
0.0
 10
162.2018774222585
 20
53.98294247801387
 30
0.0
 10
161.9780197971739
 20
54.20680010309846
 30
0.0
 10
161.7018774222585
 20
54.20680010309846
 30
0.0
  0
SPLINE
  5
478
330
1F
100
AcDbEntity
  8
0
  6
Continuous
 62
    18
420
        0
370
    25
100
AcDbSpline
210
0.0
220
0.0
230
1.0
 70
     8
 71
     3
 72
     8
 73
     4
 74
     0
 42
0.000000001
 43
0.0
 40
0.0
 40
0.0
 40
0.0
 40
0.0
 40
1.0
 40
1.0
 40
1.0
 40
1.0
 10
132.0331274222585
 20
54.20680010309846
 30
0.0
 10
131.7569850473431
 20
54.20680010309846
 30
0.0
 10
131.5331274222584
 20
53.98294247801387
 30
0.0
 10
131.5331274222584
 20
53.70680010309846
 30
0.0
  0
SPLINE
  5
479
330
1F
100
AcDbEntity
  8
0
  6
Continuous
 62
    18
420
        0
370
    25
100
AcDbSpline
210
0.0
220
0.0
230
1.0
 70
     8
 71
     3
 72
     8
 73
     4
 74
     0
 42
0.000000001
 43
0.0
 40
0.0
 40
0.0
 40
0.0
 40
0.0
 40
1.0
 40
1.0
 40
1.0
 40
1.0
 10
131.0331274222585
 20
53.20680010309844
 30
0.0
 10
131.3092697971739
 20
53.20680010309844
 30
0.0
 10
131.5331274222585
 20
53.43065772818306
 30
0.0
 10
131.5331274222585
 20
53.70680010309846
 30
0.0
  0
SPLINE
  5
47A
330
1F
100
AcDbEntity
  8
0
  6
Continuous
 62
    18
420
        0
370
    25
100
AcDbSpline
210
0.0
220
0.0
230
1.0
 70
     8
 71
     3
 72
     8
 73
     4
 74
     0
 42
0.000000001
 43
0.0
 40
0.0
 40
0.0
 40
0.0
 40
0.0
 40
1.0
 40
1.0
 40
1.0
 40
1.0
 10
124.1018774222585
 20
53.70680010309846
 30
0.0
 10
124.1018774222585
 20
53.43065772818306
 30
0.0
 10
124.3257350473431
 20
53.20680010309844
 30
0.0
 10
124.6018774222585
 20
53.20680010309844
 30
0.0
  0
SPLINE
  5
47B
330
1F
100
AcDbEntity
  8
0
  6
Continuous
 62
    18
420
        0
370
    25
100
AcDbSpline
210
0.0
220
0.0
230
1.0
 70
     8
 71
     3
 72
     8
 73
     4
 74
     0
 42
0.000000001
 43
0.0
 40
0.0
 40
0.0
 40
0.0
 40
0.0
 40
1.0
 40
1.0
 40
1.0
 40
1.0
 10
124.1018774222585
 20
53.70680010309846
 30
0.0
 10
124.1018774222585
 20
53.98294247801387
 30
0.0
 10
123.8780197971739
 20
54.20680010309846
 30
0.0
 10
123.6018774222585
 20
54.20680010309846
 30
0.0
  0
SPLINE
  5
47C
330
1F
100
AcDbEntity
  8
0
  6
Continuous
 62
    18
420
        0
370
    25
100
AcDbSpline
210
0.0
220
0.0
230
1.0
 70
     8
 71
     3
 72
     8
 73
     4
 74
     0
 42
0.000000001
 43
0.0
 40
0.0
 40
0.0
 40
0.0
 40
0.0
 40
1.0
 40
1.0
 40
1.0
 40
1.0
 10
109.1638774222585
 20
54.20680010309844
 30
0.0
 10
108.8877350473431
 20
54.20680010309844
 30
0.0
 10
108.6638774222585
 20
53.98294247801384
 30
0.0
 10
108.6638774222585
 20
53.70680010309846
 30
0.0
  0
SPLINE
  5
47D
330
1F
100
AcDbEntity
  8
0
  6
Continuous
 62
    18
420
        0
370
    25
100
AcDbSpline
210
0.0
220
0.0
230
1.0
 70
     8
 71
     3
 72
     8
 73
     4
 74
     0
 42
0.000000001
 43
0.0
 40
0.0
 40
0.0
 40
0.0
 40
0.0
 40
1.0
 40
1.0
 40
1.0
 40
1.0
 10
108.1638774222585
 20
53.20680010309843
 30
0.0
 10
108.4400197971739
 20
53.20680010309843
 30
0.0
 10
108.6638774222585
 20
53.43065772818304
 30
0.0
 10
108.6638774222585
 20
53.70680010309846
 30
0.0
  0
SPLINE
  5
47E
330
1F
100
AcDbEntity
  8
0
  6
Continuous
 62
    18
420
        0
370
    25
100
AcDbSpline
210
0.0
220
0.0
230
1.0
 70
     8
 71
     3
 72
     8
 73
     4
 74
     0
 42
0.000000001
 43
0.0
 40
0.0
 40
0.0
 40
0.0
 40
0.0
 40
1.0
 40
1.0
 40
1.0
 40
1.0
 10
104.1706274222585
 20
53.70680010309846
 30
0.0
 10
104.1706274222585
 20
53.43065772818306
 30
0.0
 10
104.3944850473431
 20
53.20680010309847
 30
0.0
 10
104.6706274222585
 20
53.20680010309847
 30
0.0
  0
SPLINE
  5
47F
330
1F
100
AcDbEntity
  8
0
  6
Continuous
 62
    18
420
        0
370
    25
100
AcDbSpline
210
0.0
220
0.0
230
1.0
 70
     8
 71
     3
 72
     8
 73
     4
 74
     0
 42
0.000000001
 43
0.0
 40
0.0
 40
0.0
 40
0.0
 40
0.0
 40
1.0
 40
1.0
 40
1.0
 40
1.0
 10
104.1706274222585
 20
53.70680010309846
 30
0.0
 10
104.1706274222585
 20
53.98294247801387
 30
0.0
 10
103.9467697971739
 20
54.20680010309846
 30
0.0
 10
103.6706274222585
 20
54.20680010309846
 30
0.0
  0
VIEWPORT
  5
484
330
480
100
AcDbEntity
 67
     1
  8
0
100
AcDbViewport
 10
128.5
 20
97.5
 30
0.0
 40
314.226
 41
222.18
 68
     1
 69
     1
 12
77.82365803779587
 22
177.0868216974259
 13
0.0
 23
0.0
 14
10.0
 24
10.0
 15
10.0
 25
10.0
 16
0.0
 26
0.0
 36
1.0
 17
0.0
 27
0.0
 37
0.0
 42
50.0
 43
0.0
 44
0.0
 45
222.18
 50
0.0
 51
0.0
 72
   100
 90
   557152
  1

281
     0
 71
     1
 74
     0
110
0.0
120
0.0
130
0.0
111
1.0
121
0.0
131
0.0
112
0.0
122
1.0
132
0.0
 79
     0
146
0.0
170
     0
 61
     5
348
2F
292
     1
282
     1
141
0.0
142
0.0
 63
   256
361
485
  0
VIEWPORT
  5
486
330
480
100
AcDbEntity
 67
     1
  8
0
100
AcDbViewport
 10
177.0868216974259
 20
77.82365803779587
 30
0.0
 40
354.1736433948518
 41
155.6473160755917
 68
     2
 69
     2
 12
177.0868216974259
 22
77.82365803779587
 13
0.0
 23
0.0
 14
10.0
 24
10.0
 15
10.0
 25
10.0
 16
0.0
 26
0.0
 36
1.0
 17
0.0
 27
0.0
 37
0.0
 42
50.0
 43
0.0
 44
0.0
 45
155.6473160755917
 50
0.0
 51
0.0
 72
   100
 90
   557152
  1

281
     0
 71
     1
 74
     0
110
0.0
120
0.0
130
0.0
111
1.0
121
0.0
131
0.0
112
0.0
122
1.0
132
0.0
 79
     0
146
0.0
170
     0
 61
     5
348
2F
292
     1
282
     1
141
0.0
142
0.0
 63
   256
361
487
  0
ENDSEC
  0
SECTION
  2
OBJECTS
  0
DICTIONARY
  5
C
330
0
100
AcDbDictionary
281
     1
  3
ACAD_DETAILVIEWSTYLE
350
48F
  3
ACAD_GROUP
350
D
  3
ACAD_LAYOUT
350
1A
  3
ACAD_MATERIAL
350
43
  3
ACAD_MLEADERSTYLE
350
5B
  3
ACAD_MLINESTYLE
350
17
  3
ACAD_PLOTSETTINGS
350
19
  3
ACAD_PLOTSTYLENAME
350
E
  3
ACAD_SCALELIST
350
47
  3
ACAD_SECTIONVIEWSTYLE
350
490
  3
ACAD_TABLESTYLE
350
59
  3
ACAD_VISUALSTYLE
350
2A
  3
ACDB_RECOMPOSE_DATA
350
48C
  3
AcDbVariableDictionary
350
488
  0
SUN
  5
5D
330
29
100
AcDbSun
 90
        1
290
     0
 63
     7
421
 16777215
 40
1.0
291
     1
 91
  2455826
 92
 54000000
292
     0
 70
     2
 71
   256
280
     1
  0
SUN
  5
485
330
484
100
AcDbSun
 90
        1
290
     0
 63
     7
421
 16777215
 40
1.0
291
     1
 91
  2455826
 92
 54000000
292
     0
 70
     2
 71
   256
280
     1
  0
SUN
  5
487
330
486
100
AcDbSun
 90
        1
290
     0
 63
     7
421
 16777215
 40
1.0
291
     1
 91
  2455826
 92
 54000000
292
     0
 70
     2
 71
   256
280
     1
  0
DICTIONARY
  5
48F
102
{ACAD_REACTORS
330
C
102
}
330
C
100
AcDbDictionary
281
     1
  0
DICTIONARY
  5
D
102
{ACAD_REACTORS
330
C
102
}
330
C
100
AcDbDictionary
281
     1
  0
DICTIONARY
  5
1A
102
{ACAD_REACTORS
330
C
102
}
330
C
100
AcDbDictionary
281
     1
  3
Layout1
350
481
  3
Model
350
22
  0
DICTIONARY
  5
43
102
{ACAD_REACTORS
330
C
102
}
330
C
100
AcDbDictionary
281
     1
  3
ByBlock
350
45
  3
ByLayer
350
44
  3
Global
350
46
  0
DICTIONARY
  5
5B
102
{ACAD_REACTORS
330
C
102
}
330
C
100
AcDbDictionary
281
     1
  3
Standard
350
5C
  0
DICTIONARY
  5
17
102
{ACAD_REACTORS
330
C
102
}
330
C
100
AcDbDictionary
281
     1
  3
Standard
350
18
  0
DICTIONARY
  5
19
102
{ACAD_REACTORS
330
C
102
}
330
C
100
AcDbDictionary
281
     1
  0
ACDBDICTIONARYWDFLT
  5
E
102
{ACAD_REACTORS
330
C
102
}
330
C
100
AcDbDictionary
281
     1
  3
Normal
350
F
100
AcDbDictionaryWithDefault
340
F
  0
DICTIONARY
  5
47
102
{ACAD_REACTORS
330
C
102
}
330
C
100
AcDbDictionary
281
     1
  3
A0
350
48
  3
A1
350
49
  3
A2
350
4A
  3
A3
350
4B
  3
A4
350
4C
  3
A5
350
4D
  3
A6
350
4E
  3
A7
350
4F
  3
A8
350
50
  3
A9
350
51
  3
B0
350
52
  3
B1
350
53
  3
B2
350
54
  3
B3
350
55
  3
B4
350
56
  3
B5
350
57
  3
B6
350
58
  0
DICTIONARY
  5
490
102
{ACAD_REACTORS
330
C
102
}
330
C
100
AcDbDictionary
281
     1
  0
DICTIONARY
  5
59
102
{ACAD_REACTORS
330
C
102
}
330
C
100
AcDbDictionary
281
     1
  3
Standard
350
5A
  0
DICTIONARY
  5
2A
102
{ACAD_REACTORS
330
C
102
}
330
C
100
AcDbDictionary
281
     1
  3
2dWireframe
350
2F
  3
Basic
350
32
  3
Brighten
350
36
  3
ColorChange
350
3A
  3
Conceptual
350
34
  3
Dim
350
35
  3
EdgeColorOff
350
3D
  3
Facepattern
350
39
  3
Flat
350
2B
  3
FlatWithEdges
350
2C
  3
Gouraud
350
2D
  3
GouraudWithEdges
350
2E
  3
Hidden
350
31
  3
JitterOff
350
3B
  3
Linepattern
350
38
  3
OverhangOff
350
3C
  3
Realistic
350
33
  3
Shaded
350
42
  3
Shaded with edges
350
41
  3
Shades of Gray
350
3E
  3
Sketchy
350
3F
  3
Thicken
350
37
  3
Wireframe
350
30
  3
X-Ray
350
40
  0
XRECORD
  5
48C
102
{ACAD_REACTORS
330
C
102
}
330
C
100
AcDbXrecord
280
     1
 90
        1
330
5A
  0
DICTIONARY
  5
488
102
{ACAD_REACTORS
330
C
102
}
330
C
100
AcDbDictionary
281
     1
  3
CANNOSCALE
350
489
  3
CENTEREXE
350
491
  3
CENTERLTYPEFILE
350
492
  3
CMLEADERSTYLE
350
48E
  3
CTABLESTYLE
350
48D
  0
LAYOUT
  5
481
102
{ACAD_REACTORS
330
1A
102
}
330
1A
100
AcDbPlotSettings
  1

  2
none_device
  4
ISO_A4_(210.00_x_297.00_MM)
  6

 40
0.0
 41
0.0
 42
0.0
 43
0.0
 44
155.6473160755917
 45
354.1736433948518
 46
0.0
 47
0.0
 48
0.0
 49
0.0
140
0.0
141
0.0
142
1.0
143
1.0
 70
   688
 72
     1
 73
     3
 74
     5
  7

 75
    16
 76
     0
 77
     2
 78
   300
147
1.0
148
0.0
149
0.0
100
AcDbLayout
  1
Layout1
 70
     1
 71
     1
 10
-20.0
 20
-7.5
 11
277.0
 21
202.5
 12
0.0
 22
0.0
 32
0.0
 14
155.6473160755917
 24
354.1736433948518
 34
0.0
 15
0.0
 25
0.0
 35
0.0
146
0.0
 13
0.0
 23
0.0
 33
0.0
 16
1.0
 26
0.0
 36
0.0
 17
0.0
 27
1.0
 37
0.0
 76
     0
330
480
331
484
  0
LAYOUT
  5
22
102
{ACAD_REACTORS
330
1A
102
}
330
1A
100
AcDbPlotSettings
  1

  2
none_device
  4
Letter_(8.50_x_11.00_Inches)
  6

 40
6.35
 41
6.35
 42
6.35000508
 43
6.35000508
 44
215.9
 45
279.4
 46
0.0
 47
0.0
 48
0.0
 49
0.0
140
0.0
141
0.0
142
1.0
143
1.0
 70
  1712
 72
     1
 73
     0
 74
     0
  7

 75
     0
 76
     0
 77
     2
 78
   300
147
1.0
148
0.0
149
0.0
100
AcDbLayout
  1
Model
 70
     1
 71
     0
 10
0.0
 20
0.0
 11
420.0
 21
297.0
 12
0.0
 22
0.0
 32
0.0
 14
1.000000000000000E+20
 24
1.000000000000000E+20
 34
1.000000000000000E+20
 15
-1.000000000000000E+20
 25
-1.000000000000000E+20
 35
-1.000000000000000E+20
146
0.0
 13
0.0
 23
0.0
 33
0.0
 16
1.0
 26
0.0
 36
0.0
 17
0.0
 27
1.0
 37
0.0
 76
     0
330
1F
331
29
  0
MATERIAL
  5
45
102
{ACAD_REACTORS
330
43
102
}
330
43
100
AcDbMaterial
  1
ByBlock
 72
     1
 94
      127
  0
MATERIAL
  5
44
102
{ACAD_REACTORS
330
43
102
}
330
43
100
AcDbMaterial
  1
ByLayer
 72
     1
 94
      127
  0
MATERIAL
  5
46
102
{ACAD_REACTORS
330
43
102
}
330
43
100
AcDbMaterial
  1
Global
 72
     1
 94
      127
  0
MLEADERSTYLE
  5
5C
102
{ACAD_REACTORS
330
5B
102
}
330
5B
100
AcDbMLeaderStyle
179
     2
170
     2
171
     1
172
     0
 90
        2
 40
0.0
 41
0.0
173
     1
 91
-1056964608
340
14
 92
       -2
290
     1
 42
2.0
291
     1
 43
8.0
  3
Standard
341
0
 44
4.0
300

342
11
174
     1
178
     6
175
     1
176
     0
 93
-1056964608
 45
4.0
292
     0
297
     0
 46
4.0
343
0
 94
-1056964608
 47
1.0
 49
1.0
140
1.0
293
     1
141
0.0
294
     1
177
     0
142
1.0
295
     0
296
     0
143
3.75
271
     0
272
     9
273
     9
298
     0
  0
MLINESTYLE
  5
18
102
{ACAD_REACTORS
330
17
102
}
330
17
100
AcDbMlineStyle
  2
Standard
 70
     0
  3

 62
   256
 51
90.0
 52
90.0
 71
     2
 49
0.5
 62
   256
  6
BYLAYER
 49
-0.5
 62
   256
  6
BYLAYER
  0
ACDBPLACEHOLDER
  5
F
102
{ACAD_REACTORS
330
E
102
}
330
E
  0
SCALE
  5
48
102
{ACAD_REACTORS
330
47
102
}
330
47
100
AcDbScale
 70
     0
300
1:1
140
1.0
141
1.0
290
     1
  0
SCALE
  5
49
102
{ACAD_REACTORS
330
47
102
}
330
47
100
AcDbScale
 70
     0
300
1:2
140
1.0
141
2.0
290
     0
  0
SCALE
  5
4A
102
{ACAD_REACTORS
330
47
102
}
330
47
100
AcDbScale
 70
     0
300
1:4
140
1.0
141
4.0
290
     0
  0
SCALE
  5
4B
102
{ACAD_REACTORS
330
47
102
}
330
47
100
AcDbScale
 70
     0
300
1:5
140
1.0
141
5.0
290
     0
  0
SCALE
  5
4C
102
{ACAD_REACTORS
330
47
102
}
330
47
100
AcDbScale
 70
     0
300
1:8
140
1.0
141
8.0
290
     0
  0
SCALE
  5
4D
102
{ACAD_REACTORS
330
47
102
}
330
47
100
AcDbScale
 70
     0
300
1:10
140
1.0
141
10.0
290
     0
  0
SCALE
  5
4E
102
{ACAD_REACTORS
330
47
102
}
330
47
100
AcDbScale
 70
     0
300
1:16
140
1.0
141
16.0
290
     0
  0
SCALE
  5
4F
102
{ACAD_REACTORS
330
47
102
}
330
47
100
AcDbScale
 70
     0
300
1:20
140
1.0
141
20.0
290
     0
  0
SCALE
  5
50
102
{ACAD_REACTORS
330
47
102
}
330
47
100
AcDbScale
 70
     0
300
1:30
140
1.0
141
30.0
290
     0
  0
SCALE
  5
51
102
{ACAD_REACTORS
330
47
102
}
330
47
100
AcDbScale
 70
     0
300
1:40
140
1.0
141
40.0
290
     0
  0
SCALE
  5
52
102
{ACAD_REACTORS
330
47
102
}
330
47
100
AcDbScale
 70
     0
300
1:50
140
1.0
141
50.0
290
     0
  0
SCALE
  5
53
102
{ACAD_REACTORS
330
47
102
}
330
47
100
AcDbScale
 70
     0
300
1:100
140
1.0
141
100.0
290
     0
  0
SCALE
  5
54
102
{ACAD_REACTORS
330
47
102
}
330
47
100
AcDbScale
 70
     0
300
2:1
140
2.0
141
1.0
290
     0
  0
SCALE
  5
55
102
{ACAD_REACTORS
330
47
102
}
330
47
100
AcDbScale
 70
     0
300
4:1
140
4.0
141
1.0
290
     0
  0
SCALE
  5
56
102
{ACAD_REACTORS
330
47
102
}
330
47
100
AcDbScale
 70
     0
300
8:1
140
8.0
141
1.0
290
     0
  0
SCALE
  5
57
102
{ACAD_REACTORS
330
47
102
}
330
47
100
AcDbScale
 70
     0
300
10:1
140
10.0
141
1.0
290
     0
  0
SCALE
  5
58
102
{ACAD_REACTORS
330
47
102
}
330
47
100
AcDbScale
 70
     0
300
100:1
140
100.0
141
1.0
290
     0
  0
TABLESTYLE
  5
5A
102
{ACAD_REACTORS
330
59
102
}
102
{ACAD_XDICTIONARY
360
48A
102
}
330
59
100
AcDbTableStyle
  3
Standard
 70
     0
 71
     0
 40
0.06
 41
0.06
280
     0
281
     0
  7
Standard
140
4.5
170
     2
 62
     0
 63
   257
283
     0
 90
        4
 91
        0
  1

274
    -2
284
     1
 64
     0
275
    -2
285
     1
 65
     0
276
    -2
286
     1
 66
     0
277
    -2
287
     1
 67
     0
278
    -2
288
     1
 68
     0
279
    -2
289
     1
 69
     0
  7
Standard
140
6.0
170
     5
 62
     0
 63
   257
283
     0
 90
        4
 91
        0
  1

274
    -2
284
     1
 64
     0
275
    -2
285
     1
 65
     0
276
    -2
286
     1
 66
     0
277
    -2
287
     1
 67
     0
278
    -2
288
     1
 68
     0
279
    -2
289
     1
 69
     0
  7
Standard
140
4.5
170
     5
 62
     0
 63
   257
283
     0
 90
        4
 91
        0
  1

274
    -2
284
     1
 64
     0
275
    -2
285
     1
 65
     0
276
    -2
286
     1
 66
     0
277
    -2
287
     1
 67
     0
278
    -2
288
     1
 68
     0
279
    -2
289
     1
 69
     0
  0
VISUALSTYLE
  5
2F
102
{ACAD_REACTORS
330
2A
102
}
330
2A
100
AcDbVisualStyle
  2
2dWireframe
 70
     4
177
     3
291
     0
 70
    58
 90
        0
176
     1
 90
        2
176
     1
 90
        0
176
     1
 90
        0
176
     1
 40
0.6
176
     1
 40
30.0
176
     1
 62
     7
420
 16777215
176
     1
 90
        1
176
     1
 90
        4
176
     1
 62
     7
176
     1
 62
   257
176
     1
 90
        1
176
     1
 90
        1
176
     1
 40
1.0
176
     1
 90
        0
176
     1
 62
   257
176
     1
 40
1.0
176
     1
 90
        1
176
     1
 90
        6
176
     1
 90
        2
176
     1
 62
     7
176
     1
 90
        5
176
     1
 90
        0
176
     1
 90
        0
176
     1
290
     0
176
     1
 90
        1
176
     1
 40
0.0
176
     1
 90
        0
176
     1
290
     1
176
     1
290
     1
176
     1
290
     0
176
     1
290
     0
176
     1
290
     0
176
     1
290
     0
176
     1
290
     0
176
     1
290
     0
176
     1
290
     0
176
     1
 90
       50
176
     1
 40
0.0
176
     1
 40
1.0
176
     1
 90
        0
176
     1
 62
    18
420
        0
176
     1
 90
       50
176
     1
 90
        3
176
     1
 62
     5
420
      255
176
     1
290
     0
176
     1
 90
       50
176
     1
 90
       50
176
     1
 90
       50
176
     1
290
     0
176
     1
 90
       50
176
     1
 62
   256
176
     0
 40
1.0
176
     0
 90
        2
176
     1
  1
strokes_ogs.tif
176
     1
290
     0
176
     1
 40
1.0
176
     1
 40
1.0
176
     1
  0
VISUALSTYLE
  5
32
102
{ACAD_REACTORS
330
2A
102
}
330
2A
100
AcDbVisualStyle
  2
Basic
 70
     7
177
     3
291
     1
 70
    58
 90
        1
176
     1
 90
        0
176
     1
 90
        1
176
     1
 90
        0
176
     1
 40
0.6
176
     1
 40
30.0
176
     1
 62
     7
420
 16777215
176
     1
 90
        0
176
     1
 90
        4
176
     1
 62
     7
176
     1
 62
   257
176
     1
 90
        1
176
     1
 90
        1
176
     1
 40
1.0
176
     1
 90
        8
176
     1
 62
     7
176
     1
 40
1.0
176
     1
 90
        1
176
     1
 90
        6
176
     1
 90
        2
176
     1
 62
     7
176
     1
 90
        5
176
     1
 90
        0
176
     1
 90
        0
176
     1
290
     0
176
     1
 90
        1
176
     1
 40
0.0
176
     1
 90
        0
176
     1
290
     0
176
     1
290
     1
176
     1
290
     1
176
     1
290
     0
176
     1
290
     0
176
     1
290
     0
176
     1
290
     0
176
     1
290
     0
176
     1
290
     0
176
     1
 90
       50
176
     1
 40
0.0
176
     1
 40
1.0
176
     1
 90
        0
176
     1
 62
    18
420
        0
176
     1
 90
       50
176
     1
 90
        3
176
     1
 62
     5
420
      255
176
     1
290
     0
176
     1
 90
       50
176
     1
 90
       50
176
     1
 90
       50
176
     1
290
     0
176
     1
 90
       50
176
     1
 62
   256
176
     0
 40
1.0
176
     0
 90
        2
176
     1
  1
strokes_ogs.tif
176
     1
290
     0
176
     1
 40
1.0
176
     1
 40
1.0
176
     1
  0
VISUALSTYLE
  5
36
102
{ACAD_REACTORS
330
2A
102
}
330
2A
100
AcDbVisualStyle
  2
Brighten
 70
    12
177
     3
291
     1
 70
    58
 90
        2
176
     1
 90
        2
176
     1
 90
        0
176
     1
 90
        0
176
     1
 40
0.6
176
     1
 40
30.0
176
     1
 62
     7
420
 16777215
176
     1
 90
        1
176
     1
 90
        4
176
     1
 62
     7
176
     1
 62
   257
176
     1
 90
        1
176
     1
 90
        1
176
     1
 40
1.0
176
     1
 90
        8
176
     1
 62
     7
176
     1
 40
1.0
176
     1
 90
        1
176
     1
 90
        6
176
     1
 90
        2
176
     1
 62
     7
176
     1
 90
        5
176
     1
 90
        0
176
     1
 90
        0
176
     1
290
     0
176
     1
 90
        1
176
     1
 40
50.0
176
     1
 90
        0
176
     1
290
     0
176
     1
290
     1
176
     1
290
     1
176
     1
290
     0
176
     1
290
     0
176
     1
290
     0
176
     1
290
     0
176
     1
290
     0
176
     1
290
     0
176
     1
 90
       50
176
     1
 40
0.0
176
     1
 40
1.0
176
     1
 90
        0
176
     1
 62
    18
420
        0
176
     1
 90
       50
176
     1
 90
        3
176
     1
 62
     5
420
      255
176
     1
290
     0
176
     1
 90
       50
176
     1
 90
       50
176
     1
 90
       50
176
     1
290
     0
176
     1
 90
       50
176
     1
 62
   256
176
     0
 40
1.0
176
     0
 90
        2
176
     1
  1
strokes_ogs.tif
176
     1
290
     0
176
     1
 40
1.0
176
     1
 40
1.0
176
     1
  0
VISUALSTYLE
  5
3A
102
{ACAD_REACTORS
330
2A
102
}
330
2A
100
AcDbVisualStyle
  2
ColorChange
 70
    16
177
     3
291
     1
 70
    58
 90
        2
176
     1
 90
        2
176
     1
 90
        3
176
     1
 90
        0
176
     1
 40
0.6
176
     1
 40
30.0
176
     1
 62
     8
420
  8421504
176
     1
 90
        1
176
     1
 90
        4
176
     1
 62
     7
176
     1
 62
   257
176
     1
 90
        1
176
     1
 90
        1
176
     1
 40
1.0
176
     1
 90
        8
176
     1
 62
     8
420
  8421504
176
     1
 40
1.0
176
     1
 90
        1
176
     1
 90
        6
176
     1
 90
        2
176
     1
 62
     7
176
     1
 90
        5
176
     1
 90
        0
176
     1
 90
        0
176
     1
290
     0
176
     1
 90
        1
176
     1
 40
0.0
176
     1
 90
        0
176
     1
290
     0
176
     1
290
     1
176
     1
290
     1
176
     1
290
     0
176
     1
290
     0
176
     1
290
     0
176
     1
290
     0
176
     1
290
     0
176
     1
290
     0
176
     1
 90
       50
176
     1
 40
0.0
176
     1
 40
1.0
176
     1
 90
        0
176
     1
 62
    18
420
        0
176
     1
 90
       50
176
     1
 90
        3
176
     1
 62
     5
420
      255
176
     1
290
     0
176
     1
 90
       50
176
     1
 90
       50
176
     1
 90
       50
176
     1
290
     0
176
     1
 90
       50
176
     1
 62
   256
176
     0
 40
1.0
176
     0
 90
        2
176
     1
  1
strokes_ogs.tif
176
     1
290
     0
176
     1
 40
1.0
176
     1
 40
1.0
176
     1
  0
VISUALSTYLE
  5
34
102
{ACAD_REACTORS
330
2A
102
}
330
2A
100
AcDbVisualStyle
  2
Conceptual
 70
     9
177
     3
291
     0
 70
    58
 90
        3
176
     1
 90
        2
176
     1
 90
        0
176
     1
 90
        0
176
     1
 40
0.6
176
     1
 40
30.0
176
     1
 62
     7
420
 16777215
176
     1
 90
        2
176
     1
 90
        2
176
     1
 62
     7
176
     1
 62
   257
176
     1
 90
        1
176
     1
 90
        1
176
     1
 40
179.0
176
     1
 90
        8
176
     1
 62
     7
176
     1
 40
1.0
176
     1
 90
        1
176
     1
 90
        6
176
     1
 90
        2
176
     1
 62
     7
176
     1
 90
        3
176
     1
 90
        0
176
     1
 90
        0
176
     1
290
     0
176
     1
 90
        1
176
     1
 40
0.0
176
     1
 90
        0
176
     1
290
     0
176
     1
290
     1
176
     1
290
     1
176
     1
290
     0
176
     1
290
     0
176
     1
290
     0
176
     1
290
     0
176
     1
290
     0
176
     1
290
     0
176
     1
 90
       50
176
     1
 40
0.0
176
     1
 40
1.0
176
     1
 90
        0
176
     1
 62
    18
420
        0
176
     1
 90
       50
176
     1
 90
        3
176
     1
 62
     5
420
      255
176
     1
290
     0
176
     1
 90
       50
176
     1
 90
       50
176
     1
 90
       50
176
     1
290
     0
176
     1
 90
       50
176
     1
 62
   256
176
     0
 40
1.0
176
     0
 90
        2
176
     1
  1
strokes_ogs.tif
176
     1
290
     0
176
     1
 40
1.0
176
     1
 40
1.0
176
     1
  0
VISUALSTYLE
  5
35
102
{ACAD_REACTORS
330
2A
102
}
330
2A
100
AcDbVisualStyle
  2
Dim
 70
    11
177
     3
291
     1
 70
    58
 90
        2
176
     1
 90
        2
176
     1
 90
        0
176
     1
 90
        0
176
     1
 40
0.6
176
     1
 40
30.0
176
     1
 62
     7
420
 16777215
176
     1
 90
        1
176
     1
 90
        4
176
     1
 62
     7
176
     1
 62
   257
176
     1
 90
        1
176
     1
 90
        1
176
     1
 40
1.0
176
     1
 90
        8
176
     1
 62
     7
176
     1
 40
1.0
176
     1
 90
        1
176
     1
 90
        6
176
     1
 90
        2
176
     1
 62
     7
176
     1
 90
        5
176
     1
 90
        0
176
     1
 90
        0
176
     1
290
     0
176
     1
 90
        1
176
     1
 40
-50.0
176
     1
 90
        0
176
     1
290
     0
176
     1
290
     1
176
     1
290
     1
176
     1
290
     0
176
     1
290
     0
176
     1
290
     0
176
     1
290
     0
176
     1
290
     0
176
     1
290
     0
176
     1
 90
       50
176
     1
 40
0.0
176
     1
 40
1.0
176
     1
 90
        0
176
     1
 62
    18
420
        0
176
     1
 90
       50
176
     1
 90
        3
176
     1
 62
     5
420
      255
176
     1
290
     0
176
     1
 90
       50
176
     1
 90
       50
176
     1
 90
       50
176
     1
290
     0
176
     1
 90
       50
176
     1
 62
   256
176
     0
 40
1.0
176
     0
 90
        2
176
     1
  1
strokes_ogs.tif
176
     1
290
     0
176
     1
 40
1.0
176
     1
 40
1.0
176
     1
  0
VISUALSTYLE
  5
3D
102
{ACAD_REACTORS
330
2A
102
}
330
2A
100
AcDbVisualStyle
  2
EdgeColorOff
 70
    22
177
     3
291
     1
 70
    58
 90
        2
176
     0
 90
        2
176
     0
 90
        0
176
     0
 90
        0
176
     0
 40
0.6
176
     0
 40
30.0
176
     0
 62
     7
420
 16777215
176
     0
 90
        1
176
     0
 90
        4
176
     0
 62
     7
176
     0
 62
   257
176
     0
 90
        1
176
     0
 90
        1
176
     0
 40
1.0
176
     0
 90
        8
176
     2
 62
     7
176
     0
 40
1.0
176
     0
 90
        1
176
     0
 90
        6
176
     0
 90
        2
176
     0
 62
     7
176
     0
 90
        5
176
     0
 90
        0
176
     0
 90
        0
176
     0
290
     0
176
     0
 90
        1
176
     0
 40
0.0
176
     0
 90
        0
176
     0
290
     0
176
     0
290
     1
176
     0
290
     1
176
     0
290
     0
176
     0
290
     0
176
     0
290
     0
176
     0
290
     0
176
     0
290
     0
176
     0
290
     0
176
     0
 90
       50
176
     0
 40
0.0
176
     0
 40
1.0
176
     0
 90
        0
176
     0
 62
    18
420
        0
176
     0
 90
       50
176
     0
 90
        3
176
     0
 62
     5
420
      255
176
     0
290
     0
176
     0
 90
       50
176
     0
 90
       50
176
     0
 90
       50
176
     0
290
     0
176
     0
 90
       50
176
     0
 62
   256
176
     0
 40
1.0
176
     0
 90
        2
176
     0
  1
strokes_ogs.tif
176
     0
290
     0
176
     0
 40
1.0
176
     0
 40
1.0
176
     0
  0
VISUALSTYLE
  5
39
102
{ACAD_REACTORS
330
2A
102
}
330
2A
100
AcDbVisualStyle
  2
Facepattern
 70
    15
177
     3
291
     1
 70
    58
 90
        2
176
     1
 90
        2
176
     1
 90
        0
176
     1
 90
        0
176
     1
 40
0.6
176
     1
 40
30.0
176
     1
 62
     7
420
 16777215
176
     1
 90
        1
176
     1
 90
        4
176
     1
 62
     7
176
     1
 62
   257
176
     1
 90
        1
176
     1
 90
        1
176
     1
 40
1.0
176
     1
 90
        8
176
     1
 62
     7
176
     1
 40
1.0
176
     1
 90
        1
176
     1
 90
        6
176
     1
 90
        2
176
     1
 62
     7
176
     1
 90
        5
176
     1
 90
        0
176
     1
 90
        0
176
     1
290
     0
176
     1
 90
        1
176
     1
 40
0.0
176
     1
 90
        0
176
     1
290
     0
176
     1
290
     1
176
     1
290
     1
176
     1
290
     0
176
     1
290
     0
176
     1
290
     0
176
     1
290
     0
176
     1
290
     0
176
     1
290
     0
176
     1
 90
       50
176
     1
 40
0.0
176
     1
 40
1.0
176
     1
 90
        0
176
     1
 62
    18
420
        0
176
     1
 90
       50
176
     1
 90
        3
176
     1
 62
     5
420
      255
176
     1
290
     0
176
     1
 90
       50
176
     1
 90
       50
176
     1
 90
       50
176
     1
290
     0
176
     1
 90
       50
176
     1
 62
   256
176
     0
 40
1.0
176
     0
 90
        2
176
     1
  1
strokes_ogs.tif
176
     1
290
     0
176
     1
 40
1.0
176
     1
 40
1.0
176
     1
  0
VISUALSTYLE
  5
2B
102
{ACAD_REACTORS
330
2A
102
}
330
2A
100
AcDbVisualStyle
  2
Flat
 70
     0
177
     3
291
     1
 70
    58
 90
        2
176
     1
 90
        1
176
     1
 90
        1
176
     1
 90
        2
176
     1
 40
0.6
176
     1
 40
30.0
176
     1
 62
     7
420
 16777215
176
     1
 90
        0
176
     1
 90
        0
176
     1
 62
     7
176
     1
 62
   257
176
     1
 90
        1
176
     1
 90
        1
176
     1
 40
1.0
176
     1
 90
        8
176
     1
 62
     7
176
     1
 40
1.0
176
     1
 90
        1
176
     1
 90
        6
176
     1
 90
        2
176
     1
 62
     7
176
     1
 90
        5
176
     1
 90
        0
176
     1
 90
        0
176
     1
290
     0
176
     1
 90
       13
176
     1
 40
0.0
176
     1
 90
        0
176
     1
290
     0
176
     1
290
     1
176
     1
290
     1
176
     1
290
     0
176
     1
290
     0
176
     1
290
     0
176
     1
290
     0
176
     1
290
     0
176
     1
290
     0
176
     1
 90
       50
176
     1
 40
0.0
176
     1
 40
1.0
176
     1
 90
        0
176
     1
 62
    18
420
        0
176
     1
 90
       50
176
     1
 90
        3
176
     1
 62
     5
420
      255
176
     1
290
     0
176
     1
 90
       50
176
     1
 90
       50
176
     1
 90
       50
176
     1
290
     0
176
     1
 90
       50
176
     1
 62
   256
176
     0
 40
1.0
176
     0
 90
        2
176
     1
  1
strokes_ogs.tif
176
     1
290
     0
176
     1
 40
1.0
176
     1
 40
1.0
176
     1
  0
VISUALSTYLE
  5
2C
102
{ACAD_REACTORS
330
2A
102
}
330
2A
100
AcDbVisualStyle
  2
FlatWithEdges
 70
     1
177
     3
291
     1
 70
    58
 90
        2
176
     1
 90
        1
176
     1
 90
        1
176
     1
 90
        2
176
     1
 40
0.6
176
     1
 40
30.0
176
     1
 62
     7
420
 16777215
176
     1
 90
        1
176
     1
 90
        0
176
     1
 62
     7
176
     1
 62
   257
176
     1
 90
        1
176
     1
 90
        1
176
     1
 40
1.0
176
     1
 90
        0
176
     1
 62
   257
176
     1
 40
1.0
176
     1
 90
        1
176
     1
 90
        6
176
     1
 90
        2
176
     1
 62
     7
176
     1
 90
        5
176
     1
 90
        0
176
     1
 90
        0
176
     1
290
     0
176
     1
 90
       13
176
     1
 40
0.0
176
     1
 90
        0
176
     1
290
     0
176
     1
290
     1
176
     1
290
     1
176
     1
290
     0
176
     1
290
     0
176
     1
290
     0
176
     1
290
     0
176
     1
290
     0
176
     1
290
     0
176
     1
 90
       50
176
     1
 40
0.0
176
     1
 40
1.0
176
     1
 90
        0
176
     1
 62
    18
420
        0
176
     1
 90
       50
176
     1
 90
        3
176
     1
 62
     5
420
      255
176
     1
290
     0
176
     1
 90
       50
176
     1
 90
       50
176
     1
 90
       50
176
     1
290
     0
176
     1
 90
       50
176
     1
 62
   256
176
     0
 40
1.0
176
     0
 90
        2
176
     1
  1
strokes_ogs.tif
176
     1
290
     0
176
     1
 40
1.0
176
     1
 40
1.0
176
     1
  0
VISUALSTYLE
  5
2D
102
{ACAD_REACTORS
330
2A
102
}
330
2A
100
AcDbVisualStyle
  2
Gouraud
 70
     2
177
     3
291
     1
 70
    58
 90
        2
176
     1
 90
        2
176
     1
 90
        1
176
     1
 90
        2
176
     1
 40
0.6
176
     1
 40
30.0
176
     1
 62
     7
420
 16777215
176
     1
 90
        0
176
     1
 90
        0
176
     1
 62
     7
176
     1
 62
   257
176
     1
 90
        1
176
     1
 90
        1
176
     1
 40
1.0
176
     1
 90
        0
176
     1
 62
     7
176
     1
 40
1.0
176
     1
 90
        1
176
     1
 90
        6
176
     1
 90
        2
176
     1
 62
     7
176
     1
 90
        5
176
     1
 90
        0
176
     1
 90
        0
176
     1
290
     0
176
     1
 90
       13
176
     1
 40
0.0
176
     1
 90
        0
176
     1
290
     0
176
     1
290
     1
176
     1
290
     1
176
     1
290
     0
176
     1
290
     0
176
     1
290
     0
176
     1
290
     0
176
     1
290
     0
176
     1
290
     0
176
     1
 90
       50
176
     1
 40
0.0
176
     1
 40
1.0
176
     1
 90
        0
176
     1
 62
    18
420
        0
176
     1
 90
       50
176
     1
 90
        3
176
     1
 62
     5
420
      255
176
     1
290
     0
176
     1
 90
       50
176
     1
 90
       50
176
     1
 90
       50
176
     1
290
     0
176
     1
 90
       50
176
     1
 62
   256
176
     0
 40
1.0
176
     0
 90
        2
176
     1
  1
strokes_ogs.tif
176
     1
290
     0
176
     1
 40
1.0
176
     1
 40
1.0
176
     1
  0
VISUALSTYLE
  5
2E
102
{ACAD_REACTORS
330
2A
102
}
330
2A
100
AcDbVisualStyle
  2
GouraudWithEdges
 70
     3
177
     3
291
     1
 70
    58
 90
        2
176
     1
 90
        2
176
     1
 90
        1
176
     1
 90
        2
176
     1
 40
0.6
176
     1
 40
30.0
176
     1
 62
     7
420
 16777215
176
     1
 90
        1
176
     1
 90
        0
176
     1
 62
     7
176
     1
 62
   257
176
     1
 90
        1
176
     1
 90
        1
176
     1
 40
1.0
176
     1
 90
        0
176
     1
 62
   257
176
     1
 40
1.0
176
     1
 90
        1
176
     1
 90
        6
176
     1
 90
        2
176
     1
 62
     7
176
     1
 90
        5
176
     1
 90
        0
176
     1
 90
        0
176
     1
290
     0
176
     1
 90
       13
176
     1
 40
0.0
176
     1
 90
        0
176
     1
290
     0
176
     1
290
     1
176
     1
290
     1
176
     1
290
     0
176
     1
290
     0
176
     1
290
     0
176
     1
290
     0
176
     1
290
     0
176
     1
290
     0
176
     1
 90
       50
176
     1
 40
0.0
176
     1
 40
1.0
176
     1
 90
        0
176
     1
 62
    18
420
        0
176
     1
 90
       50
176
     1
 90
        3
176
     1
 62
     5
420
      255
176
     1
290
     0
176
     1
 90
       50
176
     1
 90
       50
176
     1
 90
       50
176
     1
290
     0
176
     1
 90
       50
176
     1
 62
   256
176
     0
 40
1.0
176
     0
 90
        2
176
     1
  1
strokes_ogs.tif
176
     1
290
     0
176
     1
 40
1.0
176
     1
 40
1.0
176
     1
  0
VISUALSTYLE
  5
31
102
{ACAD_REACTORS
330
2A
102
}
330
2A
100
AcDbVisualStyle
  2
Hidden
 70
     6
177
     3
291
     0
 70
    58
 90
        1
176
     1
 90
        2
176
     1
 90
        2
176
     1
 90
        0
176
     1
 40
0.6
176
     1
 40
30.0
176
     1
 62
     7
420
 16777215
176
     1
 90
        2
176
     1
 90
        2
176
     1
 62
     7
176
     1
 62
   257
176
     1
 90
        2
176
     1
 90
        1
176
     1
 40
40.0
176
     1
 90
        0
176
     1
 62
   257
176
     1
 40
1.0
176
     1
 90
        1
176
     1
 90
        6
176
     1
 90
        2
176
     1
 62
     7
176
     1
 90
        3
176
     1
 90
        0
176
     1
 90
        0
176
     1
290
     0
176
     1
 90
        1
176
     1
 40
0.0
176
     1
 90
        0
176
     1
290
     0
176
     1
290
     1
176
     1
290
     1
176
     1
290
     0
176
     1
290
     0
176
     1
290
     0
176
     1
290
     0
176
     1
290
     0
176
     1
290
     0
176
     1
 90
       50
176
     1
 40
0.0
176
     1
 40
1.0
176
     1
 90
        0
176
     1
 62
    18
420
        0
176
     1
 90
       50
176
     1
 90
        3
176
     1
 62
     5
420
      255
176
     1
290
     0
176
     1
 90
       50
176
     1
 90
       50
176
     1
 90
       50
176
     1
290
     0
176
     1
 90
       50
176
     1
 62
   256
176
     0
 40
1.0
176
     0
 90
        2
176
     1
  1
strokes_ogs.tif
176
     1
290
     0
176
     1
 40
1.0
176
     1
 40
1.0
176
     1
  0
VISUALSTYLE
  5
3B
102
{ACAD_REACTORS
330
2A
102
}
330
2A
100
AcDbVisualStyle
  2
JitterOff
 70
    20
177
     3
291
     1
 70
    58
 90
        2
176
     0
 90
        2
176
     0
 90
        0
176
     0
 90
        0
176
     0
 40
0.6
176
     0
 40
30.0
176
     0
 62
     7
420
 16777215
176
     0
 90
        1
176
     0
 90
        4
176
     0
 62
     7
176
     0
 62
   257
176
     0
 90
        1
176
     0
 90
        1
176
     0
 40
1.0
176
     0
 90
       10
176
     2
 62
     7
176
     0
 40
1.0
176
     0
 90
        1
176
     0
 90
        6
176
     0
 90
        2
176
     0
 62
     7
176
     0
 90
        5
176
     0
 90
        0
176
     0
 90
        0
176
     0
290
     0
176
     0
 90
        1
176
     0
 40
0.0
176
     0
 90
        0
176
     0
290
     0
176
     0
290
     1
176
     0
290
     1
176
     0
290
     0
176
     0
290
     0
176
     0
290
     0
176
     0
290
     0
176
     0
290
     0
176
     0
290
     0
176
     0
 90
       50
176
     0
 40
0.0
176
     0
 40
1.0
176
     0
 90
        0
176
     0
 62
    18
420
        0
176
     0
 90
       50
176
     0
 90
        3
176
     0
 62
     5
420
      255
176
     0
290
     0
176
     0
 90
       50
176
     0
 90
       50
176
     0
 90
       50
176
     0
290
     0
176
     0
 90
       50
176
     0
 62
   256
176
     0
 40
1.0
176
     0
 90
        2
176
     0
  1
strokes_ogs.tif
176
     0
290
     0
176
     0
 40
1.0
176
     0
 40
1.0
176
     0
  0
VISUALSTYLE
  5
38
102
{ACAD_REACTORS
330
2A
102
}
330
2A
100
AcDbVisualStyle
  2
Linepattern
 70
    14
177
     3
291
     1
 70
    58
 90
        2
176
     1
 90
        2
176
     1
 90
        0
176
     1
 90
        0
176
     1
 40
0.6
176
     1
 40
30.0
176
     1
 62
     7
420
 16777215
176
     1
 90
        1
176
     1
 90
        4
176
     1
 62
     7
176
     1
 62
   257
176
     1
 90
        7
176
     1
 90
        7
176
     1
 40
1.0
176
     1
 90
        8
176
     1
 62
     7
176
     1
 40
1.0
176
     1
 90
        1
176
     1
 90
        6
176
     1
 90
        2
176
     1
 62
     7
176
     1
 90
        5
176
     1
 90
        0
176
     1
 90
        0
176
     1
290
     0
176
     1
 90
        1
176
     1
 40
0.0
176
     1
 90
        0
176
     1
290
     0
176
     1
290
     1
176
     1
290
     1
176
     1
290
     0
176
     1
290
     0
176
     1
290
     0
176
     1
290
     0
176
     1
290
     0
176
     1
290
     0
176
     1
 90
       50
176
     1
 40
0.0
176
     1
 40
1.0
176
     1
 90
        0
176
     1
 62
    18
420
        0
176
     1
 90
       50
176
     1
 90
        3
176
     1
 62
     5
420
      255
176
     1
290
     0
176
     1
 90
       50
176
     1
 90
       50
176
     1
 90
       50
176
     1
290
     0
176
     1
 90
       50
176
     1
 62
   256
176
     0
 40
1.0
176
     0
 90
        2
176
     1
  1
strokes_ogs.tif
176
     1
290
     0
176
     1
 40
1.0
176
     1
 40
1.0
176
     1
  0
VISUALSTYLE
  5
3C
102
{ACAD_REACTORS
330
2A
102
}
330
2A
100
AcDbVisualStyle
  2
OverhangOff
 70
    21
177
     3
291
     1
 70
    58
 90
        2
176
     0
 90
        2
176
     0
 90
        0
176
     0
 90
        0
176
     0
 40
0.6
176
     0
 40
30.0
176
     0
 62
     7
420
 16777215
176
     0
 90
        1
176
     0
 90
        4
176
     0
 62
     7
176
     0
 62
   257
176
     0
 90
        1
176
     0
 90
        1
176
     0
 40
1.0
176
     0
 90
        9
176
     2
 62
     7
176
     0
 40
1.0
176
     0
 90
        1
176
     0
 90
        6
176
     0
 90
        2
176
     0
 62
     7
176
     0
 90
        5
176
     0
 90
        0
176
     0
 90
        0
176
     0
290
     0
176
     0
 90
        1
176
     0
 40
0.0
176
     0
 90
        0
176
     0
290
     0
176
     0
290
     1
176
     0
290
     1
176
     0
290
     0
176
     0
290
     0
176
     0
290
     0
176
     0
290
     0
176
     0
290
     0
176
     0
290
     0
176
     0
 90
       50
176
     0
 40
0.0
176
     0
 40
1.0
176
     0
 90
        0
176
     0
 62
    18
420
        0
176
     0
 90
       50
176
     0
 90
        3
176
     0
 62
     5
420
      255
176
     0
290
     0
176
     0
 90
       50
176
     0
 90
       50
176
     0
 90
       50
176
     0
290
     0
176
     0
 90
       50
176
     0
 62
   256
176
     0
 40
1.0
176
     0
 90
        2
176
     0
  1
strokes_ogs.tif
176
     0
290
     0
176
     0
 40
1.0
176
     0
 40
1.0
176
     0
  0
VISUALSTYLE
  5
33
102
{ACAD_REACTORS
330
2A
102
}
330
2A
100
AcDbVisualStyle
  2
Realistic
 70
     8
177
     3
291
     0
 70
    58
 90
        2
176
     1
 90
        3
176
     1
 90
        0
176
     1
 90
        2
176
     1
 40
0.6
176
     1
 40
30.0
176
     1
 62
     7
420
 16777215
176
     1
 90
        0
176
     1
 90
        0
176
     1
 62
     7
176
     1
 62
   257
176
     1
 90
        1
176
     1
 90
        1
176
     1
 40
1.0
176
     1
 90
        8
176
     1
 62
   257
176
     1
 40
1.0
176
     1
 90
        1
176
     1
 90
        6
176
     1
 90
        2
176
     1
 62
     7
176
     1
 90
        3
176
     1
 90
        0
176
     1
 90
        0
176
     1
290
     0
176
     1
 90
       13
176
     1
 40
0.0
176
     1
 90
        0
176
     1
290
     0
176
     1
290
     1
176
     1
290
     1
176
     1
290
     0
176
     1
290
     0
176
     1
290
     0
176
     1
290
     0
176
     1
290
     0
176
     1
290
     0
176
     1
 90
       50
176
     1
 40
0.0
176
     1
 40
1.0
176
     1
 90
        0
176
     1
 62
    18
420
        0
176
     1
 90
       50
176
     1
 90
        3
176
     1
 62
     5
420
      255
176
     1
290
     0
176
     1
 90
       50
176
     1
 90
       50
176
     1
 90
       50
176
     1
290
     0
176
     1
 90
       50
176
     1
 62
   256
176
     0
 40
1.0
176
     0
 90
        2
176
     1
  1
strokes_ogs.tif
176
     1
290
     0
176
     1
 40
1.0
176
     1
 40
1.0
176
     1
  0
VISUALSTYLE
  5
42
102
{ACAD_REACTORS
330
2A
102
}
330
2A
100
AcDbVisualStyle
  2
Shaded
 70
    27
177
     3
291
     0
 70
    58
 90
        2
176
     1
 90
        2
176
     1
 90
        1
176
     1
 90
        2
176
     1
 40
0.6
176
     1
 40
30.0
176
     1
 62
     7
420
 16777215
176
     1
 90
        0
176
     1
 90
        4
176
     1
 62
     7
176
     1
 62
   257
176
     1
 90
        1
176
     1
 90
        1
176
     1
 40
1.0
176
     1
 90
        8
176
     1
 62
   257
176
     1
 40
1.0
176
     1
 90
        1
176
     1
 90
        6
176
     1
 90
        2
176
     1
 62
     8
420
  7895160
176
     1
 90
        3
176
     1
 90
        0
176
     1
 90
        0
176
     1
290
     0
176
     1
 90
        5
176
     1
 40
0.0
176
     1
 90
        0
176
     1
290
     0
176
     1
290
     1
176
     1
290
     1
176
     1
290
     0
176
     1
290
     0
176
     1
290
     0
176
     1
290
     0
176
     1
290
     0
176
     1
290
     0
176
     1
 90
       50
176
     1
 40
0.0
176
     1
 40
1.0
176
     1
 90
        0
176
     1
 62
    18
420
        0
176
     1
 90
       50
176
     1
 90
        3
176
     1
 62
     5
420
      255
176
     1
290
     0
176
     1
 90
       50
176
     1
 90
       50
176
     1
 90
       50
176
     1
290
     0
176
     1
 90
       50
176
     1
 62
   256
176
     0
 40
1.0
176
     0
 90
        2
176
     1
  1
strokes_ogs.tif
176
     1
290
     0
176
     1
 40
1.0
176
     1
 40
1.0
176
     1
  0
VISUALSTYLE
  5
41
102
{ACAD_REACTORS
330
2A
102
}
330
2A
100
AcDbVisualStyle
  2
Shaded with edges
 70
    26
177
     3
291
     0
 70
    58
 90
        2
176
     1
 90
        2
176
     1
 90
        1
176
     1
 90
        2
176
     1
 40
0.6
176
     1
 40
30.0
176
     1
 62
     7
420
 16777215
176
     1
 90
        1
176
     1
 90
       10
176
     1
 62
     7
176
     1
 62
   257
176
     1
 90
        2
176
     1
 90
        1
176
     1
 40
1.0
176
     1
 90
        8
176
     1
 62
   257
176
     1
 40
1.0
176
     1
 90
        1
176
     1
 90
        6
176
     1
 90
        2
176
     1
 62
     7
176
     1
 90
        3
176
     1
 90
        0
176
     1
 90
        0
176
     1
290
     0
176
     1
 90
        5
176
     1
 40
0.0
176
     1
 90
        0
176
     1
290
     0
176
     1
290
     1
176
     1
290
     1
176
     1
290
     0
176
     1
290
     0
176
     1
290
     0
176
     1
290
     0
176
     1
290
     0
176
     1
290
     0
176
     1
 90
       50
176
     1
 40
0.0
176
     1
 40
1.0
176
     1
 90
        0
176
     1
 62
    18
420
        0
176
     1
 90
       50
176
     1
 90
        3
176
     1
 62
     5
420
      255
176
     1
290
     0
176
     1
 90
       50
176
     1
 90
       50
176
     1
 90
       50
176
     1
290
     0
176
     1
 90
       50
176
     1
 62
   256
176
     0
 40
1.0
176
     0
 90
        2
176
     1
  1
strokes_ogs.tif
176
     1
290
     0
176
     1
 40
1.0
176
     1
 40
1.0
176
     1
  0
VISUALSTYLE
  5
3E
102
{ACAD_REACTORS
330
2A
102
}
330
2A
100
AcDbVisualStyle
  2
Shades of Gray
 70
    23
177
     3
291
     0
 70
    58
 90
        2
176
     1
 90
        2
176
     1
 90
        3
176
     1
 90
        0
176
     1
 40
0.6
176
     1
 40
30.0
176
     1
 62
     7
420
 16777215
176
     1
 90
        2
176
     1
 90
        2
176
     1
 62
     7
176
     1
 62
     7
176
     1
 90
        1
176
     1
 90
        1
176
     1
 40
40.0
176
     1
 90
        8
176
     1
 62
     7
176
     1
 40
1.0
176
     1
 90
        1
176
     1
 90
        6
176
     1
 90
        2
176
     1
 62
     7
176
     1
 90
        3
176
     1
 90
        0
176
     1
 90
        0
176
     1
290
     0
176
     1
 90
        1
176
     1
 40
0.0
176
     1
 90
        0
176
     1
290
     0
176
     1
290
     1
176
     1
290
     1
176
     1
290
     0
176
     1
290
     0
176
     1
290
     0
176
     1
290
     0
176
     1
290
     0
176
     1
290
     0
176
     1
 90
       50
176
     1
 40
0.0
176
     1
 40
1.0
176
     1
 90
        0
176
     1
 62
    18
420
        0
176
     1
 90
       50
176
     1
 90
        3
176
     1
 62
     5
420
      255
176
     1
290
     0
176
     1
 90
       50
176
     1
 90
       50
176
     1
 90
       50
176
     1
290
     0
176
     1
 90
       50
176
     1
 62
   256
176
     0
 40
1.0
176
     0
 90
        2
176
     1
  1
strokes_ogs.tif
176
     1
290
     0
176
     1
 40
1.0
176
     1
 40
1.0
176
     1
  0
VISUALSTYLE
  5
3F
102
{ACAD_REACTORS
330
2A
102
}
330
2A
100
AcDbVisualStyle
  2
Sketchy
 70
    24
177
     3
291
     0
 70
    58
 90
        1
176
     1
 90
        2
176
     1
 90
        2
176
     1
 90
        0
176
     1
 40
0.6
176
     1
 40
30.0
176
     1
 62
     7
420
 16777215
176
     1
 90
        2
176
     1
 90
        2
176
     1
 62
     7
176
     1
 62
     7
176
     1
 90
        1
176
     1
 90
        1
176
     1
 40
40.0
176
     1
 90
       11
176
     1
 62
     7
176
     1
 40
1.0
176
     1
 90
        1
176
     1
 90
        6
176
     1
 90
        2
176
     1
 62
     7
176
     1
 90
        6
176
     1
 90
        0
176
     1
 90
        0
176
     1
290
     0
176
     1
 90
        1
176
     1
 40
0.0
176
     1
 90
        0
176
     1
290
     0
176
     1
290
     1
176
     1
290
     1
176
     1
290
     0
176
     1
290
     0
176
     1
290
     0
176
     1
290
     0
176
     1
290
     0
176
     1
290
     0
176
     1
 90
       50
176
     1
 40
0.0
176
     1
 40
1.0
176
     1
 90
        0
176
     1
 62
    18
420
        0
176
     1
 90
       50
176
     1
 90
        3
176
     1
 62
     5
420
      255
176
     1
290
     0
176
     1
 90
       50
176
     1
 90
       50
176
     1
 90
       50
176
     1
290
     0
176
     1
 90
       50
176
     1
 62
   256
176
     0
 40
1.0
176
     0
 90
        2
176
     1
  1
strokes_ogs.tif
176
     1
290
     0
176
     1
 40
1.0
176
     1
 40
1.0
176
     1
  0
VISUALSTYLE
  5
37
102
{ACAD_REACTORS
330
2A
102
}
330
2A
100
AcDbVisualStyle
  2
Thicken
 70
    13
177
     3
291
     1
 70
    58
 90
        2
176
     1
 90
        2
176
     1
 90
        0
176
     1
 90
        0
176
     1
 40
0.6
176
     1
 40
30.0
176
     1
 62
     7
420
 16777215
176
     1
 90
        1
176
     1
 90
        4
176
     1
 62
     7
176
     1
 62
   257
176
     1
 90
        1
176
     1
 90
        1
176
     1
 40
1.0
176
     1
 90
       12
176
     1
 62
     7
176
     1
 40
1.0
176
     1
 90
        1
176
     1
 90
        6
176
     1
 90
        2
176
     1
 62
     7
176
     1
 90
        5
176
     1
 90
        0
176
     1
 90
        0
176
     1
290
     0
176
     1
 90
        1
176
     1
 40
0.0
176
     1
 90
        0
176
     1
290
     0
176
     1
290
     1
176
     1
290
     1
176
     1
290
     0
176
     1
290
     0
176
     1
290
     0
176
     1
290
     0
176
     1
290
     0
176
     1
290
     0
176
     1
 90
       50
176
     1
 40
0.0
176
     1
 40
1.0
176
     1
 90
        0
176
     1
 62
    18
420
        0
176
     1
 90
       50
176
     1
 90
        3
176
     1
 62
     5
420
      255
176
     1
290
     0
176
     1
 90
       50
176
     1
 90
       50
176
     1
 90
       50
176
     1
290
     0
176
     1
 90
       50
176
     1
 62
   256
176
     0
 40
1.0
176
     0
 90
        2
176
     1
  1
strokes_ogs.tif
176
     1
290
     0
176
     1
 40
1.0
176
     1
 40
1.0
176
     1
  0
VISUALSTYLE
  5
30
102
{ACAD_REACTORS
330
2A
102
}
330
2A
100
AcDbVisualStyle
  2
Wireframe
 70
     5
177
     3
291
     0
 70
    58
 90
        0
176
     1
 90
        2
176
     1
 90
        0
176
     1
 90
        0
176
     1
 40
0.6
176
     1
 40
30.0
176
     1
 62
     7
420
 16777215
176
     1
 90
        1
176
     1
 90
        4
176
     1
 62
     7
176
     1
 62
   257
176
     1
 90
        1
176
     1
 90
        1
176
     1
 40
1.0
176
     1
 90
        0
176
     1
 62
   257
176
     1
 40
1.0
176
     1
 90
        1
176
     1
 90
        6
176
     1
 90
        2
176
     1
 62
     7
176
     1
 90
        3
176
     1
 90
        0
176
     1
 90
        0
176
     1
290
     0
176
     1
 90
        1
176
     1
 40
0.0
176
     1
 90
        0
176
     1
290
     0
176
     1
290
     1
176
     1
290
     1
176
     1
290
     0
176
     1
290
     0
176
     1
290
     0
176
     1
290
     0
176
     1
290
     0
176
     1
290
     0
176
     1
 90
       50
176
     1
 40
0.0
176
     1
 40
1.0
176
     1
 90
        0
176
     1
 62
    18
420
        0
176
     1
 90
       50
176
     1
 90
        3
176
     1
 62
     5
420
      255
176
     1
290
     0
176
     1
 90
       50
176
     1
 90
       50
176
     1
 90
       50
176
     1
290
     0
176
     1
 90
       50
176
     1
 62
   256
176
     0
 40
1.0
176
     0
 90
        2
176
     1
  1
strokes_ogs.tif
176
     1
290
     0
176
     1
 40
1.0
176
     1
 40
1.0
176
     1
  0
VISUALSTYLE
  5
40
102
{ACAD_REACTORS
330
2A
102
}
330
2A
100
AcDbVisualStyle
  2
X-Ray
 70
    25
177
     3
291
     0
 70
    58
 90
        2
176
     1
 90
        2
176
     1
 90
        1
176
     1
 90
        1
176
     1
 40
0.5
176
     1
 40
30.0
176
     1
 62
     7
420
 16777215
176
     1
 90
        1
176
     1
 90
        0
176
     1
 62
     7
176
     1
 62
   257
176
     1
 90
        1
176
     1
 90
        1
176
     1
 40
1.0
176
     1
 90
        8
176
     1
 62
     7
176
     1
 40
1.0
176
     1
 90
        1
176
     1
 90
        6
176
     1
 90
        2
176
     1
 62
     7
176
     1
 90
        3
176
     1
 90
        0
176
     1
 90
        0
176
     1
290
     0
176
     1
 90
       13
176
     1
 40
0.0
176
     1
 90
        0
176
     1
290
     0
176
     1
290
     1
176
     1
290
     1
176
     1
290
     0
176
     1
290
     0
176
     1
290
     0
176
     1
290
     0
176
     1
290
     0
176
     1
290
     0
176
     1
 90
       50
176
     1
 40
0.0
176
     1
 40
1.0
176
     1
 90
        0
176
     1
 62
    18
420
        0
176
     1
 90
       50
176
     1
 90
        3
176
     1
 62
     5
420
      255
176
     1
290
     0
176
     1
 90
       50
176
     1
 90
       50
176
     1
 90
       50
176
     1
290
     0
176
     1
 90
       50
176
     1
 62
   256
176
     0
 40
1.0
176
     0
 90
        2
176
     1
  1
strokes_ogs.tif
176
     1
290
     0
176
     1
 40
1.0
176
     1
 40
1.0
176
     1
  0
DICTIONARYVAR
  5
489
102
{ACAD_REACTORS
330
488
102
}
330
488
100
DictionaryVariables
280
     0
  1
1:1
  0
DICTIONARYVAR
  5
491
102
{ACAD_REACTORS
330
488
102
}
330
488
100
DictionaryVariables
280
     0
  1
3.500000
  0
DICTIONARYVAR
  5
492
102
{ACAD_REACTORS
330
488
102
}
330
488
100
DictionaryVariables
280
     0
  1
acadiso.lin
  0
DICTIONARYVAR
  5
48E
102
{ACAD_REACTORS
330
488
102
}
330
488
100
DictionaryVariables
280
     0
  1
Standard
  0
DICTIONARYVAR
  5
48D
102
{ACAD_REACTORS
330
488
102
}
330
488
100
DictionaryVariables
280
     0
  1
Standard
  0
DICTIONARY
  5
48A
330
5A
100
AcDbDictionary
280
     1
281
     1
  3
ACAD_ROUNDTRIP_2008_TABLESTYLE_CELLSTYLEMAP
360
48B
  0
CELLSTYLEMAP
  5
48B
102
{ACAD_REACTORS
330
48A
102
}
330
48A
100
AcDbCellStyleMap
 90
        3
300
CELLSTYLE
  1
TABLEFORMAT_BEGIN
 90
        5
170
     1
 91
        0
 92
    32768
 62
   257
 93
        1
300
CONTENTFORMAT
  1
CONTENTFORMAT_BEGIN
 90
        0
 91
        0
 92
        4
 93
        0
300

 40
0.0
140
1.0
 94
        5
 62
     0
340
11
144
6.0
309
CONTENTFORMAT_END
171
     1
301
MARGIN
  1
CELLMARGIN_BEGIN
 40
1.5
 40
1.5
 40
1.5
 40
1.5
 40
1.5
 40
1.5
309
CELLMARGIN_END
 94
        6
 95
        1
302
GRIDFORMAT
  1
GRIDFORMAT_BEGIN
 90
        0
 91
        1
 62
     0
 92
       -2
340
14
 93
        0
 40
0.045
309
GRIDFORMAT_END
 95
        2
302
GRIDFORMAT
  1
GRIDFORMAT_BEGIN
 90
        0
 91
        1
 62
     0
 92
       -2
340
14
 93
        0
 40
0.045
309
GRIDFORMAT_END
 95
        4
302
GRIDFORMAT
  1
GRIDFORMAT_BEGIN
 90
        0
 91
        1
 62
     0
 92
       -2
340
14
 93
        0
 40
0.045
309
GRIDFORMAT_END
 95
        8
302
GRIDFORMAT
  1
GRIDFORMAT_BEGIN
 90
        0
 91
        1
 62
     0
 92
       -2
340
14
 93
        0
 40
0.045
309
GRIDFORMAT_END
 95
       16
302
GRIDFORMAT
  1
GRIDFORMAT_BEGIN
 90
        0
 91
        1
 62
     0
 92
       -2
340
14
 93
        0
 40
0.045
309
GRIDFORMAT_END
 95
       32
302
GRIDFORMAT
  1
GRIDFORMAT_BEGIN
 90
        0
 91
        1
 62
     0
 92
       -2
340
14
 93
        0
 40
0.045
309
GRIDFORMAT_END
309
TABLEFORMAT_END
  1
CELLSTYLE_BEGIN
 90
        1
 91
        1
300
_TITLE
309
CELLSTYLE_END
300
CELLSTYLE
  1
TABLEFORMAT_BEGIN
 90
        5
170
     1
 91
        0
 92
        0
 62
   257
 93
        1
300
CONTENTFORMAT
  1
CONTENTFORMAT_BEGIN
 90
        0
 91
        0
 92
        4
 93
        0
300

 40
0.0
140
1.0
 94
        5
 62
     0
340
11
144
4.5
309
CONTENTFORMAT_END
171
     1
301
MARGIN
  1
CELLMARGIN_BEGIN
 40
1.5
 40
1.5
 40
1.5
 40
1.5
 40
1.5
 40
1.5
309
CELLMARGIN_END
 94
        6
 95
        1
302
GRIDFORMAT
  1
GRIDFORMAT_BEGIN
 90
        0
 91
        1
 62
     0
 92
       -2
340
14
 93
        0
 40
0.045
309
GRIDFORMAT_END
 95
        2
302
GRIDFORMAT
  1
GRIDFORMAT_BEGIN
 90
        0
 91
        1
 62
     0
 92
       -2
340
14
 93
        0
 40
0.045
309
GRIDFORMAT_END
 95
        4
302
GRIDFORMAT
  1
GRIDFORMAT_BEGIN
 90
        0
 91
        1
 62
     0
 92
       -2
340
14
 93
        0
 40
0.045
309
GRIDFORMAT_END
 95
        8
302
GRIDFORMAT
  1
GRIDFORMAT_BEGIN
 90
        0
 91
        1
 62
     0
 92
       -2
340
14
 93
        0
 40
0.045
309
GRIDFORMAT_END
 95
       16
302
GRIDFORMAT
  1
GRIDFORMAT_BEGIN
 90
        0
 91
        1
 62
     0
 92
       -2
340
14
 93
        0
 40
0.045
309
GRIDFORMAT_END
 95
       32
302
GRIDFORMAT
  1
GRIDFORMAT_BEGIN
 90
        0
 91
        1
 62
     0
 92
       -2
340
14
 93
        0
 40
0.045
309
GRIDFORMAT_END
309
TABLEFORMAT_END
  1
CELLSTYLE_BEGIN
 90
        2
 91
        1
300
_HEADER
309
CELLSTYLE_END
300
CELLSTYLE
  1
TABLEFORMAT_BEGIN
 90
        5
170
     1
 91
        0
 92
        0
 62
   257
 93
        1
300
CONTENTFORMAT
  1
CONTENTFORMAT_BEGIN
 90
        0
 91
        0
 92
        4
 93
        0
300

 40
0.0
140
1.0
 94
        2
 62
     0
340
11
144
4.5
309
CONTENTFORMAT_END
171
     1
301
MARGIN
  1
CELLMARGIN_BEGIN
 40
1.5
 40
1.5
 40
1.5
 40
1.5
 40
1.5
 40
1.5
309
CELLMARGIN_END
 94
        6
 95
        1
302
GRIDFORMAT
  1
GRIDFORMAT_BEGIN
 90
        0
 91
        1
 62
     0
 92
       -2
340
14
 93
        0
 40
0.045
309
GRIDFORMAT_END
 95
        2
302
GRIDFORMAT
  1
GRIDFORMAT_BEGIN
 90
        0
 91
        1
 62
     0
 92
       -2
340
14
 93
        0
 40
0.045
309
GRIDFORMAT_END
 95
        4
302
GRIDFORMAT
  1
GRIDFORMAT_BEGIN
 90
        0
 91
        1
 62
     0
 92
       -2
340
14
 93
        0
 40
0.045
309
GRIDFORMAT_END
 95
        8
302
GRIDFORMAT
  1
GRIDFORMAT_BEGIN
 90
        0
 91
        1
 62
     0
 92
       -2
340
14
 93
        0
 40
0.045
309
GRIDFORMAT_END
 95
       16
302
GRIDFORMAT
  1
GRIDFORMAT_BEGIN
 90
        0
 91
        1
 62
     0
 92
       -2
340
14
 93
        0
 40
0.045
309
GRIDFORMAT_END
 95
       32
302
GRIDFORMAT
  1
GRIDFORMAT_BEGIN
 90
        0
 91
        1
 62
     0
 92
       -2
340
14
 93
        0
 40
0.045
309
GRIDFORMAT_END
309
TABLEFORMAT_END
  1
CELLSTYLE_BEGIN
 90
        3
 91
        2
300
_DATA
309
CELLSTYLE_END
  0
ENDSEC
  0
EOF
